0 0 0 0 0 1 0 0 0 79181 0 0 
0 1 1 0 0 2 0 0 0 53269 0 1 
0 2 3 0 0 3 0 0 0 53271 0 3 
0 3 7 0 0 2 0 0 0 53274 0 6 
0 4 11 0 0 3 0 0 0 53276 0 8 
0 5 12 0 0 2 0 0 0 53279 0 11 
0 6 13 0 0 3 0 0 0 53281 0 13 
0 7 15 0 0 4 0 0 0 53284 0 16 
0 8 30 0 0 2 0 0 0 53288 0 20 
0 9 31 0 0 3 0 0 0 53290 0 22 
0 10 63 0 0 2 0 0 0 53293 0 25 
0 11 75 0 0 3 0 0 0 53295 0 27 
0 12 76 0 0 4 0 0 0 53265 0 30 
0 13 77 0 0 5 0 0 0 53302 0 34 
0 14 79 0 0 4 0 0 0 53307 0 39 
0 15 86 0 0 4 0 0 0 53311 0 43 
0 16 87 0 0 4 0 0 0 53315 0 47 
0 17 94 0 0 5 0 0 0 53319 0 51 
0 18 95 0 0 5 0 0 0 53324 0 56 
0 19 116 0 0 3 0 0 0 53329 0 61 
0 20 117 0 0 5 0 0 0 53332 0 64 
0 21 119 0 0 5 0 0 0 53337 0 69 
0 22 127 0 0 4 0 0 0 53342 0 74 
0 23 222 0 0 3 0 0 0 53346 0 78 
0 24 223 0 0 3 0 0 0 53212 0 81 
0 25 235 0 0 3 0 0 0 53176 0 84 
0 26 236 0 0 2 0 0 0 53179 0 87 
0 27 237 0 0 4 0 0 0 53181 0 89 
0 28 239 0 0 4 0 0 0 53185 0 93 
0 29 254 0 0 4 0 0 0 53189 0 97 
0 30 255 0 0 4 0 0 0 53193 0 101 
0 31 507 0 0 3 0 0 0 53197 0 105 
0 32 511 0 0 3 0 0 0 53200 0 108 
0 33 1023 0 0 2 0 0 0 53203 0 111 
0 34 1099 0 0 3 0 0 0 53205 0 113 
0 35 1100 0 0 4 0 0 0 53208 0 116 
0 36 1101 0 0 5 0 0 0 53171 0 120 
0 37 1103 0 0 4 0 0 0 53215 0 125 
0 38 1108 0 0 3 0 0 0 53219 0 129 
0 39 1109 0 0 3 0 0 0 53222 0 132 
0 40 1110 0 0 6 0 0 0 53225 0 135 
0 41 1111 0 0 6 0 0 0 53231 0 141 
0 42 1118 0 0 5 0 0 0 53237 0 147 
0 43 1119 0 0 5 0 0 0 53242 0 152 
0 44 1140 0 0 4 0 0 0 53247 0 157 
0 45 1141 0 0 5 0 0 0 53251 0 161 
0 46 1143 0 0 5 0 0 0 53256 0 166 
0 47 1151 0 0 4 0 0 0 53261 0 171 
0 48 1182 0 0 4 0 0 0 53298 0 175 
0 49 1183 0 0 4 0 0 0 53472 0 179 
0 50 1184 0 0 2 0 0 0 53476 0 183 
0 51 1185 0 0 4 0 0 0 53478 0 185 
0 52 1187 0 0 5 0 0 0 53482 0 189 
0 53 1191 0 0 3 0 0 0 53487 0 194 
0 54 1194 0 0 5 0 0 0 53490 0 197 
0 55 1195 0 0 6 0 0 0 53495 0 202 
0 56 1196 0 0 4 0 0 0 53501 0 208 
0 57 1197 0 0 4 0 0 0 53505 0 212 
0 58 1198 0 0 7 0 0 0 53509 0 216 
0 59 1199 0 0 7 0 0 0 53516 0 223 
0 60 1214 0 0 4 0 0 0 53468 0 230 
0 61 1215 0 0 4 0 0 0 53528 0 234 
0 62 1246 0 0 5 0 0 0 53532 0 238 
0 63 1247 0 0 5 0 0 0 53537 0 243 
0 64 1259 0 0 4 0 0 0 53542 0 248 
0 65 1260 0 0 5 0 0 0 53546 0 252 
0 66 1261 0 0 7 0 0 0 53551 0 257 
0 67 1263 0 0 5 0 0 0 53558 0 264 
0 68 1268 0 0 6 0 0 0 53563 0 269 
0 69 1269 0 0 6 0 0 0 53569 0 275 
0 70 1270 0 0 7 0 0 0 53575 0 281 
0 71 1271 0 0 7 0 0 0 53582 0 288 
0 72 1278 0 0 6 0 0 0 53414 0 295 
0 73 1279 0 0 6 0 0 0 53355 0 301 
0 74 1456 0 0 3 0 0 0 53361 0 307 
0 75 1457 0 0 6 0 0 0 53364 0 310 
0 76 1459 0 0 5 0 0 0 53370 0 316 
0 77 1460 0 0 4 0 0 0 53375 0 321 
0 78 1461 0 0 6 0 0 0 53379 0 325 
0 79 1463 0 0 5 0 0 0 53385 0 331 
0 80 1465 0 0 5 0 0 0 53390 0 336 
0 81 1467 0 0 6 0 0 0 53395 0 341 
0 82 1468 0 0 6 0 0 0 53401 0 347 
0 83 1469 0 0 7 0 0 0 53407 0 353 
0 84 1471 0 0 6 0 0 0 53349 0 360 
0 85 1531 0 0 4 0 0 0 53420 0 366 
0 86 1532 0 0 5 0 0 0 53424 0 370 
0 87 1533 0 0 6 0 0 0 53429 0 375 
0 88 1535 0 0 5 0 0 0 53435 0 381 
0 89 1972 0 0 3 0 0 0 53440 0 386 
0 90 1973 0 0 5 0 0 0 53443 0 389 
0 91 1975 0 0 5 0 0 0 53448 0 394 
0 92 1983 0 0 5 0 0 0 53453 0 399 
0 93 2047 0 0 4 0 0 0 53458 0 404 
0 94 3294 0 0 3 0 0 0 53462 0 408 
0 95 3295 0 0 3 0 0 0 53465 0 411 
0 96 3306 0 0 5 0 0 0 53111 0 414 
0 97 3307 0 0 5 0 0 0 52820 0 419 
0 98 3308 0 0 4 0 0 0 52825 0 424 
0 99 3309 0 0 4 0 0 0 52829 0 428 
0 100 3310 0 0 6 0 0 0 52833 0 432 
0 101 3311 0 0 6 0 0 0 52839 0 438 
0 102 3326 0 0 4 0 0 0 52845 0 444 
0 103 3327 0 0 4 0 0 0 52849 0 448 
0 104 3440 0 0 2 0 0 0 52853 0 452 
0 105 3441 0 0 5 0 0 0 52855 0 454 
0 106 3443 0 0 5 0 0 0 52860 0 459 
0 107 3447 0 0 3 0 0 0 52865 0 464 
0 108 3448 0 0 3 0 0 0 52817 0 467 
0 109 3449 0 0 7 0 0 0 52872 0 470 
0 110 3451 0 0 5 0 0 0 52879 0 477 
0 111 3452 0 0 5 0 0 0 52884 0 482 
0 112 3453 0 0 7 0 0 0 52889 0 487 
0 113 3455 0 0 5 0 0 0 52896 0 494 
0 114 3576 0 0 3 0 0 0 52901 0 499 
0 115 3577 0 0 5 0 0 0 52904 0 502 
0 116 3578 0 0 6 0 0 0 52909 0 507 
0 117 3579 0 0 6 0 0 0 52915 0 513 
0 118 3582 0 0 5 0 0 0 52921 0 519 
0 119 3583 0 0 5 0 0 0 52926 0 524 
0 120 3873 0 0 2 0 0 0 52777 0 529 
0 121 3875 0 0 3 0 0 0 52725 0 531 
0 122 3879 0 0 5 0 0 0 52728 0 534 
0 123 3885 0 0 3 0 0 0 52733 0 539 
0 124 3887 0 0 4 0 0 0 52736 0 542 
0 125 3903 0 0 3 0 0 0 52740 0 546 
0 126 3947 0 0 4 0 0 0 52743 0 549 
0 127 3948 0 0 4 0 0 0 52747 0 553 
0 128 3949 0 0 6 0 0 0 52751 0 557 
0 129 3950 0 0 4 0 0 0 52757 0 563 
0 130 3951 0 0 6 0 0 0 52761 0 567 
0 131 3958 0 0 5 0 0 0 52767 0 573 
0 132 3959 0 0 5 0 0 0 52772 0 578 
0 133 3966 0 0 6 0 0 0 52719 0 583 
0 134 3967 0 0 6 0 0 0 52779 0 589 
0 135 4094 0 0 4 0 0 0 52785 0 595 
0 136 4095 0 0 4 0 0 0 52789 0 599 
0 137 7672 0 0 2 0 0 0 52793 0 603 
0 138 7673 0 0 4 0 0 0 52795 0 605 
0 139 7675 0 0 4 0 0 0 52799 0 609 
0 140 7679 0 0 3 0 0 0 52803 0 613 
0 141 7902 0 0 3 0 0 0 52806 0 616 
0 142 7903 0 0 3 0 0 0 52809 0 619 
0 143 7915 0 0 3 0 0 0 52812 0 622 
0 144 7916 0 0 2 0 0 0 52815 0 625 
0 145 7917 0 0 4 0 0 0 52868 0 627 
0 146 7919 0 0 5 0 0 0 53073 0 631 
0 147 7934 0 0 4 0 0 0 53078 0 636 
0 148 7935 0 0 4 0 0 0 53082 0 640 
0 149 8185 0 0 3 0 0 0 53086 0 644 
0 150 8187 0 0 5 0 0 0 53089 0 647 
0 151 8191 0 0 4 0 0 0 53094 0 652 
0 152 16350 0 0 2 0 0 0 53098 0 656 
0 153 16351 0 0 3 0 0 0 53100 0 658 
0 154 16383 0 0 3 0 0 0 53103 0 661 
0 155 32767 0 0 2 0 0 0 53106 0 664 
0 156 33867 0 0 3 0 0 0 53108 0 666 
0 157 33868 0 0 4 0 0 0 53069 0 669 
0 158 33869 0 0 5 0 0 0 53116 0 673 
0 159 33871 0 0 4 0 0 0 53121 0 678 
0 160 33876 0 0 5 0 0 0 53125 0 682 
0 161 33877 0 0 5 0 0 0 53130 0 687 
0 162 33878 0 0 6 0 0 0 53135 0 692 
0 163 33879 0 0 6 0 0 0 53141 0 698 
0 164 33886 0 0 5 0 0 0 53147 0 704 
0 165 33887 0 0 5 0 0 0 53152 0 709 
0 166 33908 0 0 4 0 0 0 53157 0 714 
0 167 33909 0 0 5 0 0 0 53161 0 718 
0 168 33911 0 0 5 0 0 0 53166 0 723 
0 169 33919 0 0 4 0 0 0 52994 0 728 
0 170 33942 0 0 4 0 0 0 52937 0 732 
0 171 33943 0 0 4 0 0 0 52941 0 736 
0 172 33950 0 0 6 0 0 0 52945 0 740 
0 173 33951 0 0 6 0 0 0 52951 0 746 
0 174 33952 0 0 4 0 0 0 52957 0 752 
0 175 33953 0 0 6 0 0 0 52961 0 756 
0 176 33955 0 0 5 0 0 0 52967 0 762 
0 177 33956 0 0 5 0 0 0 52972 0 767 
0 178 33957 0 0 7 0 0 0 52977 0 772 
0 179 33959 0 0 5 0 0 0 52984 0 779 
0 180 33962 0 0 5 0 0 0 52989 0 784 
0 181 33963 0 0 6 0 0 0 52931 0 789 
0 182 33964 0 0 7 0 0 0 52998 0 795 
0 183 33965 0 0 7 0 0 0 53005 0 802 
0 184 33966 0 0 7 0 0 0 53012 0 809 
0 185 33967 0 0 7 0 0 0 53019 0 816 
0 186 33972 0 0 6 0 0 0 53026 0 823 
0 187 33973 0 0 6 0 0 0 53032 0 829 
0 188 33974 0 0 7 0 0 0 53038 0 835 
0 189 33975 0 0 7 0 0 0 53045 0 842 
0 190 33982 0 0 6 0 0 0 53052 0 849 
0 191 33983 0 0 6 0 0 0 53058 0 855 
0 192 34014 0 0 5 0 0 0 53064 0 861 
0 193 34015 0 0 5 0 0 0 53523 0 866 
0 194 34027 0 0 4 0 0 0 54386 0 871 
0 195 34028 0 0 5 0 0 0 54390 0 875 
0 196 34029 0 0 7 0 0 0 54395 0 880 
0 197 34031 0 0 5 0 0 0 54402 0 887 
0 198 34036 0 0 6 0 0 0 54407 0 892 
0 199 34037 0 0 6 0 0 0 54413 0 898 
0 200 34038 0 0 7 0 0 0 54419 0 904 
0 201 34039 0 0 7 0 0 0 54426 0 911 
0 202 34046 0 0 6 0 0 0 54433 0 918 
0 203 34047 0 0 6 0 0 0 54439 0 924 
0 204 34224 0 0 4 0 0 0 54445 0 930 
0 205 34225 0 0 6 0 0 0 54380 0 934 
0 206 34227 0 0 5 0 0 0 54455 0 940 
0 207 34228 0 0 5 0 0 0 54460 0 945 
0 208 34229 0 0 6 0 0 0 54465 0 950 
0 209 34231 0 0 5 0 0 0 54471 0 956 
0 210 34233 0 0 5 0 0 0 54476 0 961 
0 211 34235 0 0 6 0 0 0 54481 0 966 
0 212 34236 0 0 6 0 0 0 54487 0 972 
0 213 34237 0 0 7 0 0 0 54493 0 978 
0 214 34239 0 0 6 0 0 0 54500 0 985 
0 215 34299 0 0 4 0 0 0 54506 0 991 
0 216 34300 0 0 5 0 0 0 54510 0 995 
0 217 34301 0 0 6 0 0 0 54308 0 1000 
0 218 34303 0 0 5 0 0 0 54254 0 1006 
0 219 34740 0 0 4 0 0 0 54259 0 1011 
0 220 34741 0 0 5 0 0 0 54263 0 1015 
0 221 34743 0 0 5 0 0 0 54268 0 1020 
0 222 34751 0 0 5 0 0 0 54273 0 1025 
0 223 34815 0 0 4 0 0 0 54278 0 1030 
0 224 35038 0 0 4 0 0 0 54282 0 1034 
0 225 35039 0 0 4 0 0 0 54286 0 1038 
0 226 35040 0 0 5 0 0 0 54290 0 1042 
0 227 35041 0 0 5 0 0 0 54295 0 1047 
0 228 35042 0 0 8 0 0 0 54300 0 1052 
0 229 35043 0 0 8 0 0 0 54246 0 1060 
0 230 35046 0 0 6 0 0 0 54314 0 1068 
0 231 35047 0 0 6 0 0 0 54320 0 1074 
0 232 35050 0 0 7 0 0 0 54326 0 1080 
0 233 35051 0 0 7 0 0 0 54333 0 1087 
0 234 35052 0 0 5 0 0 0 54340 0 1094 
0 235 35053 0 0 5 0 0 0 54345 0 1099 
0 236 35054 0 0 8 0 0 0 54350 0 1104 
0 237 35055 0 0 8 0 0 0 54358 0 1112 
0 238 35070 0 0 5 0 0 0 54366 0 1120 
0 239 35071 0 0 5 0 0 0 54371 0 1125 
0 240 35128 0 0 4 0 0 0 54376 0 1130 
0 241 35129 0 0 6 0 0 0 54449 0 1134 
0 242 35131 0 0 6 0 0 0 54659 0 1140 
0 243 35135 0 0 4 0 0 0 54665 0 1146 
0 244 35176 0 0 6 0 0 0 54669 0 1150 
0 245 35177 0 0 7 0 0 0 54675 0 1156 
0 246 35178 0 0 6 0 0 0 54682 0 1163 
0 247 35179 0 0 7 0 0 0 54688 0 1169 
0 248 35180 0 0 7 0 0 0 54695 0 1176 
0 249 35181 0 0 7 0 0 0 54702 0 1183 
0 250 35182 0 0 7 0 0 0 54709 0 1190 
0 251 35183 0 0 7 0 0 0 54716 0 1197 
0 252 35184 0 0 5 0 0 0 54723 0 1204 
0 253 35185 0 0 5 0 0 0 54654 0 1209 
0 254 35186 0 0 8 0 0 0 54733 0 1214 
0 255 35187 0 0 8 0 0 0 54741 0 1222 
0 256 35190 0 0 5 0 0 0 54749 0 1230 
0 257 35191 0 0 5 0 0 0 54754 0 1235 
0 258 35192 0 0 8 0 0 0 54759 0 1240 
0 259 35193 0 0 8 0 0 0 54767 0 1248 
0 260 35194 0 0 8 0 0 0 54775 0 1256 
0 261 35195 0 0 8 0 0 0 54783 0 1264 
0 262 35196 0 0 8 0 0 0 54791 0 1272 
0 263 35197 0 0 8 0 0 0 54799 0 1280 
0 264 35198 0 0 8 0 0 0 54807 0 1288 
0 265 35199 0 0 8 0 0 0 54579 0 1296 
0 266 35320 0 0 5 0 0 0 54520 0 1304 
0 267 35321 0 0 5 0 0 0 54525 0 1309 
0 268 35322 0 0 7 0 0 0 54530 0 1314 
0 269 35323 0 0 7 0 0 0 54537 0 1321 
0 270 35326 0 0 5 0 0 0 54544 0 1328 
0 271 35327 0 0 5 0 0 0 54549 0 1333 
0 272 35616 0 0 3 0 0 0 54554 0 1338 
0 273 35617 0 0 4 0 0 0 54557 0 1341 
0 274 35618 0 0 6 0 0 0 54561 0 1345 
0 275 35619 0 0 7 0 0 0 54567 0 1351 
0 276 35622 0 0 5 0 0 0 54574 0 1358 
0 277 35623 0 0 5 0 0 0 54515 0 1363 
0 278 35626 0 0 6 0 0 0 54587 0 1368 
0 279 35627 0 0 7 0 0 0 54593 0 1374 
0 280 35628 0 0 5 0 0 0 54600 0 1381 
0 281 35629 0 0 5 0 0 0 54605 0 1386 
0 282 35630 0 0 8 0 0 0 54610 0 1391 
0 283 35631 0 0 8 0 0 0 54618 0 1399 
0 284 35646 0 0 5 0 0 0 54626 0 1407 
0 285 35647 0 0 5 0 0 0 54631 0 1412 
0 286 35690 0 0 5 0 0 0 54636 0 1417 
0 287 35691 0 0 6 0 0 0 54641 0 1422 
0 288 35692 0 0 7 0 0 0 54647 0 1428 
0 289 35693 0 0 7 0 0 0 54158 0 1435 
0 290 35694 0 0 7 0 0 0 53773 0 1442 
0 291 35695 0 0 7 0 0 0 53780 0 1449 
0 292 35702 0 0 5 0 0 0 53787 0 1456 
0 293 35703 0 0 5 0 0 0 53792 0 1461 
0 294 35710 0 0 7 0 0 0 53797 0 1466 
0 295 35711 0 0 7 0 0 0 53804 0 1473 
0 296 35838 0 0 4 0 0 0 53811 0 1480 
0 297 35839 0 0 4 0 0 0 53815 0 1484 
0 298 36062 0 0 5 0 0 0 53819 0 1488 
0 299 36063 0 0 5 0 0 0 53824 0 1493 
0 300 36074 0 0 6 0 0 0 53829 0 1498 
0 301 36075 0 0 6 0 0 0 53767 0 1504 
0 302 36076 0 0 7 0 0 0 53843 0 1510 
0 303 36077 0 0 7 0 0 0 53850 0 1517 
0 304 36078 0 0 7 0 0 0 53857 0 1524 
0 305 36079 0 0 7 0 0 0 53864 0 1531 
0 306 36084 0 0 6 0 0 0 53871 0 1538 
0 307 36085 0 0 6 0 0 0 53877 0 1544 
0 308 36086 0 0 7 0 0 0 53883 0 1550 
0 309 36087 0 0 7 0 0 0 53890 0 1557 
0 310 36094 0 0 6 0 0 0 53897 0 1564 
0 311 36095 0 0 6 0 0 0 53903 0 1570 
0 312 36208 0 0 6 0 0 0 53909 0 1576 
0 313 36209 0 0 8 0 0 0 53676 0 1582 
0 314 36211 0 0 6 0 0 0 53596 0 1590 
0 315 36212 0 0 6 0 0 0 53602 0 1596 
0 316 36213 0 0 8 0 0 0 53608 0 1602 
0 317 36215 0 0 6 0 0 0 53616 0 1610 
0 318 36216 0 0 6 0 0 0 53622 0 1616 
0 319 36217 0 0 8 0 0 0 53628 0 1622 
0 320 36219 0 0 6 0 0 0 53636 0 1630 
0 321 36220 0 0 6 0 0 0 53642 0 1636 
0 322 36221 0 0 8 0 0 0 53648 0 1642 
0 323 36223 0 0 6 0 0 0 53656 0 1650 
0 324 36272 0 0 7 0 0 0 53662 0 1656 
0 325 36273 0 0 7 0 0 0 53669 0 1663 
0 326 36274 0 0 7 0 0 0 53589 0 1670 
0 327 36275 0 0 7 0 0 0 53684 0 1677 
0 328 36276 0 0 7 0 0 0 53691 0 1684 
0 329 36277 0 0 7 0 0 0 53698 0 1691 
0 330 36278 0 0 7 0 0 0 53705 0 1698 
0 331 36279 0 0 7 0 0 0 53712 0 1705 
0 332 36280 0 0 8 0 0 0 53719 0 1712 
0 333 36281 0 0 8 0 0 0 53727 0 1720 
0 334 36282 0 0 8 0 0 0 53735 0 1728 
0 335 36283 0 0 8 0 0 0 53743 0 1736 
0 336 36284 0 0 8 0 0 0 53751 0 1744 
0 337 36285 0 0 8 0 0 0 53759 0 1752 
0 338 36286 0 0 8 0 0 0 53835 0 1760 
0 339 36287 0 0 8 0 0 0 54083 0 1768 
0 340 36344 0 0 7 0 0 0 54091 0 1776 
0 341 36345 0 0 7 0 0 0 54098 0 1783 
0 342 36346 0 0 7 0 0 0 54105 0 1790 
0 343 36347 0 0 7 0 0 0 54112 0 1797 
0 344 36348 0 0 7 0 0 0 54119 0 1804 
0 345 36349 0 0 7 0 0 0 54126 0 1811 
0 346 36350 0 0 7 0 0 0 54133 0 1818 
0 347 36351 0 0 7 0 0 0 54140 0 1825 
0 348 36641 0 0 5 0 0 0 54147 0 1832 
0 349 36643 0 0 6 0 0 0 54152 0 1837 
0 350 36644 0 0 7 0 0 0 54076 0 1843 
0 351 36645 0 0 7 0 0 0 54165 0 1850 
0 352 36646 0 0 7 0 0 0 54172 0 1857 
0 353 36647 0 0 7 0 0 0 54179 0 1864 
0 354 36651 0 0 6 0 0 0 54186 0 1871 
0 355 36652 0 0 8 0 0 0 54192 0 1877 
0 356 36653 0 0 8 0 0 0 54200 0 1885 
0 357 36654 0 0 8 0 0 0 54208 0 1893 
0 358 36655 0 0 8 0 0 0 54216 0 1901 
0 359 36660 0 0 7 0 0 0 54224 0 1909 
0 360 36661 0 0 7 0 0 0 54231 0 1916 
0 361 36662 0 0 8 0 0 0 54238 0 1923 
0 362 36663 0 0 8 0 0 0 53999 0 1931 
0 363 36670 0 0 7 0 0 0 53922 0 1939 
0 364 36671 0 0 7 0 0 0 53929 0 1946 
0 365 36715 0 0 5 0 0 0 53936 0 1953 
0 366 36716 0 0 7 0 0 0 53941 0 1958 
0 367 36717 0 0 7 0 0 0 53948 0 1965 
0 368 36718 0 0 7 0 0 0 53955 0 1972 
0 369 36719 0 0 7 0 0 0 53962 0 1979 
0 370 36724 0 0 7 0 0 0 53969 0 1986 
0 371 36725 0 0 7 0 0 0 53976 0 1993 
0 372 36726 0 0 8 0 0 0 53983 0 2000 
0 373 36727 0 0 8 0 0 0 53991 0 2008 
0 374 36734 0 0 7 0 0 0 53915 0 2016 
0 375 36735 0 0 7 0 0 0 54007 0 2023 
0 376 36788 0 0 6 0 0 0 54014 0 2030 
0 377 36789 0 0 6 0 0 0 54020 0 2036 
0 378 36790 0 0 7 0 0 0 54026 0 2042 
0 379 36791 0 0 7 0 0 0 54033 0 2049 
0 380 36798 0 0 7 0 0 0 54040 0 2056 
0 381 36799 0 0 7 0 0 0 54047 0 2063 
0 382 36862 0 0 6 0 0 0 54054 0 2070 
0 383 36863 0 0 6 0 0 0 54060 0 2076 
0 384 39344 0 0 4 0 0 0 54066 0 2082 
0 385 39345 0 0 6 0 0 0 54070 0 2086 
0 386 39347 0 0 5 0 0 0 52647 0 2092 
0 387 39348 0 0 4 0 0 0 51065 0 2097 
0 388 39349 0 0 6 0 0 0 51069 0 2101 
0 389 39351 0 0 5 0 0 0 51075 0 2107 
0 390 39352 0 0 6 0 0 0 51080 0 2112 
0 391 39353 0 0 7 0 0 0 51086 0 2118 
0 392 39355 0 0 6 0 0 0 51093 0 2125 
0 393 39356 0 0 6 0 0 0 51099 0 2131 
0 394 39357 0 0 7 0 0 0 51105 0 2137 
0 395 39359 0 0 6 0 0 0 51112 0 2144 
0 396 39416 0 0 6 0 0 0 51118 0 2150 
0 397 39417 0 0 7 0 0 0 51124 0 2156 
0 398 39419 0 0 6 0 0 0 51059 0 2163 
0 399 39420 0 0 6 0 0 0 51137 0 2169 
0 400 39421 0 0 7 0 0 0 51143 0 2175 
0 401 39423 0 0 6 0 0 0 51150 0 2182 
0 402 39572 0 0 4 0 0 0 51156 0 2188 
0 403 39573 0 0 5 0 0 0 51160 0 2192 
0 404 39574 0 0 7 0 0 0 51165 0 2197 
0 405 39575 0 0 7 0 0 0 51172 0 2204 
0 406 39582 0 0 6 0 0 0 51179 0 2211 
0 407 39583 0 0 6 0 0 0 51185 0 2217 
0 408 39584 0 0 3 0 0 0 51191 0 2223 
0 409 39585 0 0 6 0 0 0 51194 0 2226 
0 410 39587 0 0 6 0 0 0 50981 0 2232 
0 411 39588 0 0 5 0 0 0 50907 0 2238 
0 412 39589 0 0 8 0 0 0 50912 0 2243 
0 413 39591 0 0 6 0 0 0 50920 0 2251 
0 414 39594 0 0 6 0 0 0 50926 0 2257 
0 415 39595 0 0 6 0 0 0 50932 0 2263 
0 416 39596 0 0 8 0 0 0 50938 0 2269 
0 417 39597 0 0 8 0 0 0 50946 0 2277 
0 418 39598 0 0 8 0 0 0 50954 0 2285 
0 419 39599 0 0 8 0 0 0 50962 0 2293 
0 420 39604 0 0 5 0 0 0 50970 0 2301 
0 421 39605 0 0 6 0 0 0 50975 0 2306 
0 422 39606 0 0 8 0 0 0 50899 0 2312 
0 423 39607 0 0 8 0 0 0 50987 0 2320 
0 424 39614 0 0 6 0 0 0 50995 0 2328 
0 425 39615 0 0 6 0 0 0 51001 0 2334 
0 426 39644 0 0 6 0 0 0 51007 0 2340 
0 427 39645 0 0 6 0 0 0 51013 0 2346 
0 428 39646 0 0 7 0 0 0 51019 0 2352 
0 429 39647 0 0 7 0 0 0 51026 0 2359 
0 430 39657 0 0 6 0 0 0 51033 0 2366 
0 431 39659 0 0 6 0 0 0 51039 0 2372 
0 432 39660 0 0 6 0 0 0 51045 0 2378 
0 433 39661 0 0 8 0 0 0 51051 0 2384 
0 434 39663 0 0 6 0 0 0 51131 0 2392 
0 435 39664 0 0 6 0 0 0 51353 0 2398 
0 436 39665 0 0 8 0 0 0 51359 0 2404 
0 437 39666 0 0 8 0 0 0 51367 0 2412 
0 438 39667 0 0 8 0 0 0 51375 0 2420 
0 439 39668 0 0 8 0 0 0 51383 0 2428 
0 440 39669 0 0 8 0 0 0 51391 0 2436 
0 441 39670 0 0 8 0 0 0 51399 0 2444 
0 442 39671 0 0 8 0 0 0 51407 0 2452 
0 443 39673 0 0 6 0 0 0 51415 0 2460 
0 444 39674 0 0 8 0 0 0 51421 0 2466 
0 445 39675 0 0 8 0 0 0 51429 0 2474 
0 446 39676 0 0 8 0 0 0 51345 0 2482 
0 447 39677 0 0 8 0 0 0 51442 0 2490 
0 448 39678 0 0 8 0 0 0 51450 0 2498 
0 449 39679 0 0 8 0 0 0 51458 0 2506 
0 450 39856 0 0 5 0 0 0 51466 0 2514 
0 451 39857 0 0 7 0 0 0 51471 0 2519 
0 452 39859 0 0 6 0 0 0 51478 0 2526 
0 453 39860 0 0 5 0 0 0 51484 0 2532 
0 454 39861 0 0 7 0 0 0 51489 0 2537 
0 455 39863 0 0 6 0 0 0 51496 0 2544 
0 456 39864 0 0 7 0 0 0 51502 0 2550 
0 457 39865 0 0 8 0 0 0 51509 0 2557 
0 458 39867 0 0 7 0 0 0 51276 0 2565 
0 459 39868 0 0 7 0 0 0 51205 0 2572 
0 460 39869 0 0 8 0 0 0 51212 0 2579 
0 461 39871 0 0 7 0 0 0 51220 0 2587 
0 462 39928 0 0 6 0 0 0 51227 0 2594 
0 463 39929 0 0 7 0 0 0 51233 0 2600 
0 464 39931 0 0 6 0 0 0 51240 0 2607 
0 465 39932 0 0 6 0 0 0 51246 0 2613 
0 466 39933 0 0 7 0 0 0 51252 0 2619 
0 467 39935 0 0 6 0 0 0 51259 0 2626 
0 468 40440 0 0 5 0 0 0 51265 0 2632 
0 469 40441 0 0 6 0 0 0 51270 0 2637 
0 470 40443 0 0 5 0 0 0 51200 0 2643 
0 471 40444 0 0 5 0 0 0 51283 0 2648 
0 472 40445 0 0 6 0 0 0 51288 0 2653 
0 473 40447 0 0 5 0 0 0 51294 0 2659 
0 474 40670 0 0 5 0 0 0 51299 0 2664 
0 475 40671 0 0 5 0 0 0 51304 0 2669 
0 476 40683 0 0 4 0 0 0 51309 0 2674 
0 477 40684 0 0 6 0 0 0 51313 0 2678 
0 478 40685 0 0 8 0 0 0 51319 0 2684 
0 479 40687 0 0 6 0 0 0 51327 0 2692 
0 480 40692 0 0 6 0 0 0 51333 0 2698 
0 481 40693 0 0 6 0 0 0 51339 0 2704 
0 482 40694 0 0 8 0 0 0 50834 0 2710 
0 483 40695 0 0 8 0 0 0 50495 0 2718 
0 484 40702 0 0 6 0 0 0 50503 0 2726 
0 485 40703 0 0 6 0 0 0 50509 0 2732 
0 486 40880 0 0 6 0 0 0 50515 0 2738 
0 487 40881 0 0 7 0 0 0 50521 0 2744 
0 488 40883 0 0 6 0 0 0 50528 0 2751 
0 489 40884 0 0 6 0 0 0 50534 0 2757 
0 490 40885 0 0 7 0 0 0 50540 0 2763 
0 491 40887 0 0 6 0 0 0 50547 0 2770 
0 492 40888 0 0 7 0 0 0 50553 0 2776 
0 493 40889 0 0 8 0 0 0 50560 0 2783 
0 494 40891 0 0 7 0 0 0 50488 0 2791 
0 495 40892 0 0 7 0 0 0 50573 0 2798 
0 496 40893 0 0 8 0 0 0 50580 0 2805 
0 497 40895 0 0 7 0 0 0 50588 0 2813 
0 498 40952 0 0 6 0 0 0 50595 0 2820 
0 499 40953 0 0 7 0 0 0 50601 0 2826 
0 500 40955 0 0 6 0 0 0 50608 0 2833 
0 501 40956 0 0 6 0 0 0 50614 0 2839 
0 502 40957 0 0 7 0 0 0 50620 0 2845 
0 503 40959 0 0 6 0 0 0 50627 0 2852 
0 504 48020 0 0 4 0 0 0 50633 0 2858 
0 505 48021 0 0 5 0 0 0 50637 0 2862 
0 506 48022 0 0 7 0 0 0 50423 0 2867 
0 507 48023 0 0 7 0 0 0 50351 0 2874 
0 508 48030 0 0 6 0 0 0 50358 0 2881 
0 509 48031 0 0 6 0 0 0 50364 0 2887 
0 510 48052 0 0 4 0 0 0 50370 0 2893 
0 511 48053 0 0 6 0 0 0 50374 0 2897 
0 512 48055 0 0 6 0 0 0 50380 0 2903 
0 513 48063 0 0 5 0 0 0 50386 0 2909 
0 514 48086 0 0 6 0 0 0 50391 0 2914 
0 515 48087 0 0 6 0 0 0 50397 0 2920 
0 516 48094 0 0 7 0 0 0 50403 0 2926 
0 517 48095 0 0 7 0 0 0 50410 0 2933 
0 518 48116 0 0 6 0 0 0 50417 0 2940 
0 519 48117 0 0 7 0 0 0 50344 0 2946 
0 520 48119 0 0 7 0 0 0 50430 0 2953 
0 521 48127 0 0 6 0 0 0 50437 0 2960 
0 522 49118 0 0 5 0 0 0 50443 0 2966 
0 523 49119 0 0 5 0 0 0 50448 0 2971 
0 524 49140 0 0 5 0 0 0 50453 0 2976 
0 525 49141 0 0 6 0 0 0 50458 0 2981 
0 526 49143 0 0 6 0 0 0 50464 0 2987 
0 527 49151 0 0 5 0 0 0 50470 0 2993 
0 528 64436 0 0 3 0 0 0 50475 0 2998 
0 529 64437 0 0 5 0 0 0 50478 0 3001 
0 530 64439 0 0 5 0 0 0 50483 0 3006 
0 531 64447 0 0 5 0 0 0 50568 0 3011 
0 532 64511 0 0 5 0 0 0 50785 0 3016 
0 533 65535 0 0 4 0 0 0 50790 0 3021 
0 534 101598 0 0 3 0 0 0 50794 0 3025 
0 535 101599 0 0 3 0 0 0 50797 0 3028 
0 536 101610 0 0 5 0 0 0 50800 0 3031 
0 537 101611 0 0 5 0 0 0 50805 0 3036 
0 538 101612 0 0 4 0 0 0 50810 0 3041 
0 539 101613 0 0 4 0 0 0 50814 0 3045 
0 540 101614 0 0 6 0 0 0 50818 0 3049 
0 541 101615 0 0 6 0 0 0 50824 0 3055 
0 542 101630 0 0 4 0 0 0 50830 0 3061 
0 543 101631 0 0 4 0 0 0 50781 0 3065 
0 544 101736 0 0 4 0 0 0 50842 0 3069 
0 545 101737 0 0 6 0 0 0 50846 0 3073 
0 546 101739 0 0 4 0 0 0 50852 0 3079 
0 547 101740 0 0 4 0 0 0 50856 0 3083 
0 548 101741 0 0 6 0 0 0 50860 0 3087 
0 549 101743 0 0 4 0 0 0 50866 0 3093 
0 550 101744 0 0 5 0 0 0 50870 0 3097 
0 551 101745 0 0 5 0 0 0 50875 0 3102 
0 552 101746 0 0 7 0 0 0 50880 0 3107 
0 553 101747 0 0 7 0 0 0 50887 0 3114 
0 554 101750 0 0 5 0 0 0 50894 0 3121 
0 555 101751 0 0 5 0 0 0 50720 0 3126 
0 556 101752 0 0 7 0 0 0 50648 0 3131 
0 557 101753 0 0 7 0 0 0 50655 0 3138 
0 558 101754 0 0 7 0 0 0 50662 0 3145 
0 559 101755 0 0 7 0 0 0 50669 0 3152 
0 560 101756 0 0 7 0 0 0 50676 0 3159 
0 561 101757 0 0 7 0 0 0 50683 0 3166 
0 562 101758 0 0 7 0 0 0 50690 0 3173 
0 563 101759 0 0 7 0 0 0 50697 0 3180 
0 564 101880 0 0 5 0 0 0 50704 0 3187 
0 565 101881 0 0 5 0 0 0 50709 0 3192 
0 566 101882 0 0 6 0 0 0 50714 0 3197 
0 567 101883 0 0 6 0 0 0 50642 0 3203 
0 568 101886 0 0 5 0 0 0 50725 0 3209 
0 569 101887 0 0 5 0 0 0 50730 0 3214 
0 570 102176 0 0 3 0 0 0 50735 0 3219 
0 571 102177 0 0 4 0 0 0 50738 0 3222 
0 572 102178 0 0 6 0 0 0 50742 0 3226 
0 573 102179 0 0 6 0 0 0 50748 0 3232 
0 574 102182 0 0 5 0 0 0 50754 0 3238 
0 575 102183 0 0 5 0 0 0 50759 0 3243 
0 576 102186 0 0 6 0 0 0 50764 0 3248 
0 577 102187 0 0 6 0 0 0 50770 0 3254 
0 578 102188 0 0 5 0 0 0 50776 0 3260 
0 579 102189 0 0 5 0 0 0 51437 0 3265 
0 580 102190 0 0 7 0 0 0 52271 0 3270 
0 581 102191 0 0 7 0 0 0 52278 0 3277 
0 582 102206 0 0 5 0 0 0 52285 0 3284 
0 583 102207 0 0 5 0 0 0 52290 0 3289 
0 584 102250 0 0 5 0 0 0 52295 0 3294 
0 585 102251 0 0 5 0 0 0 52300 0 3299 
0 586 102252 0 0 6 0 0 0 52305 0 3304 
0 587 102253 0 0 6 0 0 0 52311 0 3310 
0 588 102254 0 0 6 0 0 0 52317 0 3316 
0 589 102255 0 0 6 0 0 0 52323 0 3322 
0 590 102262 0 0 5 0 0 0 52329 0 3328 
0 591 102263 0 0 5 0 0 0 52266 0 3333 
0 592 102270 0 0 6 0 0 0 52339 0 3338 
0 593 102271 0 0 6 0 0 0 52345 0 3344 
0 594 102398 0 0 4 0 0 0 52351 0 3350 
0 595 102399 0 0 4 0 0 0 52355 0 3354 
0 596 103864 0 0 4 0 0 0 52359 0 3358 
0 597 103865 0 0 6 0 0 0 52363 0 3362 
0 598 103867 0 0 6 0 0 0 52369 0 3368 
0 599 103871 0 0 4 0 0 0 52375 0 3374 
0 600 103928 0 0 5 0 0 0 52379 0 3378 
0 601 103929 0 0 7 0 0 0 52384 0 3383 
0 602 103931 0 0 5 0 0 0 52391 0 3390 
0 603 103932 0 0 5 0 0 0 52207 0 3395 
0 604 103933 0 0 7 0 0 0 52145 0 3400 
0 605 103935 0 0 5 0 0 0 52152 0 3407 
0 606 104011 0 0 3 0 0 0 52157 0 3412 
0 607 104012 0 0 5 0 0 0 52160 0 3415 
0 608 104013 0 0 7 0 0 0 52165 0 3420 
0 609 104015 0 0 5 0 0 0 52172 0 3427 
0 610 104020 0 0 4 0 0 0 52177 0 3432 
0 611 104021 0 0 4 0 0 0 52181 0 3436 
0 612 104022 0 0 8 0 0 0 52185 0 3440 
0 613 104023 0 0 8 0 0 0 52193 0 3448 
0 614 104030 0 0 6 0 0 0 52201 0 3456 
0 615 104031 0 0 6 0 0 0 52139 0 3462 
0 616 104052 0 0 4 0 0 0 52212 0 3468 
0 617 104053 0 0 6 0 0 0 52216 0 3472 
0 618 104055 0 0 6 0 0 0 52222 0 3478 
0 619 104063 0 0 4 0 0 0 52228 0 3484 
0 620 104082 0 0 4 0 0 0 52232 0 3488 
0 621 104083 0 0 4 0 0 0 52236 0 3492 
0 622 104086 0 0 7 0 0 0 52240 0 3496 
0 623 104087 0 0 7 0 0 0 52247 0 3503 
0 624 104094 0 0 5 0 0 0 52254 0 3510 
0 625 104095 0 0 5 0 0 0 52259 0 3515 
0 626 104096 0 0 2 0 0 0 52264 0 3520 
0 627 104097 0 0 5 0 0 0 52334 0 3522 
0 628 104099 0 0 5 0 0 0 52577 0 3527 
0 629 104100 0 0 5 0 0 0 52582 0 3532 
0 630 104101 0 0 8 0 0 0 52587 0 3537 
0 631 104103 0 0 5 0 0 0 52595 0 3545 
0 632 104106 0 0 8 0 0 0 52600 0 3550 
0 633 104107 0 0 8 0 0 0 52608 0 3558 
0 634 104108 0 0 5 0 0 0 52616 0 3566 
0 635 104109 0 0 5 0 0 0 52621 0 3571 
0 636 104110 0 0 8 0 0 0 52626 0 3576 
0 637 104111 0 0 8 0 0 0 52634 0 3584 
0 638 104114 0 0 5 0 0 0 52642 0 3592 
0 639 104115 0 0 5 0 0 0 52572 0 3597 
0 640 104118 0 0 8 0 0 0 52652 0 3602 
0 641 104119 0 0 8 0 0 0 52660 0 3610 
0 642 104126 0 0 5 0 0 0 52668 0 3618 
0 643 104127 0 0 5 0 0 0 52673 0 3623 
0 644 104154 0 0 6 0 0 0 52678 0 3628 
0 645 104155 0 0 6 0 0 0 52684 0 3634 
0 646 104156 0 0 5 0 0 0 52690 0 3640 
0 647 104157 0 0 5 0 0 0 52695 0 3645 
0 648 104158 0 0 7 0 0 0 52700 0 3650 
0 649 104159 0 0 7 0 0 0 52707 0 3657 
0 650 104168 0 0 5 0 0 0 52714 0 3664 
0 651 104169 0 0 8 0 0 0 52483 0 3669 
0 652 104171 0 0 5 0 0 0 52404 0 3677 
0 653 104172 0 0 5 0 0 0 52409 0 3682 
0 654 104173 0 0 8 0 0 0 52414 0 3687 
0 655 104175 0 0 5 0 0 0 52422 0 3695 
0 656 104176 0 0 8 0 0 0 52427 0 3700 
0 657 104177 0 0 8 0 0 0 52435 0 3708 
0 658 104178 0 0 8 0 0 0 52443 0 3716 
0 659 104179 0 0 8 0 0 0 52451 0 3724 
0 660 104180 0 0 8 0 0 0 52459 0 3732 
0 661 104181 0 0 8 0 0 0 52467 0 3740 
0 662 104182 0 0 8 0 0 0 52475 0 3748 
0 663 104183 0 0 8 0 0 0 52396 0 3756 
0 664 104184 0 0 8 0 0 0 52491 0 3764 
0 665 104185 0 0 8 0 0 0 52499 0 3772 
0 666 104186 0 0 8 0 0 0 52507 0 3780 
0 667 104187 0 0 8 0 0 0 52515 0 3788 
0 668 104188 0 0 8 0 0 0 52523 0 3796 
0 669 104189 0 0 8 0 0 0 52531 0 3804 
0 670 104190 0 0 8 0 0 0 52539 0 3812 
0 671 104191 0 0 8 0 0 0 52547 0 3820 
0 672 104368 0 0 5 0 0 0 52555 0 3828 
0 673 104369 0 0 7 0 0 0 52560 0 3833 
0 674 104371 0 0 5 0 0 0 52567 0 3840 
0 675 104372 0 0 5 0 0 0 52056 0 3845 
0 676 104373 0 0 7 0 0 0 51688 0 3850 
0 677 104375 0 0 5 0 0 0 51695 0 3857 
0 678 104376 0 0 6 0 0 0 51700 0 3862 
0 679 104377 0 0 8 0 0 0 51706 0 3868 
0 680 104379 0 0 6 0 0 0 51714 0 3876 
0 681 104380 0 0 6 0 0 0 51720 0 3882 
0 682 104381 0 0 8 0 0 0 51726 0 3888 
0 683 104383 0 0 6 0 0 0 51734 0 3896 
0 684 104440 0 0 5 0 0 0 51740 0 3902 
0 685 104441 0 0 7 0 0 0 51745 0 3907 
0 686 104443 0 0 5 0 0 0 51752 0 3914 
0 687 104444 0 0 5 0 0 0 51683 0 3919 
0 688 104445 0 0 7 0 0 0 51765 0 3924 
0 689 104447 0 0 5 0 0 0 51772 0 3931 
0 690 105976 0 0 5 0 0 0 51777 0 3936 
0 691 105977 0 0 5 0 0 0 51782 0 3941 
0 692 105978 0 0 6 0 0 0 51787 0 3946 
0 693 105979 0 0 6 0 0 0 51793 0 3952 
0 694 105982 0 0 5 0 0 0 51799 0 3958 
0 695 105983 0 0 5 0 0 0 51804 0 3963 
0 696 106206 0 0 4 0 0 0 51809 0 3968 
0 697 106207 0 0 4 0 0 0 51813 0 3972 
0 698 106208 0 0 5 0 0 0 51817 0 3976 
0 699 106209 0 0 5 0 0 0 51601 0 3981 
0 700 106210 0 0 8 0 0 0 51523 0 3986 
0 701 106211 0 0 8 0 0 0 51531 0 3994 
0 702 106214 0 0 7 0 0 0 51539 0 4002 
0 703 106215 0 0 7 0 0 0 51546 0 4009 
0 704 106218 0 0 6 0 0 0 51553 0 4016 
0 705 106219 0 0 6 0 0 0 51559 0 4022 
0 706 106220 0 0 5 0 0 0 51565 0 4028 
0 707 106221 0 0 5 0 0 0 51570 0 4033 
0 708 106222 0 0 8 0 0 0 51575 0 4038 
0 709 106223 0 0 8 0 0 0 51583 0 4046 
0 710 106238 0 0 5 0 0 0 51591 0 4054 
0 711 106239 0 0 5 0 0 0 51596 0 4059 
0 712 106273 0 0 6 0 0 0 51517 0 4064 
0 713 106274 0 0 5 0 0 0 51606 0 4070 
0 714 106275 0 0 7 0 0 0 51611 0 4075 
0 715 106278 0 0 6 0 0 0 51618 0 4082 
0 716 106279 0 0 6 0 0 0 51624 0 4088 
0 717 106280 0 0 5 0 0 0 51630 0 4094 
0 718 106281 0 0 8 0 0 0 51635 0 4099 
0 719 106282 0 0 8 0 0 0 51643 0 4107 
0 720 106283 0 0 8 0 0 0 51651 0 4115 
0 721 106284 0 0 8 0 0 0 51659 0 4123 
0 722 106285 0 0 8 0 0 0 51667 0 4131 
0 723 106286 0 0 8 0 0 0 51675 0 4139 
0 724 106287 0 0 8 0 0 0 51757 0 4147 
0 725 106296 0 0 7 0 0 0 51977 0 4155 
0 726 106297 0 0 7 0 0 0 51984 0 4162 
0 727 106298 0 0 8 0 0 0 51991 0 4169 
0 728 106299 0 0 8 0 0 0 51999 0 4177 
0 729 106302 0 0 7 0 0 0 52007 0 4185 
0 730 106303 0 0 7 0 0 0 52014 0 4192 
0 731 106344 0 0 7 0 0 0 52021 0 4199 
0 732 106345 0 0 7 0 0 0 52028 0 4206 
0 733 106346 0 0 7 0 0 0 52035 0 4213 
0 734 106347 0 0 7 0 0 0 52042 0 4220 
0 735 106348 0 0 7 0 0 0 52049 0 4227 
0 736 106349 0 0 7 0 0 0 51970 0 4234 
0 737 106350 0 0 7 0 0 0 52061 0 4241 
0 738 106351 0 0 7 0 0 0 52068 0 4248 
0 739 106352 0 0 6 0 0 0 52075 0 4255 
0 740 106353 0 0 6 0 0 0 52081 0 4261 
0 741 106354 0 0 8 0 0 0 52087 0 4267 
0 742 106355 0 0 8 0 0 0 52095 0 4275 
0 743 106358 0 0 6 0 0 0 52103 0 4283 
0 744 106359 0 0 6 0 0 0 52109 0 4289 
0 745 106360 0 0 8 0 0 0 52115 0 4295 
0 746 106361 0 0 8 0 0 0 52123 0 4303 
0 747 106362 0 0 8 0 0 0 52131 0 4311 
0 748 106363 0 0 8 0 0 0 51902 0 4319 
0 749 106364 0 0 8 0 0 0 51827 0 4327 
0 750 106365 0 0 8 0 0 0 51835 0 4335 
0 751 106366 0 0 8 0 0 0 51843 0 4343 
0 752 106367 0 0 8 0 0 0 51851 0 4351 
0 753 106488 0 0 6 0 0 0 51859 0 4359 
0 754 106489 0 0 6 0 0 0 51865 0 4365 
0 755 106490 0 0 7 0 0 0 51871 0 4371 
0 756 106491 0 0 7 0 0 0 51878 0 4378 
0 757 106494 0 0 6 0 0 0 51885 0 4385 
0 758 106495 0 0 6 0 0 0 51891 0 4391 
0 759 111558 0 0 5 0 0 0 51897 0 4397 
0 760 111559 0 0 5 0 0 0 51822 0 4402 
0 761 111563 0 0 7 0 0 0 51910 0 4407 
0 762 111564 0 0 4 0 0 0 51917 0 4414 
0 763 111565 0 0 6 0 0 0 51921 0 4418 
0 764 111566 0 0 5 0 0 0 51927 0 4424 
0 765 111567 0 0 8 0 0 0 51932 0 4429 
0 766 111582 0 0 4 0 0 0 51940 0 4437 
0 767 111583 0 0 6 0 0 0 51944 0 4441 
0 768 111585 0 0 4 0 0 0 51950 0 4447 
0 769 111587 0 0 5 0 0 0 51954 0 4451 
0 770 111591 0 0 7 0 0 0 51959 0 4456 
0 771 111597 0 0 4 0 0 0 51966 0 4463 
0 772 111599 0 0 5 0 0 0 54728 0 4467 
0 773 111615 0 0 4 0 0 0 57751 0 4472 
0 774 112459 0 0 4 0 0 0 57755 0 4476 
0 775 112460 0 0 7 0 0 0 57759 0 4480 
0 776 112461 0 0 7 0 0 0 57766 0 4487 
0 777 112462 0 0 7 0 0 0 57773 0 4494 
0 778 112463 0 0 7 0 0 0 57780 0 4501 
0 779 112468 0 0 4 0 0 0 57787 0 4508 
0 780 112469 0 0 4 0 0 0 57791 0 4512 
0 781 112470 0 0 7 0 0 0 57795 0 4516 
0 782 112471 0 0 7 0 0 0 57802 0 4523 
0 783 112478 0 0 6 0 0 0 57809 0 4530 
0 784 112479 0 0 6 0 0 0 57745 0 4536 
0 785 112481 0 0 5 0 0 0 57821 0 4542 
0 786 112483 0 0 6 0 0 0 57826 0 4547 
0 787 112485 0 0 7 0 0 0 57832 0 4553 
0 788 112487 0 0 7 0 0 0 57839 0 4560 
0 789 112491 0 0 5 0 0 0 57846 0 4567 
0 790 112492 0 0 5 0 0 0 57851 0 4572 
0 791 112493 0 0 7 0 0 0 57856 0 4577 
0 792 112494 0 0 5 0 0 0 57863 0 4584 
0 793 112495 0 0 7 0 0 0 57868 0 4589 
0 794 112500 0 0 6 0 0 0 57875 0 4596 
0 795 112501 0 0 6 0 0 0 57881 0 4602 
0 796 112502 0 0 7 0 0 0 57670 0 4608 
0 797 112503 0 0 7 0 0 0 57607 0 4615 
0 798 112510 0 0 6 0 0 0 57614 0 4622 
0 799 112511 0 0 6 0 0 0 57620 0 4628 
0 800 112524 0 0 4 0 0 0 57626 0 4634 
0 801 112525 0 0 4 0 0 0 57630 0 4638 
0 802 112526 0 0 8 0 0 0 57634 0 4642 
0 803 112527 0 0 8 0 0 0 57642 0 4650 
0 804 112542 0 0 5 0 0 0 57650 0 4658 
0 805 112543 0 0 5 0 0 0 57655 0 4663 
0 806 112545 0 0 5 0 0 0 57660 0 4668 
0 807 112546 0 0 5 0 0 0 57665 0 4673 
0 808 112547 0 0 8 0 0 0 57599 0 4678 
0 809 112550 0 0 6 0 0 0 57677 0 4686 
0 810 112551 0 0 6 0 0 0 57683 0 4692 
0 811 112554 0 0 7 0 0 0 57689 0 4698 
0 812 112555 0 0 7 0 0 0 57696 0 4705 
0 813 112556 0 0 5 0 0 0 57703 0 4712 
0 814 112557 0 0 5 0 0 0 57708 0 4717 
0 815 112558 0 0 8 0 0 0 57713 0 4722 
0 816 112559 0 0 8 0 0 0 57721 0 4730 
0 817 112574 0 0 5 0 0 0 57729 0 4738 
0 818 112575 0 0 5 0 0 0 57734 0 4743 
0 819 112590 0 0 6 0 0 0 57739 0 4748 
0 820 112591 0 0 6 0 0 0 57815 0 4754 
0 821 112598 0 0 5 0 0 0 58024 0 4760 
0 822 112599 0 0 5 0 0 0 58029 0 4765 
0 823 112606 0 0 7 0 0 0 58034 0 4770 
0 824 112607 0 0 7 0 0 0 58041 0 4777 
0 825 112609 0 0 7 0 0 0 58048 0 4784 
0 826 112610 0 0 5 0 0 0 58055 0 4791 
0 827 112611 0 0 8 0 0 0 58060 0 4796 
0 828 112612 0 0 8 0 0 0 58068 0 4804 
0 829 112613 0 0 8 0 0 0 58076 0 4812 
0 830 112614 0 0 8 0 0 0 58084 0 4820 
0 831 112615 0 0 8 0 0 0 58092 0 4828 
0 832 112618 0 0 7 0 0 0 58017 0 4836 
0 833 112619 0 0 7 0 0 0 58105 0 4843 
0 834 112620 0 0 8 0 0 0 58112 0 4850 
0 835 112621 0 0 8 0 0 0 58120 0 4858 
0 836 112622 0 0 8 0 0 0 58128 0 4866 
0 837 112623 0 0 8 0 0 0 58136 0 4874 
0 838 112628 0 0 7 0 0 0 58144 0 4882 
0 839 112629 0 0 7 0 0 0 58151 0 4889 
0 840 112630 0 0 8 0 0 0 58158 0 4896 
0 841 112631 0 0 8 0 0 0 58166 0 4904 
0 842 112638 0 0 7 0 0 0 58174 0 4912 
0 843 112639 0 0 7 0 0 0 58181 0 4919 
0 844 114654 0 0 4 0 0 0 57956 0 4926 
0 845 114655 0 0 4 0 0 0 57894 0 4930 
0 846 114656 0 0 5 0 0 0 57898 0 4934 
0 847 114657 0 0 5 0 0 0 57903 0 4939 
0 848 114658 0 0 7 0 0 0 57908 0 4944 
0 849 114659 0 0 7 0 0 0 57915 0 4951 
0 850 114662 0 0 6 0 0 0 57922 0 4958 
0 851 114663 0 0 6 0 0 0 57928 0 4964 
0 852 114666 0 0 6 0 0 0 57934 0 4970 
0 853 114667 0 0 6 0 0 0 57940 0 4976 
0 854 114668 0 0 5 0 0 0 57946 0 4982 
0 855 114669 0 0 5 0 0 0 57951 0 4987 
0 856 114670 0 0 7 0 0 0 57887 0 4992 
0 857 114671 0 0 7 0 0 0 57960 0 4999 
0 858 114686 0 0 5 0 0 0 57967 0 5006 
0 859 114687 0 0 5 0 0 0 57972 0 5011 
0 860 127777 0 0 3 0 0 0 57977 0 5016 
0 861 127779 0 0 5 0 0 0 57980 0 5019 
0 862 127783 0 0 5 0 0 0 57985 0 5024 
0 863 127787 0 0 5 0 0 0 57990 0 5029 
0 864 127789 0 0 5 0 0 0 57995 0 5034 
0 865 127791 0 0 7 0 0 0 58000 0 5039 
0 866 127806 0 0 5 0 0 0 58007 0 5046 
0 867 127807 0 0 5 0 0 0 58012 0 5051 
0 868 127851 0 0 5 0 0 0 57534 0 5056 
0 869 127853 0 0 7 0 0 0 57187 0 5061 
0 870 127855 0 0 7 0 0 0 57194 0 5068 
0 871 127862 0 0 6 0 0 0 57201 0 5075 
0 872 127863 0 0 6 0 0 0 57207 0 5081 
0 873 127870 0 0 7 0 0 0 57213 0 5087 
0 874 127871 0 0 7 0 0 0 57220 0 5094 
0 875 127998 0 0 5 0 0 0 57227 0 5101 
0 876 127999 0 0 5 0 0 0 57232 0 5106 
0 877 128875 0 0 4 0 0 0 57237 0 5111 
0 878 128876 0 0 4 0 0 0 57241 0 5115 
0 879 128877 0 0 6 0 0 0 57245 0 5119 
0 880 128878 0 0 4 0 0 0 57183 0 5125 
0 881 128879 0 0 6 0 0 0 57255 0 5129 
0 882 128884 0 0 4 0 0 0 57261 0 5135 
0 883 128885 0 0 4 0 0 0 57265 0 5139 
0 884 128886 0 0 7 0 0 0 57269 0 5143 
0 885 128887 0 0 7 0 0 0 57276 0 5150 
0 886 128894 0 0 6 0 0 0 57283 0 5157 
0 887 128895 0 0 6 0 0 0 57289 0 5163 
0 888 128958 0 0 5 0 0 0 57295 0 5169 
0 889 128959 0 0 5 0 0 0 57300 0 5174 
0 890 129022 0 0 6 0 0 0 57305 0 5179 
0 891 129023 0 0 6 0 0 0 57311 0 5185 
0 892 131070 0 0 4 0 0 0 57115 0 5191 
0 893 131071 0 0 4 0 0 0 57058 0 5195 
0 894 237048 0 0 3 0 0 0 57062 0 5199 
0 895 237049 0 0 4 0 0 0 57065 0 5202 
0 896 237051 0 0 4 0 0 0 57069 0 5206 
0 897 237055 0 0 3 0 0 0 57073 0 5210 
0 898 237274 0 0 6 0 0 0 57076 0 5213 
0 899 237275 0 0 6 0 0 0 57082 0 5219 
0 900 237278 0 0 5 0 0 0 57088 0 5225 
0 901 237279 0 0 5 0 0 0 57093 0 5230 
0 902 237288 0 0 5 0 0 0 57098 0 5235 
0 903 237289 0 0 7 0 0 0 57103 0 5240 
0 904 237291 0 0 5 0 0 0 57110 0 5247 
0 905 237292 0 0 5 0 0 0 57053 0 5252 
0 906 237293 0 0 7 0 0 0 57119 0 5257 
0 907 237295 0 0 5 0 0 0 57126 0 5264 
0 908 237304 0 0 6 0 0 0 57131 0 5269 
0 909 237305 0 0 6 0 0 0 57137 0 5275 
0 910 237306 0 0 7 0 0 0 57143 0 5281 
0 911 237307 0 0 7 0 0 0 57150 0 5288 
0 912 237310 0 0 6 0 0 0 57157 0 5295 
0 913 237311 0 0 6 0 0 0 57163 0 5301 
0 914 237560 0 0 4 0 0 0 57169 0 5307 
0 915 237561 0 0 5 0 0 0 57173 0 5311 
0 916 237563 0 0 5 0 0 0 57178 0 5316 
0 917 237567 0 0 4 0 0 0 57251 0 5321 
0 918 241483 0 0 3 0 0 0 57469 0 5325 
0 919 241484 0 0 6 0 0 0 57472 0 5328 
0 920 241485 0 0 8 0 0 0 57478 0 5334 
0 921 241487 0 0 6 0 0 0 57486 0 5342 
0 922 241492 0 0 4 0 0 0 57492 0 5348 
0 923 241493 0 0 6 0 0 0 57496 0 5352 
0 924 241494 0 0 8 0 0 0 57502 0 5358 
0 925 241495 0 0 8 0 0 0 57510 0 5366 
0 926 241502 0 0 6 0 0 0 57518 0 5374 
0 927 241503 0 0 6 0 0 0 57524 0 5380 
0 928 241524 0 0 4 0 0 0 57530 0 5386 
0 929 241525 0 0 6 0 0 0 57463 0 5390 
0 930 241527 0 0 6 0 0 0 57539 0 5396 
0 931 241535 0 0 4 0 0 0 57545 0 5402 
0 932 241611 0 0 4 0 0 0 57549 0 5406 
0 933 241612 0 0 5 0 0 0 57553 0 5410 
0 934 241613 0 0 5 0 0 0 57558 0 5415 
0 935 241614 0 0 8 0 0 0 57563 0 5420 
0 936 241615 0 0 8 0 0 0 57571 0 5428 
0 937 241630 0 0 5 0 0 0 57579 0 5436 
0 938 241631 0 0 5 0 0 0 57584 0 5441 
0 939 241633 0 0 5 0 0 0 57589 0 5446 
0 940 241634 0 0 5 0 0 0 57594 0 5451 
0 941 241635 0 0 8 0 0 0 57389 0 5456 
0 942 241638 0 0 7 0 0 0 57323 0 5464 
0 943 241639 0 0 7 0 0 0 57330 0 5471 
0 944 241642 0 0 6 0 0 0 57337 0 5478 
0 945 241643 0 0 6 0 0 0 57343 0 5484 
0 946 241644 0 0 5 0 0 0 57349 0 5490 
0 947 241645 0 0 5 0 0 0 57354 0 5495 
0 948 241646 0 0 8 0 0 0 57359 0 5500 
0 949 241647 0 0 8 0 0 0 57367 0 5508 
0 950 241662 0 0 5 0 0 0 57375 0 5516 
0 951 241663 0 0 5 0 0 0 57380 0 5521 
0 952 245707 0 0 4 0 0 0 57385 0 5526 
0 953 245708 0 0 6 0 0 0 57317 0 5530 
0 954 245709 0 0 7 0 0 0 57397 0 5536 
0 955 245711 0 0 6 0 0 0 57404 0 5543 
0 956 245720 0 0 4 0 0 0 57410 0 5549 
0 957 245721 0 0 6 0 0 0 57414 0 5553 
0 958 245722 0 0 7 0 0 0 57420 0 5559 
0 959 245723 0 0 7 0 0 0 57427 0 5566 
0 960 245726 0 0 6 0 0 0 57434 0 5573 
0 961 245727 0 0 6 0 0 0 57440 0 5579 
0 962 245752 0 0 5 0 0 0 57446 0 5585 
0 963 245753 0 0 6 0 0 0 57451 0 5590 
0 964 245755 0 0 6 0 0 0 57457 0 5596 
0 965 245759 0 0 5 0 0 0 58100 0 5602 
0 966 255567 0 0 3 0 0 0 58814 0 5607 
0 967 255574 0 0 4 0 0 0 58817 0 5610 
0 968 255575 0 0 6 0 0 0 58821 0 5614 
0 969 255583 0 0 4 0 0 0 58827 0 5620 
0 970 255605 0 0 5 0 0 0 58831 0 5624 
0 971 255607 0 0 6 0 0 0 58836 0 5629 
0 972 255613 0 0 5 0 0 0 58842 0 5635 
0 973 255615 0 0 6 0 0 0 58847 0 5640 
0 974 255655 0 0 4 0 0 0 58853 0 5646 
0 975 255662 0 0 5 0 0 0 58857 0 5650 
0 976 255663 0 0 8 0 0 0 58862 0 5655 
0 977 255678 0 0 6 0 0 0 58808 0 5663 
0 978 255679 0 0 6 0 0 0 58875 0 5669 
0 979 255727 0 0 4 0 0 0 58881 0 5675 
0 980 255734 0 0 5 0 0 0 58885 0 5679 
0 981 255735 0 0 8 0 0 0 58890 0 5684 
0 982 255743 0 0 5 0 0 0 58898 0 5692 
0 983 255925 0 0 7 0 0 0 58903 0 5697 
0 984 255927 0 0 6 0 0 0 58910 0 5704 
0 985 255933 0 0 5 0 0 0 58916 0 5710 
0 986 255935 0 0 7 0 0 0 58921 0 5715 
0 987 255999 0 0 4 0 0 0 58928 0 5722 
0 988 257758 0 0 4 0 0 0 58932 0 5726 
0 989 257759 0 0 4 0 0 0 58739 0 5730 
0 990 257771 0 0 5 0 0 0 58677 0 5734 
0 991 257772 0 0 5 0 0 0 58682 0 5739 
0 992 257773 0 0 7 0 0 0 58687 0 5744 
0 993 257774 0 0 7 0 0 0 58694 0 5751 
0 994 257775 0 0 7 0 0 0 58701 0 5758 
0 995 257787 0 0 5 0 0 0 58708 0 5765 
0 996 257790 0 0 6 0 0 0 58713 0 5770 
0 997 257791 0 0 6 0 0 0 58719 0 5776 
0 998 257905 0 0 4 0 0 0 58725 0 5782 
0 999 257907 0 0 6 0 0 0 58729 0 5786 
0 1000 257911 0 0 4 0 0 0 58735 0 5792 
0 1001 257913 0 0 5 0 0 0 58672 0 5796 
0 1002 257915 0 0 6 0 0 0 58743 0 5801 
0 1003 257916 0 0 6 0 0 0 58749 0 5807 
0 1004 257917 0 0 8 0 0 0 58755 0 5813 
0 1005 257919 0 0 6 0 0 0 58763 0 5821 
0 1006 258041 0 0 4 0 0 0 58769 0 5827 
0 1007 258042 0 0 7 0 0 0 58773 0 5831 
0 1008 258043 0 0 7 0 0 0 58780 0 5838 
0 1009 258046 0 0 6 0 0 0 58787 0 5845 
0 1010 258047 0 0 6 0 0 0 58793 0 5851 
0 1011 262136 0 0 4 0 0 0 58799 0 5857 
0 1012 262137 0 0 5 0 0 0 58803 0 5861 
0 1013 262139 0 0 5 0 0 0 58870 0 5866 
0 1014 262143 0 0 4 0 0 0 59024 0 5871 
0 1015 507851 0 0 3 0 0 0 59028 0 5875 
0 1016 507852 0 0 3 0 0 0 59031 0 5878 
0 1017 507853 0 0 4 0 0 0 59034 0 5881 
0 1018 507855 0 0 5 0 0 0 59038 0 5885 
0 1019 507870 0 0 3 0 0 0 59043 0 5890 
0 1020 507871 0 0 4 0 0 0 59046 0 5893 
0 1021 507903 0 0 3 0 0 0 59050 0 5897 
0 1022 515577 0 0 4 0 0 0 59053 0 5900 
0 1023 515579 0 0 4 0 0 0 59057 0 5904 
0 1024 515583 0 0 3 0 0 0 59061 0 5908 
0 1025 515806 0 0 3 0 0 0 59021 0 5911 
0 1026 515807 0 0 3 0 0 0 59071 0 5914 
0 1027 515819 0 0 3 0 0 0 59074 0 5917 
0 1028 515820 0 0 2 0 0 0 59077 0 5920 
0 1029 515821 0 0 5 0 0 0 59079 0 5922 
0 1030 515823 0 0 5 0 0 0 59084 0 5927 
0 1031 515838 0 0 5 0 0 0 59089 0 5932 
0 1032 515839 0 0 5 0 0 0 59094 0 5937 
0 1033 516089 0 0 5 0 0 0 59099 0 5942 
0 1034 516091 0 0 5 0 0 0 59104 0 5947 
0 1035 516095 0 0 4 0 0 0 59109 0 5952 
0 1036 524239 0 0 4 0 0 0 59113 0 5956 
0 1037 524254 0 0 4 0 0 0 58976 0 5960 
0 1038 524255 0 0 5 0 0 0 58940 0 5964 
0 1039 524287 0 0 4 0 0 0 58945 0 5969 
0 1040 1048059 0 0 3 0 0 0 58949 0 5973 
0 1041 1048063 0 0 3 0 0 0 58952 0 5976 
0 1042 1048575 0 0 3 0 0 0 58955 0 5979 
0 1043 2097151 0 0 2 0 0 0 58958 0 5982 
0 1044 2131019 0 0 2 0 0 0 58960 0 5984 
0 1045 2131020 0 0 3 0 0 0 58962 0 5986 
0 1046 2131021 0 0 4 0 0 0 58965 0 5989 
0 1047 2131023 0 0 3 0 0 0 58969 0 5993 
0 1048 2131028 0 0 4 0 0 0 58972 0 5996 
0 1049 2131029 0 0 4 0 0 0 58936 0 6000 
0 1050 2131030 0 0 5 0 0 0 58980 0 6004 
0 1051 2131031 0 0 5 0 0 0 58985 0 6009 
0 1052 2131038 0 0 4 0 0 0 58990 0 6014 
0 1053 2131039 0 0 4 0 0 0 58994 0 6018 
0 1054 2131060 0 0 3 0 0 0 58998 0 6022 
0 1055 2131061 0 0 4 0 0 0 59001 0 6025 
0 1056 2131063 0 0 4 0 0 0 59005 0 6029 
0 1057 2131071 0 0 3 0 0 0 59009 0 6033 
0 1058 2131092 0 0 2 0 0 0 59012 0 6036 
0 1059 2131093 0 0 2 0 0 0 59014 0 6038 
0 1060 2131094 0 0 5 0 0 0 59016 0 6040 
0 1061 2131095 0 0 5 0 0 0 58617 0 6045 
0 1062 2131102 0 0 5 0 0 0 58306 0 6050 
0 1063 2131103 0 0 5 0 0 0 58311 0 6055 
0 1064 2131104 0 0 3 0 0 0 58316 0 6060 
0 1065 2131105 0 0 5 0 0 0 58319 0 6063 
0 1066 2131107 0 0 4 0 0 0 58324 0 6068 
0 1067 2131108 0 0 4 0 0 0 58328 0 6072 
0 1068 2131109 0 0 6 0 0 0 58332 0 6076 
0 1069 2131111 0 0 4 0 0 0 58338 0 6082 
0 1070 2131114 0 0 4 0 0 0 58342 0 6086 
0 1071 2131115 0 0 5 0 0 0 58346 0 6090 
0 1072 2131116 0 0 6 0 0 0 58351 0 6095 
0 1073 2131117 0 0 6 0 0 0 58300 0 6101 
0 1074 2131118 0 0 6 0 0 0 58360 0 6107 
0 1075 2131119 0 0 6 0 0 0 58366 0 6113 
0 1076 2131124 0 0 5 0 0 0 58372 0 6119 
0 1077 2131125 0 0 5 0 0 0 58377 0 6124 
0 1078 2131126 0 0 6 0 0 0 58382 0 6129 
0 1079 2131127 0 0 6 0 0 0 58388 0 6135 
0 1080 2131134 0 0 5 0 0 0 58394 0 6141 
0 1081 2131135 0 0 5 0 0 0 58399 0 6146 
0 1082 2131166 0 0 4 0 0 0 58404 0 6151 
0 1083 2131167 0 0 4 0 0 0 58408 0 6155 
0 1084 2131179 0 0 3 0 0 0 58412 0 6159 
0 1085 2131180 0 0 4 0 0 0 58246 0 6162 
0 1086 2131181 0 0 6 0 0 0 58192 0 6166 
0 1087 2131183 0 0 4 0 0 0 58198 0 6172 
0 1088 2131188 0 0 5 0 0 0 58202 0 6176 
0 1089 2131189 0 0 5 0 0 0 58207 0 6181 
0 1090 2131190 0 0 6 0 0 0 58212 0 6186 
0 1091 2131191 0 0 6 0 0 0 58218 0 6192 
0 1092 2131198 0 0 5 0 0 0 58224 0 6198 
0 1093 2131199 0 0 5 0 0 0 58229 0 6203 
0 1094 2131376 0 0 3 0 0 0 58234 0 6208 
0 1095 2131377 0 0 5 0 0 0 58237 0 6211 
0 1096 2131379 0 0 4 0 0 0 58242 0 6216 
0 1097 2131380 0 0 4 0 0 0 58188 0 6220 
0 1098 2131381 0 0 5 0 0 0 58250 0 6224 
0 1099 2131383 0 0 4 0 0 0 58255 0 6229 
0 1100 2131385 0 0 4 0 0 0 58259 0 6233 
0 1101 2131387 0 0 5 0 0 0 58263 0 6237 
0 1102 2131388 0 0 5 0 0 0 58268 0 6242 
0 1103 2131389 0 0 6 0 0 0 58273 0 6247 
0 1104 2131391 0 0 5 0 0 0 58279 0 6253 
0 1105 2131451 0 0 3 0 0 0 58284 0 6258 
0 1106 2131452 0 0 4 0 0 0 58287 0 6261 
0 1107 2131453 0 0 5 0 0 0 58291 0 6265 
0 1108 2131455 0 0 4 0 0 0 58296 0 6270 
0 1109 2131892 0 0 3 0 0 0 58357 0 6274 
0 1110 2131893 0 0 4 0 0 0 58574 0 6277 
0 1111 2131895 0 0 4 0 0 0 58578 0 6281 
0 1112 2131903 0 0 4 0 0 0 58582 0 6285 
0 1113 2131967 0 0 3 0 0 0 58586 0 6289 
0 1114 2132126 0 0 3 0 0 0 58589 0 6292 
0 1115 2132127 0 0 3 0 0 0 58592 0 6295 
0 1116 2132128 0 0 3 0 0 0 58595 0 6298 
0 1117 2132129 0 0 3 0 0 0 58598 0 6301 
0 1118 2132130 0 0 6 0 0 0 58601 0 6304 
0 1119 2132131 0 0 6 0 0 0 58607 0 6310 
0 1120 2132134 0 0 4 0 0 0 58613 0 6316 
0 1121 2132135 0 0 4 0 0 0 58570 0 6320 
0 1122 2132138 0 0 5 0 0 0 58622 0 6324 
0 1123 2132139 0 0 5 0 0 0 58627 0 6329 
0 1124 2132140 0 0 3 0 0 0 58632 0 6334 
0 1125 2132141 0 0 3 0 0 0 58635 0 6337 
0 1126 2132142 0 0 6 0 0 0 58638 0 6340 
0 1127 2132143 0 0 6 0 0 0 58644 0 6346 
0 1128 2132158 0 0 3 0 0 0 58650 0 6352 
0 1129 2132159 0 0 3 0 0 0 58653 0 6355 
0 1130 2132190 0 0 5 0 0 0 58656 0 6358 
0 1131 2132191 0 0 5 0 0 0 58661 0 6363 
0 1132 2132192 0 0 6 0 0 0 58666 0 6368 
0 1133 2132193 0 0 6 0 0 0 58497 0 6374 
0 1134 2132194 0 0 7 0 0 0 58422 0 6380 
0 1135 2132195 0 0 7 0 0 0 58429 0 6387 
0 1136 2132196 0 0 7 0 0 0 58436 0 6394 
0 1137 2132197 0 0 7 0 0 0 58443 0 6401 
0 1138 2132198 0 0 7 0 0 0 58450 0 6408 
0 1139 2132199 0 0 7 0 0 0 58457 0 6415 
0 1140 2132202 0 0 6 0 0 0 58464 0 6422 
0 1141 2132203 0 0 6 0 0 0 58470 0 6428 
0 1142 2132204 0 0 7 0 0 0 58476 0 6434 
0 1143 2132205 0 0 7 0 0 0 58483 0 6441 
0 1144 2132206 0 0 7 0 0 0 58490 0 6448 
0 1145 2132207 0 0 7 0 0 0 58415 0 6455 
0 1146 2132212 0 0 6 0 0 0 58503 0 6462 
0 1147 2132213 0 0 6 0 0 0 58509 0 6468 
0 1148 2132214 0 0 7 0 0 0 58515 0 6474 
0 1149 2132215 0 0 7 0 0 0 58522 0 6481 
0 1150 2132222 0 0 6 0 0 0 58529 0 6488 
0 1151 2132223 0 0 6 0 0 0 58535 0 6494 
0 1152 2132272 0 0 5 0 0 0 58541 0 6500 
0 1153 2132273 0 0 7 0 0 0 58546 0 6505 
0 1154 2132275 0 0 5 0 0 0 58553 0 6512 
0 1155 2132276 0 0 5 0 0 0 58558 0 6517 
0 1156 2132277 0 0 7 0 0 0 58563 0 6522 
0 1157 2132279 0 0 5 0 0 0 56984 0 6529 
0 1158 2132280 0 0 5 0 0 0 55542 0 6534 
0 1159 2132281 0 0 7 0 0 0 55547 0 6539 
0 1160 2132283 0 0 5 0 0 0 55554 0 6546 
0 1161 2132284 0 0 5 0 0 0 55559 0 6551 
0 1162 2132285 0 0 7 0 0 0 55564 0 6556 
0 1163 2132287 0 0 5 0 0 0 55571 0 6563 
0 1164 2132328 0 0 5 0 0 0 55576 0 6568 
0 1165 2132329 0 0 6 0 0 0 55581 0 6573 
0 1166 2132330 0 0 5 0 0 0 55587 0 6579 
0 1167 2132331 0 0 6 0 0 0 55592 0 6584 
0 1168 2132332 0 0 6 0 0 0 55598 0 6590 
0 1169 2132333 0 0 6 0 0 0 55536 0 6596 
0 1170 2132334 0 0 6 0 0 0 55610 0 6602 
0 1171 2132335 0 0 6 0 0 0 55616 0 6608 
0 1172 2132336 0 0 7 0 0 0 55622 0 6614 
0 1173 2132337 0 0 7 0 0 0 55629 0 6621 
0 1174 2132338 0 0 7 0 0 0 55636 0 6628 
0 1175 2132339 0 0 7 0 0 0 55643 0 6635 
0 1176 2132340 0 0 7 0 0 0 55650 0 6642 
0 1177 2132341 0 0 7 0 0 0 55657 0 6649 
0 1178 2132342 0 0 7 0 0 0 55664 0 6656 
0 1179 2132343 0 0 7 0 0 0 55671 0 6663 
0 1180 2132344 0 0 7 0 0 0 55678 0 6670 
0 1181 2132345 0 0 7 0 0 0 55455 0 6677 
0 1182 2132346 0 0 7 0 0 0 55383 0 6684 
0 1183 2132347 0 0 7 0 0 0 55390 0 6691 
0 1184 2132348 0 0 7 0 0 0 55397 0 6698 
0 1185 2132349 0 0 7 0 0 0 55404 0 6705 
0 1186 2132350 0 0 7 0 0 0 55411 0 6712 
0 1187 2132351 0 0 7 0 0 0 55418 0 6719 
0 1188 2132400 0 0 6 0 0 0 55425 0 6726 
0 1189 2132401 0 0 6 0 0 0 55431 0 6732 
0 1190 2132402 0 0 6 0 0 0 55437 0 6738 
0 1191 2132403 0 0 6 0 0 0 55443 0 6744 
0 1192 2132404 0 0 6 0 0 0 55449 0 6750 
0 1193 2132405 0 0 6 0 0 0 55377 0 6756 
0 1194 2132406 0 0 6 0 0 0 55462 0 6762 
0 1195 2132407 0 0 6 0 0 0 55468 0 6768 
0 1196 2132408 0 0 7 0 0 0 55474 0 6774 
0 1197 2132409 0 0 7 0 0 0 55481 0 6781 
0 1198 2132410 0 0 7 0 0 0 55488 0 6788 
0 1199 2132411 0 0 7 0 0 0 55495 0 6795 
0 1200 2132412 0 0 7 0 0 0 55502 0 6802 
0 1201 2132413 0 0 7 0 0 0 55509 0 6809 
0 1202 2132414 0 0 7 0 0 0 55516 0 6816 
0 1203 2132415 0 0 7 0 0 0 55523 0 6823 
0 1204 2132472 0 0 6 0 0 0 55530 0 6830 
0 1205 2132473 0 0 6 0 0 0 55604 0 6836 
0 1206 2132474 0 0 6 0 0 0 55829 0 6842 
0 1207 2132475 0 0 6 0 0 0 55835 0 6848 
0 1208 2132476 0 0 6 0 0 0 55841 0 6854 
0 1209 2132477 0 0 6 0 0 0 55847 0 6860 
0 1210 2132478 0 0 6 0 0 0 55853 0 6866 
0 1211 2132479 0 0 6 0 0 0 55859 0 6872 
0 1212 2132768 0 0 4 0 0 0 55865 0 6878 
0 1213 2132769 0 0 5 0 0 0 55869 0 6882 
0 1214 2132770 0 0 5 0 0 0 55874 0 6887 
0 1215 2132771 0 0 6 0 0 0 55879 0 6892 
0 1216 2132772 0 0 6 0 0 0 55885 0 6898 
0 1217 2132773 0 0 6 0 0 0 55823 0 6904 
0 1218 2132774 0 0 6 0 0 0 55896 0 6910 
0 1219 2132775 0 0 6 0 0 0 55902 0 6916 
0 1220 2132778 0 0 5 0 0 0 55908 0 6922 
0 1221 2132779 0 0 6 0 0 0 55913 0 6927 
0 1222 2132780 0 0 7 0 0 0 55919 0 6933 
0 1223 2132781 0 0 7 0 0 0 55926 0 6940 
0 1224 2132782 0 0 7 0 0 0 55933 0 6947 
0 1225 2132783 0 0 7 0 0 0 55940 0 6954 
0 1226 2132788 0 0 6 0 0 0 55947 0 6961 
0 1227 2132789 0 0 6 0 0 0 55953 0 6967 
0 1228 2132790 0 0 7 0 0 0 55959 0 6973 
0 1229 2132791 0 0 7 0 0 0 55756 0 6980 
0 1230 2132798 0 0 6 0 0 0 55692 0 6987 
0 1231 2132799 0 0 6 0 0 0 55698 0 6993 
0 1232 2132842 0 0 4 0 0 0 55704 0 6999 
0 1233 2132843 0 0 5 0 0 0 55708 0 7003 
0 1234 2132844 0 0 6 0 0 0 55713 0 7008 
0 1235 2132845 0 0 6 0 0 0 55719 0 7014 
0 1236 2132846 0 0 6 0 0 0 55725 0 7020 
0 1237 2132847 0 0 6 0 0 0 55731 0 7026 
0 1238 2132852 0 0 6 0 0 0 55737 0 7032 
0 1239 2132853 0 0 6 0 0 0 55743 0 7038 
0 1240 2132854 0 0 7 0 0 0 55749 0 7044 
0 1241 2132855 0 0 7 0 0 0 55685 0 7051 
0 1242 2132862 0 0 6 0 0 0 55763 0 7058 
0 1243 2132863 0 0 6 0 0 0 55769 0 7064 
0 1244 2132916 0 0 5 0 0 0 55775 0 7070 
0 1245 2132917 0 0 5 0 0 0 55780 0 7075 
0 1246 2132918 0 0 6 0 0 0 55785 0 7080 
0 1247 2132919 0 0 6 0 0 0 55791 0 7086 
0 1248 2132926 0 0 6 0 0 0 55797 0 7092 
0 1249 2132927 0 0 6 0 0 0 55803 0 7098 
0 1250 2132990 0 0 5 0 0 0 55809 0 7104 
0 1251 2132991 0 0 5 0 0 0 55814 0 7109 
0 1252 2133214 0 0 4 0 0 0 55819 0 7114 
0 1253 2133215 0 0 4 0 0 0 55307 0 7118 
0 1254 2133226 0 0 5 0 0 0 54977 0 7122 
0 1255 2133227 0 0 5 0 0 0 54982 0 7127 
0 1256 2133228 0 0 6 0 0 0 54987 0 7132 
0 1257 2133229 0 0 6 0 0 0 54993 0 7138 
0 1258 2133230 0 0 6 0 0 0 54999 0 7144 
0 1259 2133231 0 0 6 0 0 0 55005 0 7150 
0 1260 2133236 0 0 5 0 0 0 55011 0 7156 
0 1261 2133237 0 0 5 0 0 0 55016 0 7161 
0 1262 2133238 0 0 6 0 0 0 55021 0 7166 
0 1263 2133239 0 0 6 0 0 0 55027 0 7172 
0 1264 2133246 0 0 5 0 0 0 55033 0 7178 
0 1265 2133247 0 0 5 0 0 0 54972 0 7183 
0 1266 2133360 0 0 5 0 0 0 55042 0 7188 
0 1267 2133361 0 0 7 0 0 0 55047 0 7193 
0 1268 2133363 0 0 5 0 0 0 55054 0 7200 
0 1269 2133364 0 0 5 0 0 0 55059 0 7205 
0 1270 2133365 0 0 7 0 0 0 55064 0 7210 
0 1271 2133367 0 0 5 0 0 0 55071 0 7217 
0 1272 2133368 0 0 5 0 0 0 55076 0 7222 
0 1273 2133369 0 0 7 0 0 0 55081 0 7227 
0 1274 2133371 0 0 5 0 0 0 55088 0 7234 
0 1275 2133372 0 0 5 0 0 0 55093 0 7239 
0 1276 2133373 0 0 7 0 0 0 55098 0 7244 
0 1277 2133375 0 0 5 0 0 0 54898 0 7251 
0 1278 2133424 0 0 6 0 0 0 54822 0 7256 
0 1279 2133425 0 0 6 0 0 0 54828 0 7262 
0 1280 2133426 0 0 6 0 0 0 54834 0 7268 
0 1281 2133427 0 0 6 0 0 0 54840 0 7274 
0 1282 2133428 0 0 6 0 0 0 54846 0 7280 
0 1283 2133429 0 0 6 0 0 0 54852 0 7286 
0 1284 2133430 0 0 6 0 0 0 54858 0 7292 
0 1285 2133431 0 0 6 0 0 0 54864 0 7298 
0 1286 2133432 0 0 7 0 0 0 54870 0 7304 
0 1287 2133433 0 0 7 0 0 0 54877 0 7311 
0 1288 2133434 0 0 7 0 0 0 54884 0 7318 
0 1289 2133435 0 0 7 0 0 0 54891 0 7325 
0 1290 2133436 0 0 7 0 0 0 54815 0 7332 
0 1291 2133437 0 0 7 0 0 0 54903 0 7339 
0 1292 2133438 0 0 7 0 0 0 54910 0 7346 
0 1293 2133439 0 0 7 0 0 0 54917 0 7353 
0 1294 2133496 0 0 6 0 0 0 54924 0 7360 
0 1295 2133497 0 0 6 0 0 0 54930 0 7366 
0 1296 2133498 0 0 6 0 0 0 54936 0 7372 
0 1297 2133499 0 0 6 0 0 0 54942 0 7378 
0 1298 2133500 0 0 6 0 0 0 54948 0 7384 
0 1299 2133501 0 0 6 0 0 0 54954 0 7390 
0 1300 2133502 0 0 6 0 0 0 54960 0 7396 
0 1301 2133503 0 0 6 0 0 0 54966 0 7402 
0 1302 2133793 0 0 4 0 0 0 55038 0 7408 
0 1303 2133795 0 0 5 0 0 0 55239 0 7412 
0 1304 2133796 0 0 6 0 0 0 55244 0 7417 
0 1305 2133797 0 0 6 0 0 0 55250 0 7423 
0 1306 2133798 0 0 6 0 0 0 55256 0 7429 
0 1307 2133799 0 0 6 0 0 0 55262 0 7435 
0 1308 2133803 0 0 5 0 0 0 55268 0 7441 
0 1309 2133804 0 0 7 0 0 0 55273 0 7446 
0 1310 2133805 0 0 7 0 0 0 55280 0 7453 
0 1311 2133806 0 0 7 0 0 0 55287 0 7460 
0 1312 2133807 0 0 7 0 0 0 55294 0 7467 
0 1313 2133812 0 0 6 0 0 0 55301 0 7474 
0 1314 2133813 0 0 6 0 0 0 55233 0 7480 
0 1315 2133814 0 0 7 0 0 0 55311 0 7486 
0 1316 2133815 0 0 7 0 0 0 55318 0 7493 
0 1317 2133822 0 0 6 0 0 0 55325 0 7500 
0 1318 2133823 0 0 6 0 0 0 55331 0 7506 
0 1319 2133867 0 0 4 0 0 0 55337 0 7512 
0 1320 2133868 0 0 6 0 0 0 55341 0 7516 
0 1321 2133869 0 0 6 0 0 0 55347 0 7522 
0 1322 2133870 0 0 6 0 0 0 55353 0 7528 
0 1323 2133871 0 0 6 0 0 0 55359 0 7534 
0 1324 2133876 0 0 6 0 0 0 55365 0 7540 
0 1325 2133877 0 0 6 0 0 0 55371 0 7546 
0 1326 2133878 0 0 7 0 0 0 55172 0 7552 
0 1327 2133879 0 0 7 0 0 0 55109 0 7559 
0 1328 2133886 0 0 6 0 0 0 55116 0 7566 
0 1329 2133887 0 0 6 0 0 0 55122 0 7572 
0 1330 2133940 0 0 5 0 0 0 55128 0 7578 
0 1331 2133941 0 0 5 0 0 0 55133 0 7583 
0 1332 2133942 0 0 6 0 0 0 55138 0 7588 
0 1333 2133943 0 0 6 0 0 0 55144 0 7594 
0 1334 2133950 0 0 6 0 0 0 55150 0 7600 
0 1335 2133951 0 0 6 0 0 0 55156 0 7606 
0 1336 2134014 0 0 5 0 0 0 55162 0 7612 
0 1337 2134015 0 0 5 0 0 0 55167 0 7617 
0 1338 2136496 0 0 4 0 0 0 55105 0 7622 
0 1339 2136497 0 0 5 0 0 0 55179 0 7626 
0 1340 2136499 0 0 4 0 0 0 55184 0 7631 
0 1341 2136500 0 0 4 0 0 0 55188 0 7635 
0 1342 2136501 0 0 5 0 0 0 55192 0 7639 
0 1343 2136503 0 0 4 0 0 0 55197 0 7644 
0 1344 2136504 0 0 5 0 0 0 55201 0 7648 
0 1345 2136505 0 0 6 0 0 0 55206 0 7653 
0 1346 2136507 0 0 5 0 0 0 55212 0 7659 
0 1347 2136508 0 0 5 0 0 0 55217 0 7664 
0 1348 2136509 0 0 6 0 0 0 55222 0 7669 
0 1349 2136511 0 0 5 0 0 0 55228 0 7675 
0 1350 2136568 0 0 5 0 0 0 55891 0 7680 
0 1351 2136569 0 0 6 0 0 0 56662 0 7685 
0 1352 2136571 0 0 5 0 0 0 56668 0 7691 
0 1353 2136572 0 0 5 0 0 0 56673 0 7696 
0 1354 2136573 0 0 6 0 0 0 56678 0 7701 
0 1355 2136575 0 0 5 0 0 0 56684 0 7707 
0 1356 2136724 0 0 4 0 0 0 56689 0 7712 
0 1357 2136725 0 0 4 0 0 0 56693 0 7716 
0 1358 2136726 0 0 6 0 0 0 56697 0 7720 
0 1359 2136727 0 0 6 0 0 0 56703 0 7726 
0 1360 2136734 0 0 5 0 0 0 56709 0 7732 
0 1361 2136735 0 0 5 0 0 0 56714 0 7737 
0 1362 2136736 0 0 3 0 0 0 56659 0 7742 
0 1363 2136737 0 0 5 0 0 0 56726 0 7745 
0 1364 2136739 0 0 5 0 0 0 56731 0 7750 
0 1365 2136740 0 0 5 0 0 0 56736 0 7755 
0 1366 2136741 0 0 7 0 0 0 56741 0 7760 
0 1367 2136743 0 0 5 0 0 0 56748 0 7767 
0 1368 2136746 0 0 5 0 0 0 56753 0 7772 
0 1369 2136747 0 0 5 0 0 0 56758 0 7777 
0 1370 2136748 0 0 7 0 0 0 56763 0 7782 
0 1371 2136749 0 0 7 0 0 0 56770 0 7789 
0 1372 2136750 0 0 7 0 0 0 56777 0 7796 
0 1373 2136751 0 0 7 0 0 0 56784 0 7803 
0 1374 2136756 0 0 5 0 0 0 56583 0 7810 
0 1375 2136757 0 0 5 0 0 0 56522 0 7815 
0 1376 2136758 0 0 7 0 0 0 56527 0 7820 
0 1377 2136759 0 0 7 0 0 0 56534 0 7827 
0 1378 2136766 0 0 5 0 0 0 56541 0 7834 
0 1379 2136767 0 0 5 0 0 0 56546 0 7839 
0 1380 2136796 0 0 5 0 0 0 56551 0 7844 
0 1381 2136797 0 0 5 0 0 0 56556 0 7849 
0 1382 2136798 0 0 6 0 0 0 56561 0 7854 
0 1383 2136799 0 0 6 0 0 0 56567 0 7860 
0 1384 2136809 0 0 5 0 0 0 56573 0 7866 
0 1385 2136811 0 0 5 0 0 0 56578 0 7871 
0 1386 2136812 0 0 5 0 0 0 56517 0 7876 
0 1387 2136813 0 0 7 0 0 0 56588 0 7881 
0 1388 2136815 0 0 5 0 0 0 56595 0 7888 
0 1389 2136816 0 0 5 0 0 0 56600 0 7893 
0 1390 2136817 0 0 7 0 0 0 56605 0 7898 
0 1391 2136818 0 0 7 0 0 0 56612 0 7905 
0 1392 2136819 0 0 7 0 0 0 56619 0 7912 
0 1393 2136820 0 0 7 0 0 0 56626 0 7919 
0 1394 2136821 0 0 7 0 0 0 56633 0 7926 
0 1395 2136822 0 0 7 0 0 0 56640 0 7933 
0 1396 2136823 0 0 7 0 0 0 56647 0 7940 
0 1397 2136825 0 0 5 0 0 0 56654 0 7947 
0 1398 2136826 0 0 7 0 0 0 56719 0 7952 
0 1399 2136827 0 0 7 0 0 0 56917 0 7959 
0 1400 2136828 0 0 7 0 0 0 56924 0 7966 
0 1401 2136829 0 0 7 0 0 0 56931 0 7973 
0 1402 2136830 0 0 7 0 0 0 56938 0 7980 
0 1403 2136831 0 0 7 0 0 0 56945 0 7987 
0 1404 2137008 0 0 5 0 0 0 56952 0 7994 
0 1405 2137009 0 0 6 0 0 0 56957 0 7999 
0 1406 2137011 0 0 5 0 0 0 56963 0 8005 
0 1407 2137012 0 0 5 0 0 0 56968 0 8010 
0 1408 2137013 0 0 6 0 0 0 56973 0 8015 
0 1409 2137015 0 0 5 0 0 0 56979 0 8021 
0 1410 2137016 0 0 6 0 0 0 56911 0 8026 
0 1411 2137017 0 0 7 0 0 0 56989 0 8032 
0 1412 2137019 0 0 6 0 0 0 56996 0 8039 
0 1413 2137020 0 0 6 0 0 0 57002 0 8045 
0 1414 2137021 0 0 7 0 0 0 57008 0 8051 
0 1415 2137023 0 0 6 0 0 0 57015 0 8058 
0 1416 2137080 0 0 5 0 0 0 57021 0 8064 
0 1417 2137081 0 0 6 0 0 0 57026 0 8069 
0 1418 2137083 0 0 5 0 0 0 57032 0 8075 
0 1419 2137084 0 0 5 0 0 0 57037 0 8080 
0 1420 2137085 0 0 6 0 0 0 57042 0 8085 
0 1421 2137087 0 0 5 0 0 0 57048 0 8091 
0 1422 2137592 0 0 4 0 0 0 56846 0 8096 
0 1423 2137593 0 0 5 0 0 0 56796 0 8100 
0 1424 2137595 0 0 4 0 0 0 56801 0 8105 
0 1425 2137596 0 0 4 0 0 0 56805 0 8109 
0 1426 2137597 0 0 5 0 0 0 56809 0 8113 
0 1427 2137599 0 0 4 0 0 0 56814 0 8118 
0 1428 2137822 0 0 4 0 0 0 56818 0 8122 
0 1429 2137823 0 0 4 0 0 0 56822 0 8126 
0 1430 2137835 0 0 3 0 0 0 56826 0 8130 
0 1431 2137836 0 0 5 0 0 0 56829 0 8133 
0 1432 2137837 0 0 7 0 0 0 56834 0 8138 
0 1433 2137839 0 0 5 0 0 0 56841 0 8145 
0 1434 2137844 0 0 5 0 0 0 56791 0 8150 
0 1435 2137845 0 0 5 0 0 0 56850 0 8155 
0 1436 2137846 0 0 7 0 0 0 56855 0 8160 
0 1437 2137847 0 0 7 0 0 0 56862 0 8167 
0 1438 2137854 0 0 5 0 0 0 56869 0 8174 
0 1439 2137855 0 0 5 0 0 0 56874 0 8179 
0 1440 2138032 0 0 5 0 0 0 56879 0 8184 
0 1441 2138033 0 0 6 0 0 0 56884 0 8189 
0 1442 2138035 0 0 5 0 0 0 56890 0 8195 
0 1443 2138036 0 0 5 0 0 0 56895 0 8200 
0 1444 2138037 0 0 6 0 0 0 56900 0 8205 
0 1445 2138039 0 0 5 0 0 0 56906 0 8211 
0 1446 2138040 0 0 6 0 0 0 56437 0 8216 
0 1447 2138041 0 0 7 0 0 0 56085 0 8222 
0 1448 2138043 0 0 6 0 0 0 56092 0 8229 
0 1449 2138044 0 0 6 0 0 0 56098 0 8235 
0 1450 2138045 0 0 7 0 0 0 56104 0 8241 
0 1451 2138047 0 0 6 0 0 0 56111 0 8248 
0 1452 2138104 0 0 5 0 0 0 56117 0 8254 
0 1453 2138105 0 0 6 0 0 0 56122 0 8259 
0 1454 2138107 0 0 5 0 0 0 56128 0 8265 
0 1455 2138108 0 0 5 0 0 0 56133 0 8270 
0 1456 2138109 0 0 6 0 0 0 56138 0 8275 
0 1457 2138111 0 0 5 0 0 0 56144 0 8281 
0 1458 2145172 0 0 4 0 0 0 56081 0 8286 
0 1459 2145173 0 0 4 0 0 0 56154 0 8290 
0 1460 2145174 0 0 6 0 0 0 56158 0 8294 
0 1461 2145175 0 0 6 0 0 0 56164 0 8300 
0 1462 2145182 0 0 5 0 0 0 56170 0 8306 
0 1463 2145183 0 0 5 0 0 0 56175 0 8311 
0 1464 2145204 0 0 4 0 0 0 56180 0 8316 
0 1465 2145205 0 0 5 0 0 0 56184 0 8320 
0 1466 2145207 0 0 5 0 0 0 56189 0 8325 
0 1467 2145215 0 0 4 0 0 0 56194 0 8330 
0 1468 2145238 0 0 5 0 0 0 56198 0 8334 
0 1469 2145239 0 0 5 0 0 0 56203 0 8339 
0 1470 2145246 0 0 6 0 0 0 56027 0 8344 
0 1471 2145247 0 0 6 0 0 0 55970 0 8350 
0 1472 2145268 0 0 5 0 0 0 55976 0 8356 
0 1473 2145269 0 0 6 0 0 0 55981 0 8361 
0 1474 2145271 0 0 6 0 0 0 55987 0 8367 
0 1475 2145279 0 0 5 0 0 0 55993 0 8373 
0 1476 2146270 0 0 4 0 0 0 55998 0 8378 
0 1477 2146271 0 0 4 0 0 0 56002 0 8382 
0 1478 2146292 0 0 4 0 0 0 56006 0 8386 
0 1479 2146293 0 0 5 0 0 0 56010 0 8390 
0 1480 2146295 0 0 5 0 0 0 56015 0 8395 
0 1481 2146303 0 0 4 0 0 0 56020 0 8400 
0 1482 2161588 0 0 3 0 0 0 56024 0 8404 
0 1483 2161589 0 0 4 0 0 0 55966 0 8407 
0 1484 2161591 0 0 4 0 0 0 56033 0 8411 
0 1485 2161599 0 0 4 0 0 0 56037 0 8415 
0 1486 2161663 0 0 4 0 0 0 56041 0 8419 
0 1487 2162687 0 0 3 0 0 0 56045 0 8423 
0 1488 2165982 0 0 3 0 0 0 56048 0 8426 
0 1489 2165983 0 0 3 0 0 0 56051 0 8429 
0 1490 2165984 0 0 4 0 0 0 56054 0 8432 
0 1491 2165985 0 0 4 0 0 0 56058 0 8436 
0 1492 2165986 0 0 7 0 0 0 56062 0 8440 
0 1493 2165987 0 0 7 0 0 0 56069 0 8447 
0 1494 2165990 0 0 5 0 0 0 56076 0 8454 
0 1495 2165991 0 0 5 0 0 0 56149 0 8459 
0 1496 2165994 0 0 6 0 0 0 56377 0 8464 
0 1497 2165995 0 0 6 0 0 0 56383 0 8470 
0 1498 2165996 0 0 4 0 0 0 56389 0 8476 
0 1499 2165997 0 0 4 0 0 0 56393 0 8480 
0 1500 2165998 0 0 7 0 0 0 56397 0 8484 
0 1501 2165999 0 0 7 0 0 0 56404 0 8491 
0 1502 2166014 0 0 4 0 0 0 56411 0 8498 
0 1503 2166015 0 0 4 0 0 0 56415 0 8502 
0 1504 2166056 0 0 5 0 0 0 56419 0 8506 
0 1505 2166057 0 0 8 0 0 0 56424 0 8511 
0 1506 2166059 0 0 5 0 0 0 56432 0 8519 
0 1507 2166060 0 0 5 0 0 0 56372 0 8524 
0 1508 2166061 0 0 8 0 0 0 56443 0 8529 
0 1509 2166063 0 0 5 0 0 0 56451 0 8537 
0 1510 2166072 0 0 6 0 0 0 56456 0 8542 
0 1511 2166073 0 0 6 0 0 0 56462 0 8548 
0 1512 2166074 0 0 8 0 0 0 56468 0 8554 
0 1513 2166075 0 0 8 0 0 0 56476 0 8562 
0 1514 2166078 0 0 6 0 0 0 56484 0 8570 
0 1515 2166079 0 0 6 0 0 0 56490 0 8576 
0 1516 2166120 0 0 7 0 0 0 56496 0 8582 
0 1517 2166121 0 0 7 0 0 0 56503 0 8589 
0 1518 2166122 0 0 7 0 0 0 56510 0 8596 
0 1519 2166123 0 0 7 0 0 0 56288 0 8603 
0 1520 2166124 0 0 7 0 0 0 56216 0 8610 
0 1521 2166125 0 0 7 0 0 0 56223 0 8617 
0 1522 2166126 0 0 7 0 0 0 56230 0 8624 
0 1523 2166127 0 0 7 0 0 0 56237 0 8631 
0 1524 2166128 0 0 5 0 0 0 56244 0 8638 
0 1525 2166129 0 0 5 0 0 0 56249 0 8643 
0 1526 2166130 0 0 8 0 0 0 56254 0 8648 
0 1527 2166131 0 0 8 0 0 0 56262 0 8656 
0 1528 2166134 0 0 5 0 0 0 56270 0 8664 
0 1529 2166135 0 0 5 0 0 0 56275 0 8669 
0 1530 2166136 0 0 8 0 0 0 56280 0 8674 
0 1531 2166137 0 0 8 0 0 0 56208 0 8682 
0 1532 2166138 0 0 8 0 0 0 56295 0 8690 
0 1533 2166139 0 0 8 0 0 0 56303 0 8698 
0 1534 2166140 0 0 8 0 0 0 56311 0 8706 
0 1535 2166141 0 0 8 0 0 0 56319 0 8714 
0 1536 2166142 0 0 8 0 0 0 56327 0 8722 
0 1537 2166143 0 0 8 0 0 0 56335 0 8730 
0 1538 2166264 0 0 5 0 0 0 56343 0 8738 
0 1539 2166265 0 0 5 0 0 0 56348 0 8743 
0 1540 2166266 0 0 7 0 0 0 56353 0 8748 
0 1541 2166267 0 0 7 0 0 0 56360 0 8755 
0 1542 2166270 0 0 5 0 0 0 56367 0 8762 
0 1543 2166271 0 0 5 0 0 0 50257 0 8767 
0 1544 2166560 0 0 4 0 0 0 43140 0 8772 
0 1545 2166561 0 0 4 0 0 0 43144 0 8776 
0 1546 2166562 0 0 7 0 0 0 43148 0 8780 
0 1547 2166563 0 0 7 0 0 0 43155 0 8787 
0 1548 2166566 0 0 5 0 0 0 43162 0 8794 
0 1549 2166567 0 0 5 0 0 0 43167 0 8799 
0 1550 2166570 0 0 7 0 0 0 43172 0 8804 
0 1551 2166571 0 0 7 0 0 0 43179 0 8811 
0 1552 2166572 0 0 5 0 0 0 43186 0 8818 
0 1553 2166573 0 0 5 0 0 0 43191 0 8823 
0 1554 2166574 0 0 8 0 0 0 43196 0 8828 
0 1555 2166575 0 0 8 0 0 0 43132 0 8836 
0 1556 2166590 0 0 5 0 0 0 43208 0 8844 
0 1557 2166591 0 0 5 0 0 0 43213 0 8849 
0 1558 2166634 0 0 6 0 0 0 43218 0 8854 
0 1559 2166635 0 0 6 0 0 0 43224 0 8860 
0 1560 2166636 0 0 7 0 0 0 43230 0 8866 
0 1561 2166637 0 0 7 0 0 0 43237 0 8873 
0 1562 2166638 0 0 7 0 0 0 43244 0 8880 
0 1563 2166639 0 0 7 0 0 0 43251 0 8887 
0 1564 2166646 0 0 5 0 0 0 43258 0 8894 
0 1565 2166647 0 0 5 0 0 0 43263 0 8899 
0 1566 2166654 0 0 7 0 0 0 43268 0 8904 
0 1567 2166655 0 0 7 0 0 0 43075 0 8911 
0 1568 2166782 0 0 4 0 0 0 43035 0 8918 
0 1569 2166783 0 0 4 0 0 0 43039 0 8922 
0 1570 2167288 0 0 3 0 0 0 43043 0 8926 
0 1571 2167289 0 0 5 0 0 0 43046 0 8929 
0 1572 2167291 0 0 5 0 0 0 43051 0 8934 
0 1573 2167295 0 0 3 0 0 0 43056 0 8939 
0 1574 2167296 0 0 1 0 0 0 43059 0 8942 
0 1575 2167297 0 0 3 0 0 0 43060 0 8943 
0 1576 2167299 0 0 5 0 0 0 43063 0 8946 
0 1577 2167303 0 0 3 0 0 0 43068 0 8951 
0 1578 2167307 0 0 4 0 0 0 43071 0 8954 
0 1579 2167308 0 0 2 0 0 0 43033 0 8958 
0 1580 2167309 0 0 4 0 0 0 43082 0 8960 
0 1581 2167311 0 0 6 0 0 0 43086 0 8964 
0 1582 2167326 0 0 2 0 0 0 43092 0 8970 
0 1583 2167327 0 0 4 0 0 0 43094 0 8972 
0 1584 2167359 0 0 2 0 0 0 43098 0 8976 
0 1585 2167368 0 0 4 0 0 0 43100 0 8978 
0 1586 2167369 0 0 6 0 0 0 43104 0 8982 
0 1587 2167371 0 0 5 0 0 0 43110 0 8988 
0 1588 2167372 0 0 5 0 0 0 43115 0 8993 
0 1589 2167373 0 0 7 0 0 0 43120 0 8998 
0 1590 2167375 0 0 5 0 0 0 43127 0 9005 
0 1591 2167376 0 0 4 0 0 0 43204 0 9010 
0 1592 2167377 0 0 4 0 0 0 43421 0 9014 
0 1593 2167378 0 0 8 0 0 0 43425 0 9018 
0 1594 2167379 0 0 8 0 0 0 43433 0 9026 
0 1595 2167382 0 0 5 0 0 0 43441 0 9034 
0 1596 2167383 0 0 5 0 0 0 43446 0 9039 
0 1597 2167384 0 0 7 0 0 0 43451 0 9044 
0 1598 2167385 0 0 7 0 0 0 43458 0 9051 
0 1599 2167386 0 0 8 0 0 0 43465 0 9058 
0 1600 2167387 0 0 8 0 0 0 43473 0 9066 
0 1601 2167388 0 0 8 0 0 0 43481 0 9074 
0 1602 2167389 0 0 8 0 0 0 43489 0 9082 
0 1603 2167390 0 0 8 0 0 0 43413 0 9090 
0 1604 2167391 0 0 8 0 0 0 43503 0 9098 
0 1605 2167408 0 0 6 0 0 0 43511 0 9106 
0 1606 2167409 0 0 8 0 0 0 43517 0 9112 
0 1607 2167411 0 0 6 0 0 0 43525 0 9120 
0 1608 2167412 0 0 6 0 0 0 43531 0 9126 
0 1609 2167413 0 0 8 0 0 0 43537 0 9132 
0 1610 2167415 0 0 6 0 0 0 43545 0 9140 
0 1611 2167416 0 0 6 0 0 0 43551 0 9146 
0 1612 2167417 0 0 8 0 0 0 43557 0 9152 
0 1613 2167419 0 0 6 0 0 0 43565 0 9160 
0 1614 2167420 0 0 6 0 0 0 43571 0 9166 
0 1615 2167421 0 0 8 0 0 0 43344 0 9172 
0 1616 2167423 0 0 6 0 0 0 43283 0 9180 
0 1617 2167512 0 0 4 0 0 0 43289 0 9186 
0 1618 2167513 0 0 4 0 0 0 43293 0 9190 
0 1619 2167514 0 0 7 0 0 0 43297 0 9194 
0 1620 2167515 0 0 7 0 0 0 43304 0 9201 
0 1621 2167518 0 0 5 0 0 0 43311 0 9208 
0 1622 2167519 0 0 5 0 0 0 43316 0 9213 
0 1623 2167528 0 0 5 0 0 0 43321 0 9218 
0 1624 2167529 0 0 8 0 0 0 43326 0 9223 
0 1625 2167531 0 0 5 0 0 0 43334 0 9231 
0 1626 2167532 0 0 5 0 0 0 43339 0 9236 
0 1627 2167533 0 0 8 0 0 0 43275 0 9241 
0 1628 2167535 0 0 5 0 0 0 43352 0 9249 
0 1629 2167544 0 0 6 0 0 0 43357 0 9254 
0 1630 2167545 0 0 6 0 0 0 43363 0 9260 
0 1631 2167546 0 0 8 0 0 0 43369 0 9266 
0 1632 2167547 0 0 8 0 0 0 43377 0 9274 
0 1633 2167550 0 0 6 0 0 0 43385 0 9282 
0 1634 2167551 0 0 6 0 0 0 43391 0 9288 
0 1635 2167800 0 0 3 0 0 0 43397 0 9294 
0 1636 2167801 0 0 5 0 0 0 43400 0 9297 
0 1637 2167803 0 0 5 0 0 0 43405 0 9302 
0 1638 2167807 0 0 3 0 0 0 43410 0 9307 
0 1639 2168168 0 0 5 0 0 0 42959 0 9310 
0 1640 2168169 0 0 6 0 0 0 42573 0 9315 
0 1641 2168170 0 0 5 0 0 0 42579 0 9321 
0 1642 2168171 0 0 6 0 0 0 42584 0 9326 
0 1643 2168172 0 0 6 0 0 0 42590 0 9332 
0 1644 2168173 0 0 6 0 0 0 42596 0 9338 
0 1645 2168174 0 0 6 0 0 0 42602 0 9344 
0 1646 2168175 0 0 6 0 0 0 42608 0 9350 
0 1647 2168176 0 0 7 0 0 0 42614 0 9356 
0 1648 2168177 0 0 7 0 0 0 42621 0 9363 
0 1649 2168178 0 0 7 0 0 0 42628 0 9370 
0 1650 2168179 0 0 7 0 0 0 42635 0 9377 
0 1651 2168180 0 0 7 0 0 0 42566 0 9384 
0 1652 2168181 0 0 7 0 0 0 42648 0 9391 
0 1653 2168182 0 0 7 0 0 0 42655 0 9398 
0 1654 2168183 0 0 7 0 0 0 42662 0 9405 
0 1655 2168184 0 0 7 0 0 0 42669 0 9412 
0 1656 2168185 0 0 7 0 0 0 42676 0 9419 
0 1657 2168186 0 0 7 0 0 0 42683 0 9426 
0 1658 2168187 0 0 7 0 0 0 42690 0 9433 
0 1659 2168188 0 0 7 0 0 0 42697 0 9440 
0 1660 2168189 0 0 7 0 0 0 42704 0 9447 
0 1661 2168190 0 0 7 0 0 0 42711 0 9454 
0 1662 2168191 0 0 7 0 0 0 42718 0 9461 
0 1663 2168248 0 0 5 0 0 0 42496 0 9468 
0 1664 2168249 0 0 5 0 0 0 42416 0 9473 
0 1665 2168250 0 0 8 0 0 0 42421 0 9478 
0 1666 2168251 0 0 8 0 0 0 42429 0 9486 
0 1667 2168254 0 0 5 0 0 0 42437 0 9494 
0 1668 2168255 0 0 5 0 0 0 42442 0 9499 
0 1669 2168312 0 0 7 0 0 0 42447 0 9504 
0 1670 2168313 0 0 7 0 0 0 42454 0 9511 
0 1671 2168314 0 0 7 0 0 0 42461 0 9518 
0 1672 2168315 0 0 7 0 0 0 42468 0 9525 
0 1673 2168316 0 0 7 0 0 0 42475 0 9532 
0 1674 2168317 0 0 7 0 0 0 42482 0 9539 
0 1675 2168318 0 0 7 0 0 0 42489 0 9546 
0 1676 2168319 0 0 7 0 0 0 42409 0 9553 
0 1677 2168394 0 0 4 0 0 0 42501 0 9560 
0 1678 2168395 0 0 5 0 0 0 42505 0 9564 
0 1679 2168396 0 0 7 0 0 0 42510 0 9569 
0 1680 2168397 0 0 7 0 0 0 42517 0 9576 
0 1681 2168398 0 0 7 0 0 0 42524 0 9583 
0 1682 2168399 0 0 7 0 0 0 42531 0 9590 
0 1683 2168404 0 0 3 0 0 0 42538 0 9597 
0 1684 2168405 0 0 3 0 0 0 42541 0 9600 
0 1685 2168406 0 0 8 0 0 0 42544 0 9603 
0 1686 2168407 0 0 8 0 0 0 42552 0 9611 
0 1687 2168414 0 0 6 0 0 0 42560 0 9619 
0 1688 2168415 0 0 6 0 0 0 42642 0 9625 
0 1689 2168416 0 0 5 0 0 0 42882 0 9631 
0 1690 2168417 0 0 6 0 0 0 42887 0 9636 
0 1691 2168418 0 0 7 0 0 0 42893 0 9642 
0 1692 2168419 0 0 8 0 0 0 42900 0 9649 
0 1693 2168420 0 0 8 0 0 0 42908 0 9657 
0 1694 2168421 0 0 8 0 0 0 42916 0 9665 
0 1695 2168422 0 0 8 0 0 0 42924 0 9673 
0 1696 2168423 0 0 8 0 0 0 42932 0 9681 
0 1697 2168426 0 0 5 0 0 0 42940 0 9689 
0 1698 2168427 0 0 6 0 0 0 42945 0 9694 
0 1699 2168428 0 0 8 0 0 0 42951 0 9700 
0 1700 2168429 0 0 8 0 0 0 42874 0 9708 
0 1701 2168430 0 0 8 0 0 0 42964 0 9716 
0 1702 2168431 0 0 8 0 0 0 42972 0 9724 
0 1703 2168436 0 0 6 0 0 0 42980 0 9732 
0 1704 2168437 0 0 6 0 0 0 42986 0 9738 
0 1705 2168438 0 0 8 0 0 0 42992 0 9744 
0 1706 2168439 0 0 8 0 0 0 43000 0 9752 
0 1707 2168446 0 0 6 0 0 0 43008 0 9760 
0 1708 2168447 0 0 6 0 0 0 43014 0 9766 
0 1709 2168466 0 0 3 0 0 0 43020 0 9772 
0 1710 2168467 0 0 3 0 0 0 43023 0 9775 
0 1711 2168470 0 0 7 0 0 0 43026 0 9778 
0 1712 2168471 0 0 7 0 0 0 42805 0 9785 
0 1713 2168478 0 0 4 0 0 0 42733 0 9792 
0 1714 2168479 0 0 4 0 0 0 42737 0 9796 
0 1715 2168480 0 0 4 0 0 0 42741 0 9800 
0 1716 2168481 0 0 4 0 0 0 42745 0 9804 
0 1717 2168482 0 0 8 0 0 0 42749 0 9808 
0 1718 2168483 0 0 8 0 0 0 42757 0 9816 
0 1719 2168484 0 0 8 0 0 0 42765 0 9824 
0 1720 2168485 0 0 8 0 0 0 42773 0 9832 
0 1721 2168486 0 0 8 0 0 0 42781 0 9840 
0 1722 2168487 0 0 8 0 0 0 42789 0 9848 
0 1723 2168490 0 0 8 0 0 0 42797 0 9856 
0 1724 2168491 0 0 8 0 0 0 42725 0 9864 
0 1725 2168492 0 0 4 0 0 0 42812 0 9872 
0 1726 2168493 0 0 4 0 0 0 42816 0 9876 
0 1727 2168494 0 0 8 0 0 0 42820 0 9880 
0 1728 2168495 0 0 8 0 0 0 42828 0 9888 
0 1729 2168498 0 0 4 0 0 0 42836 0 9896 
0 1730 2168499 0 0 4 0 0 0 42840 0 9900 
0 1731 2168502 0 0 8 0 0 0 42844 0 9904 
0 1732 2168503 0 0 8 0 0 0 42852 0 9912 
0 1733 2168510 0 0 4 0 0 0 42860 0 9920 
0 1734 2168511 0 0 4 0 0 0 42864 0 9924 
0 1735 2168538 0 0 6 0 0 0 42868 0 9928 
0 1736 2168539 0 0 6 0 0 0 43497 0 9934 
0 1737 2168540 0 0 4 0 0 0 44390 0 9940 
0 1738 2168541 0 0 4 0 0 0 44394 0 9944 
0 1739 2168542 0 0 7 0 0 0 44398 0 9948 
0 1740 2168543 0 0 7 0 0 0 44405 0 9955 
0 1741 2168544 0 0 8 0 0 0 44412 0 9962 
0 1742 2168545 0 0 8 0 0 0 44420 0 9970 
0 1743 2168546 0 0 8 0 0 0 44428 0 9978 
0 1744 2168547 0 0 8 0 0 0 44436 0 9986 
0 1745 2168548 0 0 8 0 0 0 44444 0 9994 
0 1746 2168549 0 0 8 0 0 0 44452 0 10002 
0 1747 2168550 0 0 8 0 0 0 44460 0 10010 
0 1748 2168551 0 0 8 0 0 0 44382 0 10018 
0 1749 2168552 0 0 8 0 0 0 44476 0 10026 
0 1750 2168553 0 0 8 0 0 0 44484 0 10034 
0 1751 2168554 0 0 8 0 0 0 44492 0 10042 
0 1752 2168555 0 0 8 0 0 0 44500 0 10050 
0 1753 2168556 0 0 8 0 0 0 44508 0 10058 
0 1754 2168557 0 0 8 0 0 0 44516 0 10066 
0 1755 2168558 0 0 8 0 0 0 44524 0 10074 
0 1756 2168559 0 0 8 0 0 0 44532 0 10082 
0 1757 2168560 0 0 8 0 0 0 44540 0 10090 
0 1758 2168561 0 0 8 0 0 0 44548 0 10098 
0 1759 2168562 0 0 8 0 0 0 44556 0 10106 
0 1760 2168563 0 0 8 0 0 0 44298 0 10114 
0 1761 2168564 0 0 8 0 0 0 44210 0 10122 
0 1762 2168565 0 0 8 0 0 0 44218 0 10130 
0 1763 2168566 0 0 8 0 0 0 44226 0 10138 
0 1764 2168567 0 0 8 0 0 0 44234 0 10146 
0 1765 2168568 0 0 8 0 0 0 44242 0 10154 
0 1766 2168569 0 0 8 0 0 0 44250 0 10162 
0 1767 2168570 0 0 8 0 0 0 44258 0 10170 
0 1768 2168571 0 0 8 0 0 0 44266 0 10178 
0 1769 2168572 0 0 8 0 0 0 44274 0 10186 
0 1770 2168573 0 0 8 0 0 0 44282 0 10194 
0 1771 2168574 0 0 8 0 0 0 44290 0 10202 
0 1772 2168575 0 0 8 0 0 0 44202 0 10210 
0 1773 2168608 0 0 6 0 0 0 44306 0 10218 
0 1774 2168609 0 0 7 0 0 0 44312 0 10224 
0 1775 2168610 0 0 6 0 0 0 44319 0 10231 
0 1776 2168611 0 0 7 0 0 0 44325 0 10237 
0 1777 2168612 0 0 7 0 0 0 44332 0 10244 
0 1778 2168613 0 0 7 0 0 0 44339 0 10251 
0 1779 2168614 0 0 7 0 0 0 44346 0 10258 
0 1780 2168615 0 0 7 0 0 0 44353 0 10265 
0 1781 2168616 0 0 7 0 0 0 44360 0 10272 
0 1782 2168617 0 0 8 0 0 0 44367 0 10279 
0 1783 2168618 0 0 7 0 0 0 44375 0 10287 
0 1784 2168619 0 0 8 0 0 0 44468 0 10294 
0 1785 2168620 0 0 8 0 0 0 44756 0 10302 
0 1786 2168621 0 0 8 0 0 0 44764 0 10310 
0 1787 2168622 0 0 8 0 0 0 44772 0 10318 
0 1788 2168623 0 0 8 0 0 0 44780 0 10326 
0 1789 2168624 0 0 8 0 0 0 44788 0 10334 
0 1790 2168625 0 0 8 0 0 0 44796 0 10342 
0 1791 2168626 0 0 8 0 0 0 44804 0 10350 
0 1792 2168627 0 0 8 0 0 0 44812 0 10358 
0 1793 2168628 0 0 8 0 0 0 44820 0 10366 
0 1794 2168629 0 0 8 0 0 0 44828 0 10374 
0 1795 2168630 0 0 8 0 0 0 44836 0 10382 
0 1796 2168631 0 0 8 0 0 0 44748 0 10390 
0 1797 2168632 0 0 8 0 0 0 44852 0 10398 
0 1798 2168633 0 0 8 0 0 0 44860 0 10406 
0 1799 2168634 0 0 8 0 0 0 44868 0 10414 
0 1800 2168635 0 0 8 0 0 0 44876 0 10422 
0 1801 2168636 0 0 8 0 0 0 44884 0 10430 
0 1802 2168637 0 0 8 0 0 0 44892 0 10438 
0 1803 2168638 0 0 8 0 0 0 44900 0 10446 
0 1804 2168639 0 0 8 0 0 0 44908 0 10454 
0 1805 2168680 0 0 6 0 0 0 44916 0 10462 
0 1806 2168681 0 0 7 0 0 0 44922 0 10468 
0 1807 2168682 0 0 6 0 0 0 44929 0 10475 
0 1808 2168683 0 0 7 0 0 0 44656 0 10481 
0 1809 2168684 0 0 7 0 0 0 44572 0 10488 
0 1810 2168685 0 0 7 0 0 0 44579 0 10495 
0 1811 2168686 0 0 7 0 0 0 44586 0 10502 
0 1812 2168687 0 0 7 0 0 0 44593 0 10509 
0 1813 2168688 0 0 8 0 0 0 44600 0 10516 
0 1814 2168689 0 0 8 0 0 0 44608 0 10524 
0 1815 2168690 0 0 8 0 0 0 44616 0 10532 
0 1816 2168691 0 0 8 0 0 0 44624 0 10540 
0 1817 2168692 0 0 8 0 0 0 44632 0 10548 
0 1818 2168693 0 0 8 0 0 0 44640 0 10556 
0 1819 2168694 0 0 8 0 0 0 44648 0 10564 
0 1820 2168695 0 0 8 0 0 0 44564 0 10572 
0 1821 2168696 0 0 8 0 0 0 44663 0 10580 
0 1822 2168697 0 0 8 0 0 0 44671 0 10588 
0 1823 2168698 0 0 8 0 0 0 44679 0 10596 
0 1824 2168699 0 0 8 0 0 0 44687 0 10604 
0 1825 2168700 0 0 8 0 0 0 44695 0 10612 
0 1826 2168701 0 0 8 0 0 0 44703 0 10620 
0 1827 2168702 0 0 8 0 0 0 44711 0 10628 
0 1828 2168703 0 0 8 0 0 0 44719 0 10636 
0 1829 2168752 0 0 7 0 0 0 44727 0 10644 
0 1830 2168753 0 0 7 0 0 0 44734 0 10651 
0 1831 2168754 0 0 7 0 0 0 44741 0 10658 
0 1832 2168755 0 0 7 0 0 0 44123 0 10665 
0 1833 2168756 0 0 7 0 0 0 43719 0 10672 
0 1834 2168757 0 0 7 0 0 0 43726 0 10679 
0 1835 2168758 0 0 7 0 0 0 43733 0 10686 
0 1836 2168759 0 0 7 0 0 0 43740 0 10693 
0 1837 2168760 0 0 8 0 0 0 43747 0 10700 
0 1838 2168761 0 0 8 0 0 0 43755 0 10708 
0 1839 2168762 0 0 8 0 0 0 43763 0 10716 
0 1840 2168763 0 0 8 0 0 0 43771 0 10724 
0 1841 2168764 0 0 8 0 0 0 43779 0 10732 
0 1842 2168765 0 0 8 0 0 0 43787 0 10740 
0 1843 2168766 0 0 8 0 0 0 43795 0 10748 
0 1844 2168767 0 0 8 0 0 0 43711 0 10756 
0 1845 2168824 0 0 7 0 0 0 43811 0 10764 
0 1846 2168825 0 0 7 0 0 0 43818 0 10771 
0 1847 2168826 0 0 7 0 0 0 43825 0 10778 
0 1848 2168827 0 0 7 0 0 0 43832 0 10785 
0 1849 2168828 0 0 7 0 0 0 43839 0 10792 
0 1850 2168829 0 0 7 0 0 0 43846 0 10799 
0 1851 2168830 0 0 7 0 0 0 43853 0 10806 
0 1852 2168831 0 0 7 0 0 0 43860 0 10813 
0 1853 2170360 0 0 4 0 0 0 43867 0 10820 
0 1854 2170361 0 0 4 0 0 0 43871 0 10824 
0 1855 2170362 0 0 6 0 0 0 43875 0 10828 
0 1856 2170363 0 0 6 0 0 0 43643 0 10834 
0 1857 2170366 0 0 4 0 0 0 43581 0 10840 
0 1858 2170367 0 0 4 0 0 0 43585 0 10844 
0 1859 2170590 0 0 3 0 0 0 43589 0 10848 
0 1860 2170591 0 0 3 0 0 0 43592 0 10851 
0 1861 2170592 0 0 4 0 0 0 43595 0 10854 
0 1862 2170593 0 0 4 0 0 0 43599 0 10858 
0 1863 2170594 0 0 8 0 0 0 43603 0 10862 
0 1864 2170595 0 0 8 0 0 0 43611 0 10870 
0 1865 2170598 0 0 6 0 0 0 43619 0 10878 
0 1866 2170599 0 0 6 0 0 0 43625 0 10884 
0 1867 2170602 0 0 6 0 0 0 43631 0 10890 
0 1868 2170603 0 0 6 0 0 0 43637 0 10896 
0 1869 2170604 0 0 4 0 0 0 43577 0 10902 
0 1870 2170605 0 0 4 0 0 0 43649 0 10906 
0 1871 2170606 0 0 8 0 0 0 43653 0 10910 
0 1872 2170607 0 0 8 0 0 0 43661 0 10918 
0 1873 2170622 0 0 4 0 0 0 43669 0 10926 
0 1874 2170623 0 0 4 0 0 0 43673 0 10930 
0 1875 2170656 0 0 5 0 0 0 43677 0 10934 
0 1876 2170657 0 0 5 0 0 0 43682 0 10939 
0 1877 2170658 0 0 7 0 0 0 43687 0 10944 
0 1878 2170659 0 0 7 0 0 0 43694 0 10951 
0 1879 2170662 0 0 5 0 0 0 43701 0 10958 
0 1880 2170663 0 0 5 0 0 0 43706 0 10963 
0 1881 2170664 0 0 8 0 0 0 43803 0 10968 
0 1882 2170665 0 0 8 0 0 0 44039 0 10976 
0 1883 2170666 0 0 8 0 0 0 44047 0 10984 
0 1884 2170667 0 0 8 0 0 0 44055 0 10992 
0 1885 2170668 0 0 8 0 0 0 44063 0 11000 
0 1886 2170669 0 0 8 0 0 0 44071 0 11008 
0 1887 2170670 0 0 8 0 0 0 44079 0 11016 
0 1888 2170671 0 0 8 0 0 0 44087 0 11024 
0 1889 2170680 0 0 6 0 0 0 44095 0 11032 
0 1890 2170681 0 0 6 0 0 0 44101 0 11038 
0 1891 2170682 0 0 8 0 0 0 44107 0 11044 
0 1892 2170683 0 0 8 0 0 0 44115 0 11052 
0 1893 2170686 0 0 6 0 0 0 44033 0 11060 
0 1894 2170687 0 0 6 0 0 0 44130 0 11066 
0 1895 2170728 0 0 7 0 0 0 44136 0 11072 
0 1896 2170729 0 0 7 0 0 0 44143 0 11079 
0 1897 2170730 0 0 7 0 0 0 44150 0 11086 
0 1898 2170731 0 0 7 0 0 0 44157 0 11093 
0 1899 2170732 0 0 7 0 0 0 44164 0 11100 
0 1900 2170733 0 0 7 0 0 0 44171 0 11107 
0 1901 2170734 0 0 7 0 0 0 44178 0 11114 
0 1902 2170735 0 0 7 0 0 0 44185 0 11121 
0 1903 2170736 0 0 5 0 0 0 44192 0 11128 
0 1904 2170737 0 0 5 0 0 0 44197 0 11133 
0 1905 2170738 0 0 8 0 0 0 43968 0 11138 
0 1906 2170739 0 0 8 0 0 0 43886 0 11146 
0 1907 2170742 0 0 5 0 0 0 43894 0 11154 
0 1908 2170743 0 0 5 0 0 0 43899 0 11159 
0 1909 2170744 0 0 8 0 0 0 43904 0 11164 
0 1910 2170745 0 0 8 0 0 0 43912 0 11172 
0 1911 2170746 0 0 8 0 0 0 43920 0 11180 
0 1912 2170747 0 0 8 0 0 0 43928 0 11188 
0 1913 2170748 0 0 8 0 0 0 43936 0 11196 
0 1914 2170749 0 0 8 0 0 0 43944 0 11204 
0 1915 2170750 0 0 8 0 0 0 43952 0 11212 
0 1916 2170751 0 0 8 0 0 0 43960 0 11220 
0 1917 2170872 0 0 5 0 0 0 43881 0 11228 
0 1918 2170873 0 0 5 0 0 0 43976 0 11233 
0 1919 2170874 0 0 7 0 0 0 43981 0 11238 
0 1920 2170875 0 0 7 0 0 0 43988 0 11245 
0 1921 2170878 0 0 5 0 0 0 43995 0 11252 
0 1922 2170879 0 0 5 0 0 0 44000 0 11257 
0 1923 2175744 0 0 2 0 0 0 44005 0 11262 
0 1924 2175745 0 0 3 0 0 0 44007 0 11264 
0 1925 2175746 0 0 6 0 0 0 44010 0 11267 
0 1926 2175747 0 0 7 0 0 0 44016 0 11273 
0 1927 2175750 0 0 5 0 0 0 44023 0 11280 
0 1928 2175751 0 0 5 0 0 0 44028 0 11285 
0 1929 2175754 0 0 5 0 0 0 42334 0 11290 
0 1930 2175755 0 0 6 0 0 0 40802 0 11295 
0 1931 2175756 0 0 4 0 0 0 40808 0 11301 
0 1932 2175757 0 0 4 0 0 0 40812 0 11305 
0 1933 2175758 0 0 7 0 0 0 40816 0 11309 
0 1934 2175759 0 0 7 0 0 0 40823 0 11316 
0 1935 2175774 0 0 4 0 0 0 40830 0 11323 
0 1936 2175775 0 0 4 0 0 0 40834 0 11327 
0 1937 2175776 0 0 3 0 0 0 40838 0 11331 
0 1938 2175777 0 0 4 0 0 0 40841 0 11334 
0 1939 2175778 0 0 6 0 0 0 40845 0 11338 
0 1940 2175779 0 0 7 0 0 0 40851 0 11344 
0 1941 2175782 0 0 5 0 0 0 40797 0 11351 
0 1942 2175783 0 0 5 0 0 0 40864 0 11356 
0 1943 2175786 0 0 5 0 0 0 40869 0 11361 
0 1944 2175787 0 0 6 0 0 0 40874 0 11366 
0 1945 2175788 0 0 4 0 0 0 40880 0 11372 
0 1946 2175789 0 0 4 0 0 0 40884 0 11376 
0 1947 2175790 0 0 7 0 0 0 40888 0 11380 
0 1948 2175791 0 0 7 0 0 0 40895 0 11387 
0 1949 2175806 0 0 4 0 0 0 40902 0 11394 
0 1950 2175807 0 0 4 0 0 0 40906 0 11398 
0 1951 2175810 0 0 5 0 0 0 40910 0 11402 
0 1952 2175811 0 0 6 0 0 0 40915 0 11407 
0 1953 2175812 0 0 4 0 0 0 40711 0 11413 
0 1954 2175813 0 0 4 0 0 0 40632 0 11417 
0 1955 2175814 0 0 8 0 0 0 40636 0 11421 
0 1956 2175815 0 0 8 0 0 0 40644 0 11429 
0 1957 2175818 0 0 6 0 0 0 40652 0 11437 
0 1958 2175819 0 0 7 0 0 0 40658 0 11443 
0 1959 2175820 0 0 8 0 0 0 40665 0 11450 
0 1960 2175821 0 0 8 0 0 0 40673 0 11458 
0 1961 2175822 0 0 8 0 0 0 40681 0 11466 
0 1962 2175823 0 0 8 0 0 0 40689 0 11474 
0 1963 2175828 0 0 7 0 0 0 40697 0 11482 
0 1964 2175829 0 0 7 0 0 0 40704 0 11489 
0 1965 2175830 0 0 8 0 0 0 40624 0 11496 
0 1966 2175831 0 0 8 0 0 0 40715 0 11504 
0 1967 2175838 0 0 7 0 0 0 40723 0 11512 
0 1968 2175839 0 0 7 0 0 0 40730 0 11519 
0 1969 2175840 0 0 6 0 0 0 40737 0 11526 
0 1970 2175841 0 0 7 0 0 0 40743 0 11532 
0 1971 2175842 0 0 7 0 0 0 40750 0 11539 
0 1972 2175843 0 0 8 0 0 0 40757 0 11546 
0 1973 2175844 0 0 8 0 0 0 40765 0 11554 
0 1974 2175845 0 0 8 0 0 0 40773 0 11562 
0 1975 2175846 0 0 8 0 0 0 40781 0 11570 
0 1976 2175847 0 0 8 0 0 0 40789 0 11578 
0 1977 2175850 0 0 6 0 0 0 40858 0 11586 
0 1978 2175851 0 0 7 0 0 0 41072 0 11592 
0 1979 2175852 0 0 8 0 0 0 41079 0 11599 
0 1980 2175853 0 0 8 0 0 0 41087 0 11607 
0 1981 2175854 0 0 8 0 0 0 41095 0 11615 
0 1982 2175855 0 0 8 0 0 0 41103 0 11623 
0 1983 2175860 0 0 7 0 0 0 41111 0 11631 
0 1984 2175861 0 0 7 0 0 0 41118 0 11638 
0 1985 2175862 0 0 8 0 0 0 41125 0 11645 
0 1986 2175863 0 0 8 0 0 0 41133 0 11653 
0 1987 2175870 0 0 7 0 0 0 41141 0 11661 
0 1988 2175871 0 0 7 0 0 0 41148 0 11668 
0 1989 2175942 0 0 4 0 0 0 41068 0 11675 
0 1990 2175943 0 0 4 0 0 0 41161 0 11679 
0 1991 2175946 0 0 7 0 0 0 41165 0 11683 
0 1992 2175947 0 0 7 0 0 0 41172 0 11690 
0 1993 2175948 0 0 5 0 0 0 41179 0 11697 
0 1994 2175949 0 0 5 0 0 0 41184 0 11702 
0 1995 2175950 0 0 8 0 0 0 41189 0 11707 
0 1996 2175951 0 0 8 0 0 0 41197 0 11715 
0 1997 2175966 0 0 5 0 0 0 41205 0 11723 
0 1998 2175967 0 0 5 0 0 0 41210 0 11728 
0 1999 2175968 0 0 5 0 0 0 41215 0 11733 
0 2000 2175969 0 0 5 0 0 0 41220 0 11738 
0 2001 2175970 0 0 8 0 0 0 40995 0 11743 
0 2002 2175971 0 0 8 0 0 0 40925 0 11751 
0 2003 2175974 0 0 6 0 0 0 40933 0 11759 
0 2004 2175975 0 0 6 0 0 0 40939 0 11765 
0 2005 2175978 0 0 7 0 0 0 40945 0 11771 
0 2006 2175979 0 0 7 0 0 0 40952 0 11778 
0 2007 2175980 0 0 5 0 0 0 40959 0 11785 
0 2008 2175981 0 0 5 0 0 0 40964 0 11790 
0 2009 2175982 0 0 8 0 0 0 40969 0 11795 
0 2010 2175983 0 0 8 0 0 0 40977 0 11803 
0 2011 2175998 0 0 5 0 0 0 40985 0 11811 
0 2012 2175999 0 0 5 0 0 0 40990 0 11816 
0 2013 2176842 0 0 4 0 0 0 40921 0 11821 
0 2014 2176843 0 0 5 0 0 0 41003 0 11825 
0 2015 2176844 0 0 7 0 0 0 41008 0 11830 
0 2016 2176845 0 0 7 0 0 0 41015 0 11837 
0 2017 2176846 0 0 7 0 0 0 41022 0 11844 
0 2018 2176847 0 0 7 0 0 0 41029 0 11851 
0 2019 2176852 0 0 3 0 0 0 41036 0 11858 
0 2020 2176853 0 0 3 0 0 0 41039 0 11861 
0 2021 2176854 0 0 7 0 0 0 41042 0 11864 
0 2022 2176855 0 0 7 0 0 0 41049 0 11871 
0 2023 2176862 0 0 6 0 0 0 41056 0 11878 
0 2024 2176863 0 0 6 0 0 0 41062 0 11884 
0 2025 2176864 0 0 5 0 0 0 40556 0 11890 
0 2026 2176865 0 0 6 0 0 0 40200 0 11895 
0 2027 2176866 0 0 6 0 0 0 40206 0 11901 
0 2028 2176867 0 0 7 0 0 0 40212 0 11907 
0 2029 2176868 0 0 7 0 0 0 40219 0 11914 
0 2030 2176869 0 0 7 0 0 0 40226 0 11921 
0 2031 2176870 0 0 7 0 0 0 40233 0 11928 
0 2032 2176871 0 0 7 0 0 0 40240 0 11935 
0 2033 2176874 0 0 5 0 0 0 40247 0 11942 
0 2034 2176875 0 0 6 0 0 0 40252 0 11947 
0 2035 2176876 0 0 7 0 0 0 40258 0 11953 
0 2036 2176877 0 0 7 0 0 0 40265 0 11960 
0 2037 2176878 0 0 7 0 0 0 40193 0 11967 
0 2038 2176879 0 0 7 0 0 0 40280 0 11974 
0 2039 2176884 0 0 6 0 0 0 40287 0 11981 
0 2040 2176885 0 0 6 0 0 0 40293 0 11987 
0 2041 2176886 0 0 7 0 0 0 40299 0 11993 
0 2042 2176887 0 0 7 0 0 0 40306 0 12000 
0 2043 2176894 0 0 6 0 0 0 40313 0 12007 
0 2044 2176895 0 0 6 0 0 0 40319 0 12013 
0 2045 2176908 0 0 3 0 0 0 40325 0 12019 
0 2046 2176909 0 0 3 0 0 0 40328 0 12022 
0 2047 2176910 0 0 8 0 0 0 40331 0 12025 
0 2048 2176911 0 0 8 0 0 0 40339 0 12033 
0 2049 2176926 0 0 4 0 0 0 40125 0 12041 
0 2050 2176927 0 0 4 0 0 0 40057 0 12045 
0 2051 2176928 0 0 4 0 0 0 40061 0 12049 
0 2052 2176929 0 0 4 0 0 0 40065 0 12053 
0 2053 2176930 0 0 8 0 0 0 40069 0 12057 
0 2054 2176931 0 0 8 0 0 0 40077 0 12065 
0 2055 2176934 0 0 5 0 0 0 40085 0 12073 
0 2056 2176935 0 0 5 0 0 0 40090 0 12078 
0 2057 2176938 0 0 7 0 0 0 40095 0 12083 
0 2058 2176939 0 0 7 0 0 0 40102 0 12090 
0 2059 2176940 0 0 4 0 0 0 40109 0 12097 
0 2060 2176941 0 0 4 0 0 0 40113 0 12101 
0 2061 2176942 0 0 8 0 0 0 40117 0 12105 
0 2062 2176943 0 0 8 0 0 0 40049 0 12113 
0 2063 2176958 0 0 4 0 0 0 40129 0 12121 
0 2064 2176959 0 0 4 0 0 0 40133 0 12125 
0 2065 2176974 0 0 6 0 0 0 40137 0 12129 
0 2066 2176975 0 0 6 0 0 0 40143 0 12135 
0 2067 2176982 0 0 4 0 0 0 40149 0 12141 
0 2068 2176983 0 0 4 0 0 0 40153 0 12145 
0 2069 2176990 0 0 7 0 0 0 40157 0 12149 
0 2070 2176991 0 0 7 0 0 0 40164 0 12156 
0 2071 2176992 0 0 7 0 0 0 40171 0 12163 
0 2072 2176993 0 0 7 0 0 0 40178 0 12170 
0 2073 2176994 0 0 8 0 0 0 40185 0 12177 
0 2074 2176995 0 0 8 0 0 0 40272 0 12185 
0 2075 2176996 0 0 8 0 0 0 40471 0 12193 
0 2076 2176997 0 0 8 0 0 0 40479 0 12201 
0 2077 2176998 0 0 8 0 0 0 40487 0 12209 
0 2078 2176999 0 0 8 0 0 0 40495 0 12217 
0 2079 2177002 0 0 7 0 0 0 40503 0 12225 
0 2080 2177003 0 0 7 0 0 0 40510 0 12232 
0 2081 2177004 0 0 8 0 0 0 40517 0 12239 
0 2082 2177005 0 0 8 0 0 0 40525 0 12247 
0 2083 2177006 0 0 8 0 0 0 40533 0 12255 
0 2084 2177007 0 0 8 0 0 0 40541 0 12263 
0 2085 2177012 0 0 7 0 0 0 40549 0 12271 
0 2086 2177013 0 0 7 0 0 0 40464 0 12278 
0 2087 2177014 0 0 8 0 0 0 40561 0 12285 
0 2088 2177015 0 0 8 0 0 0 40569 0 12293 
0 2089 2177022 0 0 7 0 0 0 40577 0 12301 
0 2090 2177023 0 0 7 0 0 0 40584 0 12308 
0 2091 2179038 0 0 3 0 0 0 40591 0 12315 
0 2092 2179039 0 0 3 0 0 0 40594 0 12318 
0 2093 2179040 0 0 4 0 0 0 40597 0 12321 
0 2094 2179041 0 0 4 0 0 0 40601 0 12325 
0 2095 2179042 0 0 7 0 0 0 40605 0 12329 
0 2096 2179043 0 0 7 0 0 0 40612 0 12336 
0 2097 2179046 0 0 5 0 0 0 40619 0 12343 
0 2098 2179047 0 0 5 0 0 0 40405 0 12348 
0 2099 2179050 0 0 6 0 0 0 40353 0 12353 
0 2100 2179051 0 0 6 0 0 0 40359 0 12359 
0 2101 2179052 0 0 4 0 0 0 40365 0 12365 
0 2102 2179053 0 0 4 0 0 0 40369 0 12369 
0 2103 2179054 0 0 7 0 0 0 40373 0 12373 
0 2104 2179055 0 0 7 0 0 0 40380 0 12380 
0 2105 2179070 0 0 4 0 0 0 40387 0 12387 
0 2106 2179071 0 0 4 0 0 0 40391 0 12391 
0 2107 2192160 0 0 2 0 0 0 40395 0 12395 
0 2108 2192161 0 0 3 0 0 0 40397 0 12397 
0 2109 2192162 0 0 5 0 0 0 40400 0 12400 
0 2110 2192163 0 0 6 0 0 0 40347 0 12405 
0 2111 2192166 0 0 4 0 0 0 40410 0 12411 
0 2112 2192167 0 0 4 0 0 0 40414 0 12415 
0 2113 2192170 0 0 5 0 0 0 40418 0 12419 
0 2114 2192171 0 0 6 0 0 0 40423 0 12424 
0 2115 2192172 0 0 4 0 0 0 40429 0 12430 
0 2116 2192173 0 0 4 0 0 0 40433 0 12434 
0 2117 2192174 0 0 7 0 0 0 40437 0 12438 
0 2118 2192175 0 0 7 0 0 0 40444 0 12445 
0 2119 2192190 0 0 4 0 0 0 40451 0 12452 
0 2120 2192191 0 0 4 0 0 0 40455 0 12456 
0 2121 2192234 0 0 5 0 0 0 40459 0 12460 
0 2122 2192235 0 0 6 0 0 0 41155 0 12465 
0 2123 2192236 0 0 7 0 0 0 41972 0 12471 
0 2124 2192237 0 0 7 0 0 0 41979 0 12478 
0 2125 2192238 0 0 7 0 0 0 41986 0 12485 
0 2126 2192239 0 0 7 0 0 0 41993 0 12492 
0 2127 2192246 0 0 5 0 0 0 42000 0 12499 
0 2128 2192247 0 0 5 0 0 0 42005 0 12504 
0 2129 2192254 0 0 7 0 0 0 42010 0 12509 
0 2130 2192255 0 0 7 0 0 0 42017 0 12516 
0 2131 2192382 0 0 4 0 0 0 42024 0 12523 
0 2132 2192383 0 0 4 0 0 0 42028 0 12527 
0 2133 2193258 0 0 4 0 0 0 42032 0 12531 
0 2134 2193259 0 0 5 0 0 0 41967 0 12535 
0 2135 2193260 0 0 6 0 0 0 42040 0 12540 
0 2136 2193261 0 0 6 0 0 0 42046 0 12546 
0 2137 2193262 0 0 6 0 0 0 42052 0 12552 
0 2138 2193263 0 0 6 0 0 0 42058 0 12558 
0 2139 2193268 0 0 3 0 0 0 42064 0 12564 
0 2140 2193269 0 0 3 0 0 0 42067 0 12567 
0 2141 2193270 0 0 7 0 0 0 42070 0 12570 
0 2142 2193271 0 0 7 0 0 0 42077 0 12577 
0 2143 2193278 0 0 6 0 0 0 42084 0 12584 
0 2144 2193279 0 0 6 0 0 0 42090 0 12590 
0 2145 2193342 0 0 4 0 0 0 42096 0 12596 
0 2146 2193343 0 0 4 0 0 0 41907 0 12600 
0 2147 2193406 0 0 6 0 0 0 41853 0 12604 
0 2148 2193407 0 0 6 0 0 0 41859 0 12610 
0 2149 2195454 0 0 3 0 0 0 41865 0 12616 
0 2150 2195455 0 0 3 0 0 0 41868 0 12619 
0 2151 2198750 0 0 4 0 0 0 41871 0 12622 
0 2152 2198751 0 0 4 0 0 0 41875 0 12626 
0 2153 2198762 0 0 5 0 0 0 41879 0 12630 
0 2154 2198763 0 0 5 0 0 0 41884 0 12635 
0 2155 2198764 0 0 6 0 0 0 41889 0 12640 
0 2156 2198765 0 0 6 0 0 0 41895 0 12646 
0 2157 2198766 0 0 6 0 0 0 41901 0 12652 
0 2158 2198767 0 0 6 0 0 0 41847 0 12658 
0 2159 2198772 0 0 5 0 0 0 41911 0 12664 
0 2160 2198773 0 0 5 0 0 0 41916 0 12669 
0 2161 2198774 0 0 6 0 0 0 41921 0 12674 
0 2162 2198775 0 0 6 0 0 0 41927 0 12680 
0 2163 2198782 0 0 5 0 0 0 41933 0 12686 
0 2164 2198783 0 0 5 0 0 0 41938 0 12691 
0 2165 2198888 0 0 4 0 0 0 41943 0 12696 
0 2166 2198889 0 0 6 0 0 0 41947 0 12700 
0 2167 2198891 0 0 4 0 0 0 41953 0 12706 
0 2168 2198892 0 0 4 0 0 0 41957 0 12710 
0 2169 2198893 0 0 6 0 0 0 41961 0 12714 
0 2170 2198895 0 0 4 0 0 0 42036 0 12720 
0 2171 2198896 0 0 7 0 0 0 42257 0 12724 
0 2172 2198897 0 0 7 0 0 0 42264 0 12731 
0 2173 2198898 0 0 7 0 0 0 42271 0 12738 
0 2174 2198899 0 0 7 0 0 0 42278 0 12745 
0 2175 2198900 0 0 7 0 0 0 42285 0 12752 
0 2176 2198901 0 0 7 0 0 0 42292 0 12759 
0 2177 2198902 0 0 7 0 0 0 42299 0 12766 
0 2178 2198903 0 0 7 0 0 0 42306 0 12773 
0 2179 2198904 0 0 7 0 0 0 42313 0 12780 
0 2180 2198905 0 0 7 0 0 0 42320 0 12787 
0 2181 2198906 0 0 7 0 0 0 42327 0 12794 
0 2182 2198907 0 0 7 0 0 0 42250 0 12801 
0 2183 2198908 0 0 7 0 0 0 42339 0 12808 
0 2184 2198909 0 0 7 0 0 0 42346 0 12815 
0 2185 2198910 0 0 7 0 0 0 42353 0 12822 
0 2186 2198911 0 0 7 0 0 0 42360 0 12829 
0 2187 2198960 0 0 6 0 0 0 42367 0 12836 
0 2188 2198961 0 0 6 0 0 0 42373 0 12842 
0 2189 2198962 0 0 6 0 0 0 42379 0 12848 
0 2190 2198963 0 0 6 0 0 0 42385 0 12854 
0 2191 2198964 0 0 6 0 0 0 42391 0 12860 
0 2192 2198965 0 0 6 0 0 0 42397 0 12866 
0 2193 2198966 0 0 6 0 0 0 42403 0 12872 
0 2194 2198967 0 0 6 0 0 0 42180 0 12878 
0 2195 2198968 0 0 7 0 0 0 42106 0 12884 
0 2196 2198969 0 0 7 0 0 0 42113 0 12891 
0 2197 2198970 0 0 7 0 0 0 42120 0 12898 
0 2198 2198971 0 0 7 0 0 0 42127 0 12905 
0 2199 2198972 0 0 7 0 0 0 42134 0 12912 
0 2200 2198973 0 0 7 0 0 0 42141 0 12919 
0 2201 2198974 0 0 7 0 0 0 42148 0 12926 
0 2202 2198975 0 0 7 0 0 0 42155 0 12933 
0 2203 2199032 0 0 6 0 0 0 42162 0 12940 
0 2204 2199033 0 0 6 0 0 0 42168 0 12946 
0 2205 2199034 0 0 6 0 0 0 42174 0 12952 
0 2206 2199035 0 0 6 0 0 0 42100 0 12958 
0 2207 2199036 0 0 6 0 0 0 42186 0 12964 
0 2208 2199037 0 0 6 0 0 0 42192 0 12970 
0 2209 2199038 0 0 6 0 0 0 42198 0 12976 
0 2210 2199039 0 0 6 0 0 0 42204 0 12982 
0 2211 2199328 0 0 5 0 0 0 42210 0 12988 
0 2212 2199329 0 0 5 0 0 0 42215 0 12993 
0 2213 2199330 0 0 6 0 0 0 42220 0 12998 
0 2214 2199331 0 0 6 0 0 0 42226 0 13004 
0 2215 2199332 0 0 6 0 0 0 42232 0 13010 
0 2216 2199333 0 0 6 0 0 0 42238 0 13016 
0 2217 2199334 0 0 6 0 0 0 42244 0 13022 
0 2218 2199335 0 0 6 0 0 0 41771 0 13028 
0 2219 2199338 0 0 6 0 0 0 41377 0 13034 
0 2220 2199339 0 0 6 0 0 0 41383 0 13040 
0 2221 2199340 0 0 7 0 0 0 41389 0 13046 
0 2222 2199341 0 0 7 0 0 0 41396 0 13053 
0 2223 2199342 0 0 7 0 0 0 41403 0 13060 
0 2224 2199343 0 0 7 0 0 0 41410 0 13067 
0 2225 2199348 0 0 6 0 0 0 41417 0 13074 
0 2226 2199349 0 0 6 0 0 0 41423 0 13080 
0 2227 2199350 0 0 7 0 0 0 41429 0 13086 
0 2228 2199351 0 0 7 0 0 0 41436 0 13093 
0 2229 2199358 0 0 6 0 0 0 41443 0 13100 
0 2230 2199359 0 0 6 0 0 0 41371 0 13106 
0 2231 2199402 0 0 5 0 0 0 41456 0 13112 
0 2232 2199403 0 0 5 0 0 0 41461 0 13117 
0 2233 2199404 0 0 6 0 0 0 41466 0 13122 
0 2234 2199405 0 0 6 0 0 0 41472 0 13128 
0 2235 2199406 0 0 6 0 0 0 41478 0 13134 
0 2236 2199407 0 0 6 0 0 0 41484 0 13140 
0 2237 2199412 0 0 6 0 0 0 41490 0 13146 
0 2238 2199413 0 0 6 0 0 0 41496 0 13152 
0 2239 2199414 0 0 7 0 0 0 41502 0 13158 
0 2240 2199415 0 0 7 0 0 0 41509 0 13165 
0 2241 2199422 0 0 6 0 0 0 41516 0 13172 
0 2242 2199423 0 0 6 0 0 0 41298 0 13178 
0 2243 2199476 0 0 5 0 0 0 41232 0 13184 
0 2244 2199477 0 0 5 0 0 0 41237 0 13189 
0 2245 2199478 0 0 6 0 0 0 41242 0 13194 
0 2246 2199479 0 0 6 0 0 0 41248 0 13200 
0 2247 2199486 0 0 6 0 0 0 41254 0 13206 
0 2248 2199487 0 0 6 0 0 0 41260 0 13212 
0 2249 2199550 0 0 5 0 0 0 41266 0 13218 
0 2250 2199551 0 0 5 0 0 0 41271 0 13223 
0 2251 2201008 0 0 5 0 0 0 41276 0 13228 
0 2252 2201009 0 0 7 0 0 0 41281 0 13233 
0 2253 2201011 0 0 5 0 0 0 41288 0 13240 
0 2254 2201012 0 0 5 0 0 0 41293 0 13245 
0 2255 2201013 0 0 7 0 0 0 41225 0 13250 
0 2256 2201015 0 0 5 0 0 0 41304 0 13257 
0 2257 2201016 0 0 6 0 0 0 41309 0 13262 
0 2258 2201017 0 0 8 0 0 0 41315 0 13268 
0 2259 2201019 0 0 6 0 0 0 41323 0 13276 
0 2260 2201020 0 0 6 0 0 0 41329 0 13282 
0 2261 2201021 0 0 8 0 0 0 41335 0 13288 
0 2262 2201023 0 0 6 0 0 0 41343 0 13296 
0 2263 2201080 0 0 5 0 0 0 41349 0 13302 
0 2264 2201081 0 0 7 0 0 0 41354 0 13307 
0 2265 2201083 0 0 5 0 0 0 41361 0 13314 
0 2266 2201084 0 0 5 0 0 0 41366 0 13319 
0 2267 2201085 0 0 7 0 0 0 41449 0 13324 
0 2268 2201087 0 0 5 0 0 0 41706 0 13331 
0 2269 2201163 0 0 3 0 0 0 41711 0 13336 
0 2270 2201164 0 0 5 0 0 0 41714 0 13339 
0 2271 2201165 0 0 7 0 0 0 41719 0 13344 
0 2272 2201167 0 0 5 0 0 0 41726 0 13351 
0 2273 2201172 0 0 6 0 0 0 41731 0 13356 
0 2274 2201173 0 0 6 0 0 0 41737 0 13362 
0 2275 2201174 0 0 8 0 0 0 41743 0 13368 
0 2276 2201175 0 0 8 0 0 0 41751 0 13376 
0 2277 2201182 0 0 6 0 0 0 41759 0 13384 
0 2278 2201183 0 0 6 0 0 0 41765 0 13390 
0 2279 2201204 0 0 4 0 0 0 41702 0 13396 
0 2280 2201205 0 0 6 0 0 0 41777 0 13400 
0 2281 2201207 0 0 6 0 0 0 41783 0 13406 
0 2282 2201215 0 0 4 0 0 0 41789 0 13412 
0 2283 2201234 0 0 6 0 0 0 41793 0 13416 
0 2284 2201235 0 0 6 0 0 0 41799 0 13422 
0 2285 2201236 0 0 7 0 0 0 41805 0 13428 
0 2286 2201237 0 0 7 0 0 0 41812 0 13435 
0 2287 2201238 0 0 7 0 0 0 41819 0 13442 
0 2288 2201239 0 0 7 0 0 0 41826 0 13449 
0 2289 2201242 0 0 7 0 0 0 41833 0 13456 
0 2290 2201243 0 0 7 0 0 0 41840 0 13463 
0 2291 2201244 0 0 8 0 0 0 41606 0 13470 
0 2292 2201245 0 0 8 0 0 0 41530 0 13478 
0 2293 2201246 0 0 8 0 0 0 41538 0 13486 
0 2294 2201247 0 0 8 0 0 0 41546 0 13494 
0 2295 2201248 0 0 5 0 0 0 41554 0 13502 
0 2296 2201249 0 0 8 0 0 0 41559 0 13507 
0 2297 2201251 0 0 5 0 0 0 41567 0 13515 
0 2298 2201252 0 0 5 0 0 0 41572 0 13520 
0 2299 2201253 0 0 8 0 0 0 41577 0 13525 
0 2300 2201255 0 0 5 0 0 0 41585 0 13533 
0 2301 2201256 0 0 8 0 0 0 41590 0 13538 
0 2302 2201257 0 0 8 0 0 0 41598 0 13546 
0 2303 2201258 0 0 8 0 0 0 41522 0 13554 
0 2304 2201259 0 0 8 0 0 0 41614 0 13562 
0 2305 2201260 0 0 8 0 0 0 41622 0 13570 
0 2306 2201261 0 0 8 0 0 0 41630 0 13578 
0 2307 2201262 0 0 8 0 0 0 41638 0 13586 
0 2308 2201263 0 0 8 0 0 0 41646 0 13594 
0 2309 2201264 0 0 8 0 0 0 41654 0 13602 
0 2310 2201265 0 0 8 0 0 0 41662 0 13610 
0 2311 2201266 0 0 8 0 0 0 41670 0 13618 
0 2312 2201267 0 0 8 0 0 0 41678 0 13626 
0 2313 2201268 0 0 8 0 0 0 41686 0 13634 
0 2314 2201269 0 0 8 0 0 0 41694 0 13642 
0 2315 2201270 0 0 8 0 0 0 44844 0 13650 
0 2316 2201271 0 0 8 0 0 0 48473 0 13658 
0 2317 2201272 0 0 8 0 0 0 48481 0 13666 
0 2318 2201273 0 0 8 0 0 0 48489 0 13674 
0 2319 2201274 0 0 8 0 0 0 48497 0 13682 
0 2320 2201275 0 0 8 0 0 0 48505 0 13690 
0 2321 2201276 0 0 8 0 0 0 48513 0 13698 
0 2322 2201277 0 0 8 0 0 0 48521 0 13706 
0 2323 2201278 0 0 8 0 0 0 48529 0 13714 
0 2324 2201279 0 0 8 0 0 0 48537 0 13722 
0 2325 2201306 0 0 6 0 0 0 48545 0 13730 
0 2326 2201307 0 0 6 0 0 0 48551 0 13736 
0 2327 2201308 0 0 7 0 0 0 48466 0 13742 
0 2328 2201309 0 0 7 0 0 0 48565 0 13749 
0 2329 2201310 0 0 7 0 0 0 48572 0 13756 
0 2330 2201311 0 0 7 0 0 0 48579 0 13763 
0 2331 2201320 0 0 5 0 0 0 48586 0 13770 
0 2332 2201321 0 0 8 0 0 0 48591 0 13775 
0 2333 2201323 0 0 5 0 0 0 48599 0 13783 
0 2334 2201324 0 0 5 0 0 0 48604 0 13788 
0 2335 2201325 0 0 8 0 0 0 48609 0 13793 
0 2336 2201327 0 0 5 0 0 0 48617 0 13801 
0 2337 2201328 0 0 8 0 0 0 48622 0 13806 
0 2338 2201329 0 0 8 0 0 0 48630 0 13814 
0 2339 2201330 0 0 8 0 0 0 48390 0 13822 
0 2340 2201331 0 0 8 0 0 0 48302 0 13830 
0 2341 2201332 0 0 8 0 0 0 48310 0 13838 
0 2342 2201333 0 0 8 0 0 0 48318 0 13846 
0 2343 2201334 0 0 8 0 0 0 48326 0 13854 
0 2344 2201335 0 0 8 0 0 0 48334 0 13862 
0 2345 2201336 0 0 8 0 0 0 48342 0 13870 
0 2346 2201337 0 0 8 0 0 0 48350 0 13878 
0 2347 2201338 0 0 8 0 0 0 48358 0 13886 
0 2348 2201339 0 0 8 0 0 0 48366 0 13894 
0 2349 2201340 0 0 8 0 0 0 48374 0 13902 
0 2350 2201341 0 0 8 0 0 0 48382 0 13910 
0 2351 2201342 0 0 8 0 0 0 48294 0 13918 
0 2352 2201343 0 0 8 0 0 0 48398 0 13926 
0 2353 2201520 0 0 5 0 0 0 48406 0 13934 
0 2354 2201521 0 0 7 0 0 0 48411 0 13939 
0 2355 2201523 0 0 5 0 0 0 48418 0 13946 
0 2356 2201524 0 0 5 0 0 0 48423 0 13951 
0 2357 2201525 0 0 7 0 0 0 48428 0 13956 
0 2358 2201527 0 0 5 0 0 0 48435 0 13963 
0 2359 2201528 0 0 6 0 0 0 48440 0 13968 
0 2360 2201529 0 0 8 0 0 0 48446 0 13974 
0 2361 2201531 0 0 6 0 0 0 48454 0 13982 
0 2362 2201532 0 0 6 0 0 0 48460 0 13988 
0 2363 2201533 0 0 8 0 0 0 48557 0 13994 
0 2364 2201535 0 0 6 0 0 0 48808 0 14002 
0 2365 2201592 0 0 5 0 0 0 48814 0 14008 
0 2366 2201593 0 0 7 0 0 0 48819 0 14013 
0 2367 2201595 0 0 5 0 0 0 48826 0 14020 
0 2368 2201596 0 0 5 0 0 0 48831 0 14025 
0 2369 2201597 0 0 7 0 0 0 48836 0 14030 
0 2370 2201599 0 0 5 0 0 0 48843 0 14037 
0 2371 2202032 0 0 6 0 0 0 48848 0 14042 
0 2372 2202033 0 0 6 0 0 0 48854 0 14048 
0 2373 2202034 0 0 6 0 0 0 48860 0 14054 
0 2374 2202035 0 0 6 0 0 0 48866 0 14060 
0 2375 2202036 0 0 6 0 0 0 48802 0 14066 
0 2376 2202037 0 0 6 0 0 0 48880 0 14072 
0 2377 2202038 0 0 6 0 0 0 48886 0 14078 
0 2378 2202039 0 0 6 0 0 0 48892 0 14084 
0 2379 2202040 0 0 7 0 0 0 48898 0 14090 
0 2380 2202041 0 0 7 0 0 0 48905 0 14097 
0 2381 2202042 0 0 7 0 0 0 48912 0 14104 
0 2382 2202043 0 0 7 0 0 0 48919 0 14111 
0 2383 2202044 0 0 7 0 0 0 48926 0 14118 
0 2384 2202045 0 0 7 0 0 0 48933 0 14125 
0 2385 2202046 0 0 7 0 0 0 48940 0 14132 
0 2386 2202047 0 0 7 0 0 0 48947 0 14139 
0 2387 2202104 0 0 7 0 0 0 48717 0 14146 
0 2388 2202105 0 0 7 0 0 0 48644 0 14153 
0 2389 2202106 0 0 7 0 0 0 48651 0 14160 
0 2390 2202107 0 0 7 0 0 0 48658 0 14167 
0 2391 2202108 0 0 7 0 0 0 48665 0 14174 
0 2392 2202109 0 0 7 0 0 0 48672 0 14181 
0 2393 2202110 0 0 7 0 0 0 48679 0 14188 
0 2394 2202111 0 0 7 0 0 0 48686 0 14195 
0 2395 2202260 0 0 5 0 0 0 48693 0 14202 
0 2396 2202261 0 0 5 0 0 0 48698 0 14207 
0 2397 2202262 0 0 7 0 0 0 48703 0 14212 
0 2398 2202263 0 0 7 0 0 0 48710 0 14219 
0 2399 2202270 0 0 6 0 0 0 48638 0 14226 
0 2400 2202271 0 0 6 0 0 0 48724 0 14232 
0 2401 2202272 0 0 6 0 0 0 48730 0 14238 
0 2402 2202273 0 0 6 0 0 0 48736 0 14244 
0 2403 2202274 0 0 8 0 0 0 48742 0 14250 
0 2404 2202275 0 0 8 0 0 0 48750 0 14258 
0 2405 2202276 0 0 8 0 0 0 48758 0 14266 
0 2406 2202277 0 0 8 0 0 0 48766 0 14274 
0 2407 2202278 0 0 8 0 0 0 48774 0 14282 
0 2408 2202279 0 0 8 0 0 0 48782 0 14290 
0 2409 2202282 0 0 6 0 0 0 48790 0 14298 
0 2410 2202283 0 0 6 0 0 0 48796 0 14304 
0 2411 2202284 0 0 8 0 0 0 48198 0 14310 
0 2412 2202285 0 0 8 0 0 0 47752 0 14318 
0 2413 2202286 0 0 8 0 0 0 47760 0 14326 
0 2414 2202287 0 0 8 0 0 0 47768 0 14334 
0 2415 2202292 0 0 6 0 0 0 47776 0 14342 
0 2416 2202293 0 0 6 0 0 0 47782 0 14348 
0 2417 2202294 0 0 8 0 0 0 47788 0 14354 
0 2418 2202295 0 0 8 0 0 0 47796 0 14362 
0 2419 2202302 0 0 6 0 0 0 47804 0 14370 
0 2420 2202303 0 0 6 0 0 0 47810 0 14376 
0 2421 2202332 0 0 6 0 0 0 47816 0 14382 
0 2422 2202333 0 0 6 0 0 0 47822 0 14388 
0 2423 2202334 0 0 7 0 0 0 47745 0 14394 
0 2424 2202335 0 0 7 0 0 0 47835 0 14401 
0 2425 2202336 0 0 8 0 0 0 47842 0 14408 
0 2426 2202337 0 0 8 0 0 0 47850 0 14416 
0 2427 2202338 0 0 8 0 0 0 47858 0 14424 
0 2428 2202339 0 0 8 0 0 0 47866 0 14432 
0 2429 2202340 0 0 8 0 0 0 47874 0 14440 
0 2430 2202341 0 0 8 0 0 0 47882 0 14448 
0 2431 2202342 0 0 8 0 0 0 47890 0 14456 
0 2432 2202343 0 0 8 0 0 0 47898 0 14464 
0 2433 2202344 0 0 8 0 0 0 47906 0 14472 
0 2434 2202345 0 0 8 0 0 0 47914 0 14480 
0 2435 2202346 0 0 8 0 0 0 47652 0 14488 
0 2436 2202347 0 0 8 0 0 0 47556 0 14496 
0 2437 2202348 0 0 8 0 0 0 47564 0 14504 
0 2438 2202349 0 0 8 0 0 0 47572 0 14512 
0 2439 2202350 0 0 8 0 0 0 47580 0 14520 
0 2440 2202351 0 0 8 0 0 0 47588 0 14528 
0 2441 2202352 0 0 8 0 0 0 47596 0 14536 
0 2442 2202353 0 0 8 0 0 0 47604 0 14544 
0 2443 2202354 0 0 8 0 0 0 47612 0 14552 
0 2444 2202355 0 0 8 0 0 0 47620 0 14560 
0 2445 2202356 0 0 8 0 0 0 47628 0 14568 
0 2446 2202357 0 0 8 0 0 0 47636 0 14576 
0 2447 2202358 0 0 8 0 0 0 47644 0 14584 
0 2448 2202359 0 0 8 0 0 0 47548 0 14592 
0 2449 2202360 0 0 8 0 0 0 47660 0 14600 
0 2450 2202361 0 0 8 0 0 0 47668 0 14608 
0 2451 2202362 0 0 8 0 0 0 47676 0 14616 
0 2452 2202363 0 0 8 0 0 0 47684 0 14624 
0 2453 2202364 0 0 8 0 0 0 47692 0 14632 
0 2454 2202365 0 0 8 0 0 0 47700 0 14640 
0 2455 2202366 0 0 8 0 0 0 47708 0 14648 
0 2456 2202367 0 0 8 0 0 0 47716 0 14656 
0 2457 2202400 0 0 7 0 0 0 47724 0 14664 
0 2458 2202401 0 0 7 0 0 0 47731 0 14671 
0 2459 2202402 0 0 7 0 0 0 47738 0 14678 
0 2460 2202403 0 0 7 0 0 0 47828 0 14685 
0 2461 2202404 0 0 7 0 0 0 48114 0 14692 
0 2462 2202405 0 0 7 0 0 0 48121 0 14699 
0 2463 2202406 0 0 7 0 0 0 48128 0 14706 
0 2464 2202407 0 0 7 0 0 0 48135 0 14713 
0 2465 2202408 0 0 8 0 0 0 48142 0 14720 
0 2466 2202409 0 0 8 0 0 0 48150 0 14728 
0 2467 2202410 0 0 8 0 0 0 48158 0 14736 
0 2468 2202411 0 0 8 0 0 0 48166 0 14744 
0 2469 2202412 0 0 8 0 0 0 48174 0 14752 
0 2470 2202413 0 0 8 0 0 0 48182 0 14760 
0 2471 2202414 0 0 8 0 0 0 48190 0 14768 
0 2472 2202415 0 0 8 0 0 0 48106 0 14776 
0 2473 2202416 0 0 8 0 0 0 48206 0 14784 
0 2474 2202417 0 0 8 0 0 0 48214 0 14792 
0 2475 2202418 0 0 8 0 0 0 48222 0 14800 
0 2476 2202419 0 0 8 0 0 0 48230 0 14808 
0 2477 2202420 0 0 8 0 0 0 48238 0 14816 
0 2478 2202421 0 0 8 0 0 0 48246 0 14824 
0 2479 2202422 0 0 8 0 0 0 48254 0 14832 
0 2480 2202423 0 0 8 0 0 0 48262 0 14840 
0 2481 2202424 0 0 8 0 0 0 48270 0 14848 
0 2482 2202425 0 0 8 0 0 0 48278 0 14856 
0 2483 2202426 0 0 8 0 0 0 48286 0 14864 
0 2484 2202427 0 0 8 0 0 0 48010 0 14872 
0 2485 2202428 0 0 8 0 0 0 47929 0 14880 
0 2486 2202429 0 0 8 0 0 0 47937 0 14888 
0 2487 2202430 0 0 8 0 0 0 47945 0 14896 
0 2488 2202431 0 0 8 0 0 0 47953 0 14904 
0 2489 2202472 0 0 7 0 0 0 47961 0 14912 
0 2490 2202473 0 0 7 0 0 0 47968 0 14919 
0 2491 2202474 0 0 7 0 0 0 47975 0 14926 
0 2492 2202475 0 0 7 0 0 0 47982 0 14933 
0 2493 2202476 0 0 7 0 0 0 47989 0 14940 
0 2494 2202477 0 0 7 0 0 0 47996 0 14947 
0 2495 2202478 0 0 7 0 0 0 48003 0 14954 
0 2496 2202479 0 0 7 0 0 0 47922 0 14961 
0 2497 2202480 0 0 8 0 0 0 48018 0 14968 
0 2498 2202481 0 0 8 0 0 0 48026 0 14976 
0 2499 2202482 0 0 8 0 0 0 48034 0 14984 
0 2500 2202483 0 0 8 0 0 0 48042 0 14992 
0 2501 2202484 0 0 8 0 0 0 48050 0 15000 
0 2502 2202485 0 0 8 0 0 0 48058 0 15008 
0 2503 2202486 0 0 8 0 0 0 48066 0 15016 
0 2504 2202487 0 0 8 0 0 0 48074 0 15024 
0 2505 2202488 0 0 8 0 0 0 48082 0 15032 
0 2506 2202489 0 0 8 0 0 0 48090 0 15040 
0 2507 2202490 0 0 8 0 0 0 48098 0 15048 
0 2508 2202491 0 0 8 0 0 0 48872 0 15056 
0 2509 2202492 0 0 8 0 0 0 49812 0 15064 
0 2510 2202493 0 0 8 0 0 0 49820 0 15072 
0 2511 2202494 0 0 8 0 0 0 49828 0 15080 
0 2512 2202495 0 0 8 0 0 0 49836 0 15088 
0 2513 2202544 0 0 7 0 0 0 49844 0 15096 
0 2514 2202545 0 0 7 0 0 0 49851 0 15103 
0 2515 2202546 0 0 7 0 0 0 49858 0 15110 
0 2516 2202547 0 0 7 0 0 0 49865 0 15117 
0 2517 2202548 0 0 7 0 0 0 49872 0 15124 
0 2518 2202549 0 0 7 0 0 0 49879 0 15131 
0 2519 2202550 0 0 7 0 0 0 49886 0 15138 
0 2520 2202551 0 0 7 0 0 0 49805 0 15145 
0 2521 2202552 0 0 8 0 0 0 49899 0 15152 
0 2522 2202553 0 0 8 0 0 0 49907 0 15160 
0 2523 2202554 0 0 8 0 0 0 49915 0 15168 
0 2524 2202555 0 0 8 0 0 0 49923 0 15176 
0 2525 2202556 0 0 8 0 0 0 49931 0 15184 
0 2526 2202557 0 0 8 0 0 0 49939 0 15192 
0 2527 2202558 0 0 8 0 0 0 49947 0 15200 
0 2528 2202559 0 0 8 0 0 0 49955 0 15208 
0 2529 2202616 0 0 7 0 0 0 49963 0 15216 
0 2530 2202617 0 0 7 0 0 0 49970 0 15223 
0 2531 2202618 0 0 7 0 0 0 49977 0 15230 
0 2532 2202619 0 0 7 0 0 0 49722 0 15237 
0 2533 2202620 0 0 7 0 0 0 49652 0 15244 
0 2534 2202621 0 0 7 0 0 0 49659 0 15251 
0 2535 2202622 0 0 7 0 0 0 49666 0 15258 
0 2536 2202623 0 0 7 0 0 0 49673 0 15265 
0 2537 2203128 0 0 6 0 0 0 49680 0 15272 
0 2538 2203129 0 0 6 0 0 0 49686 0 15278 
0 2539 2203130 0 0 6 0 0 0 49692 0 15284 
0 2540 2203131 0 0 6 0 0 0 49698 0 15290 
0 2541 2203132 0 0 6 0 0 0 49704 0 15296 
0 2542 2203133 0 0 6 0 0 0 49710 0 15302 
0 2543 2203134 0 0 6 0 0 0 49716 0 15308 
0 2544 2203135 0 0 6 0 0 0 49646 0 15314 
0 2545 2203358 0 0 5 0 0 0 49729 0 15320 
0 2546 2203359 0 0 5 0 0 0 49734 0 15325 
0 2547 2203360 0 0 6 0 0 0 49739 0 15330 
0 2548 2203361 0 0 6 0 0 0 49745 0 15336 
0 2549 2203362 0 0 8 0 0 0 49751 0 15342 
0 2550 2203363 0 0 8 0 0 0 49759 0 15350 
0 2551 2203364 0 0 8 0 0 0 49767 0 15358 
0 2552 2203365 0 0 8 0 0 0 49775 0 15366 
0 2553 2203366 0 0 8 0 0 0 49783 0 15374 
0 2554 2203367 0 0 8 0 0 0 49791 0 15382 
0 2555 2203370 0 0 6 0 0 0 49799 0 15390 
0 2556 2203371 0 0 6 0 0 0 49893 0 15396 
0 2557 2203372 0 0 8 0 0 0 50178 0 15402 
0 2558 2203373 0 0 8 0 0 0 50186 0 15410 
0 2559 2203374 0 0 8 0 0 0 50194 0 15418 
0 2560 2203375 0 0 8 0 0 0 50202 0 15426 
0 2561 2203380 0 0 6 0 0 0 50210 0 15434 
0 2562 2203381 0 0 6 0 0 0 50216 0 15440 
0 2563 2203382 0 0 8 0 0 0 50222 0 15446 
0 2564 2203383 0 0 8 0 0 0 50230 0 15454 
0 2565 2203390 0 0 6 0 0 0 50238 0 15462 
0 2566 2203391 0 0 6 0 0 0 50244 0 15468 
0 2567 2203424 0 0 7 0 0 0 50250 0 15474 
0 2568 2203425 0 0 7 0 0 0 50171 0 15481 
0 2569 2203426 0 0 7 0 0 0 50262 0 15488 
0 2570 2203427 0 0 7 0 0 0 50269 0 15495 
0 2571 2203428 0 0 7 0 0 0 50276 0 15502 
0 2572 2203429 0 0 7 0 0 0 50283 0 15509 
0 2573 2203430 0 0 7 0 0 0 50290 0 15516 
0 2574 2203431 0 0 7 0 0 0 50297 0 15523 
0 2575 2203432 0 0 8 0 0 0 50304 0 15530 
0 2576 2203433 0 0 8 0 0 0 50312 0 15538 
0 2577 2203434 0 0 8 0 0 0 50320 0 15546 
0 2578 2203435 0 0 8 0 0 0 50328 0 15554 
0 2579 2203436 0 0 8 0 0 0 50336 0 15562 
0 2580 2203437 0 0 8 0 0 0 50080 0 15570 
0 2581 2203438 0 0 8 0 0 0 49992 0 15578 
0 2582 2203439 0 0 8 0 0 0 50000 0 15586 
0 2583 2203440 0 0 8 0 0 0 50008 0 15594 
0 2584 2203441 0 0 8 0 0 0 50016 0 15602 
0 2585 2203442 0 0 8 0 0 0 50024 0 15610 
0 2586 2203443 0 0 8 0 0 0 50032 0 15618 
0 2587 2203444 0 0 8 0 0 0 50040 0 15626 
0 2588 2203445 0 0 8 0 0 0 50048 0 15634 
0 2589 2203446 0 0 8 0 0 0 50056 0 15642 
0 2590 2203447 0 0 8 0 0 0 50064 0 15650 
0 2591 2203448 0 0 8 0 0 0 50072 0 15658 
0 2592 2203449 0 0 8 0 0 0 49984 0 15666 
0 2593 2203450 0 0 8 0 0 0 50088 0 15674 
0 2594 2203451 0 0 8 0 0 0 50096 0 15682 
0 2595 2203452 0 0 8 0 0 0 50104 0 15690 
0 2596 2203453 0 0 8 0 0 0 50112 0 15698 
0 2597 2203454 0 0 8 0 0 0 50120 0 15706 
0 2598 2203455 0 0 8 0 0 0 50128 0 15714 
0 2599 2203496 0 0 7 0 0 0 50136 0 15722 
0 2600 2203497 0 0 7 0 0 0 50143 0 15729 
0 2601 2203498 0 0 7 0 0 0 50150 0 15736 
0 2602 2203499 0 0 7 0 0 0 50157 0 15743 
0 2603 2203500 0 0 7 0 0 0 50164 0 15750 
0 2604 2203501 0 0 7 0 0 0 49566 0 15757 
0 2605 2203502 0 0 7 0 0 0 49141 0 15764 
0 2606 2203503 0 0 7 0 0 0 49148 0 15771 
0 2607 2203504 0 0 8 0 0 0 49155 0 15778 
0 2608 2203505 0 0 8 0 0 0 49163 0 15786 
0 2609 2203506 0 0 8 0 0 0 49171 0 15794 
0 2610 2203507 0 0 8 0 0 0 49179 0 15802 
0 2611 2203508 0 0 8 0 0 0 49187 0 15810 
0 2612 2203509 0 0 8 0 0 0 49195 0 15818 
0 2613 2203510 0 0 8 0 0 0 49203 0 15826 
0 2614 2203511 0 0 8 0 0 0 49211 0 15834 
0 2615 2203512 0 0 8 0 0 0 49219 0 15842 
0 2616 2203513 0 0 8 0 0 0 49133 0 15850 
0 2617 2203514 0 0 8 0 0 0 49232 0 15858 
0 2618 2203515 0 0 8 0 0 0 49240 0 15866 
0 2619 2203516 0 0 8 0 0 0 49248 0 15874 
0 2620 2203517 0 0 8 0 0 0 49256 0 15882 
0 2621 2203518 0 0 8 0 0 0 49264 0 15890 
0 2622 2203519 0 0 8 0 0 0 49272 0 15898 
0 2623 2203568 0 0 7 0 0 0 49280 0 15906 
0 2624 2203569 0 0 7 0 0 0 49287 0 15913 
0 2625 2203570 0 0 7 0 0 0 49294 0 15920 
0 2626 2203571 0 0 7 0 0 0 49301 0 15927 
0 2627 2203572 0 0 7 0 0 0 49308 0 15934 
0 2628 2203573 0 0 7 0 0 0 49053 0 15941 
0 2629 2203574 0 0 7 0 0 0 48961 0 15948 
0 2630 2203575 0 0 7 0 0 0 48968 0 15955 
0 2631 2203576 0 0 8 0 0 0 48975 0 15962 
0 2632 2203577 0 0 8 0 0 0 48983 0 15970 
0 2633 2203578 0 0 8 0 0 0 48991 0 15978 
0 2634 2203579 0 0 8 0 0 0 48999 0 15986 
0 2635 2203580 0 0 8 0 0 0 49007 0 15994 
0 2636 2203581 0 0 8 0 0 0 49015 0 16002 
0 2637 2203582 0 0 8 0 0 0 49023 0 16010 
0 2638 2203583 0 0 8 0 0 0 49031 0 16018 
0 2639 2203640 0 0 7 0 0 0 49039 0 16026 
0 2640 2203641 0 0 7 0 0 0 49046 0 16033 
0 2641 2203642 0 0 7 0 0 0 48954 0 16040 
0 2642 2203643 0 0 7 0 0 0 49060 0 16047 
0 2643 2203644 0 0 7 0 0 0 49067 0 16054 
0 2644 2203645 0 0 7 0 0 0 49074 0 16061 
0 2645 2203646 0 0 7 0 0 0 49081 0 16068 
0 2646 2203647 0 0 7 0 0 0 49088 0 16075 
0 2647 2208513 0 0 4 0 0 0 49095 0 16082 
0 2648 2208515 0 0 6 0 0 0 49099 0 16086 
0 2649 2208516 0 0 7 0 0 0 49105 0 16092 
0 2650 2208517 0 0 7 0 0 0 49112 0 16099 
0 2651 2208518 0 0 7 0 0 0 49119 0 16106 
0 2652 2208519 0 0 7 0 0 0 49126 0 16113 
0 2653 2208523 0 0 5 0 0 0 49227 0 16120 
0 2654 2208524 0 0 7 0 0 0 49495 0 16125 
0 2655 2208525 0 0 7 0 0 0 49502 0 16132 
0 2656 2208526 0 0 7 0 0 0 49509 0 16139 
0 2657 2208527 0 0 7 0 0 0 49516 0 16146 
0 2658 2208532 0 0 6 0 0 0 49523 0 16153 
0 2659 2208533 0 0 6 0 0 0 49529 0 16159 
0 2660 2208534 0 0 7 0 0 0 49535 0 16165 
0 2661 2208535 0 0 7 0 0 0 49542 0 16172 
0 2662 2208542 0 0 6 0 0 0 49549 0 16179 
0 2663 2208543 0 0 6 0 0 0 49555 0 16185 
0 2664 2208545 0 0 5 0 0 0 49561 0 16191 
0 2665 2208547 0 0 6 0 0 0 49489 0 16196 
0 2666 2208548 0 0 7 0 0 0 49573 0 16202 
0 2667 2208549 0 0 7 0 0 0 49580 0 16209 
0 2668 2208550 0 0 7 0 0 0 49587 0 16216 
0 2669 2208551 0 0 7 0 0 0 49594 0 16223 
0 2670 2208555 0 0 5 0 0 0 49601 0 16230 
0 2671 2208556 0 0 7 0 0 0 49606 0 16235 
0 2672 2208557 0 0 7 0 0 0 49613 0 16242 
0 2673 2208558 0 0 7 0 0 0 49620 0 16249 
0 2674 2208559 0 0 7 0 0 0 49627 0 16256 
0 2675 2208564 0 0 6 0 0 0 49634 0 16263 
0 2676 2208565 0 0 6 0 0 0 49640 0 16269 
0 2677 2208566 0 0 7 0 0 0 49401 0 16275 
0 2678 2208567 0 0 7 0 0 0 49323 0 16282 
0 2679 2208574 0 0 6 0 0 0 49330 0 16289 
0 2680 2208575 0 0 6 0 0 0 49336 0 16295 
0 2681 2208579 0 0 5 0 0 0 49342 0 16301 
0 2682 2208580 0 0 8 0 0 0 49347 0 16306 
0 2683 2208581 0 0 8 0 0 0 49355 0 16314 
0 2684 2208582 0 0 8 0 0 0 49363 0 16322 
0 2685 2208583 0 0 8 0 0 0 49371 0 16330 
0 2686 2208587 0 0 6 0 0 0 49379 0 16338 
0 2687 2208588 0 0 8 0 0 0 49385 0 16344 
0 2688 2208589 0 0 8 0 0 0 49393 0 16352 
0 2689 2208590 0 0 8 0 0 0 49315 0 16360 
0 2690 2208591 0 0 8 0 0 0 49408 0 16368 
0 2691 2208596 0 0 7 0 0 0 49416 0 16376 
0 2692 2208597 0 0 7 0 0 0 49423 0 16383 
0 2693 2208598 0 0 8 0 0 0 49430 0 16390 
0 2694 2208599 0 0 8 0 0 0 49438 0 16398 
0 2695 2208606 0 0 7 0 0 0 49446 0 16406 
0 2696 2208607 0 0 7 0 0 0 49453 0 16413 
0 2697 2208609 0 0 6 0 0 0 49460 0 16420 
0 2698 2208611 0 0 7 0 0 0 49466 0 16426 
0 2699 2208612 0 0 8 0 0 0 49473 0 16433 
0 2700 2208613 0 0 8 0 0 0 49481 0 16441 
0 2701 2208614 0 0 8 0 0 0 47467 0 16449 
0 2702 2208615 0 0 8 0 0 0 45811 0 16457 
0 2703 2208619 0 0 6 0 0 0 45819 0 16465 
0 2704 2208620 0 0 8 0 0 0 45825 0 16471 
0 2705 2208621 0 0 8 0 0 0 45833 0 16479 
0 2706 2208622 0 0 8 0 0 0 45841 0 16487 
0 2707 2208623 0 0 8 0 0 0 45849 0 16495 
0 2708 2208628 0 0 7 0 0 0 45857 0 16503 
0 2709 2208629 0 0 7 0 0 0 45864 0 16510 
0 2710 2208630 0 0 8 0 0 0 45871 0 16517 
0 2711 2208631 0 0 8 0 0 0 45879 0 16525 
0 2712 2208638 0 0 7 0 0 0 45887 0 16533 
0 2713 2208639 0 0 7 0 0 0 45804 0 16540 
0 2714 2208644 0 0 6 0 0 0 45901 0 16547 
0 2715 2208645 0 0 6 0 0 0 45907 0 16553 
0 2716 2208646 0 0 8 0 0 0 45913 0 16559 
0 2717 2208647 0 0 8 0 0 0 45921 0 16567 
0 2718 2208650 0 0 7 0 0 0 45929 0 16575 
0 2719 2208651 0 0 7 0 0 0 45936 0 16582 
0 2720 2208652 0 0 8 0 0 0 45943 0 16589 
0 2721 2208653 0 0 8 0 0 0 45951 0 16597 
0 2722 2208654 0 0 8 0 0 0 45959 0 16605 
0 2723 2208655 0 0 8 0 0 0 45967 0 16613 
0 2724 2208660 0 0 7 0 0 0 45975 0 16621 
0 2725 2208661 0 0 7 0 0 0 45714 0 16628 
0 2726 2208662 0 0 8 0 0 0 45630 0 16635 
0 2727 2208663 0 0 8 0 0 0 45638 0 16643 
0 2728 2208670 0 0 7 0 0 0 45646 0 16651 
0 2729 2208671 0 0 7 0 0 0 45653 0 16658 
0 2730 2208672 0 0 7 0 0 0 45660 0 16665 
0 2731 2208673 0 0 7 0 0 0 45667 0 16672 
0 2732 2208674 0 0 8 0 0 0 45674 0 16679 
0 2733 2208675 0 0 8 0 0 0 45682 0 16687 
0 2734 2208676 0 0 8 0 0 0 45690 0 16695 
0 2735 2208677 0 0 8 0 0 0 45698 0 16703 
0 2736 2208678 0 0 8 0 0 0 45706 0 16711 
0 2737 2208679 0 0 8 0 0 0 45622 0 16719 
0 2738 2208682 0 0 7 0 0 0 45721 0 16727 
0 2739 2208683 0 0 7 0 0 0 45728 0 16734 
0 2740 2208684 0 0 8 0 0 0 45735 0 16741 
0 2741 2208685 0 0 8 0 0 0 45743 0 16749 
0 2742 2208686 0 0 8 0 0 0 45751 0 16757 
0 2743 2208687 0 0 8 0 0 0 45759 0 16765 
0 2744 2208692 0 0 7 0 0 0 45767 0 16773 
0 2745 2208693 0 0 7 0 0 0 45774 0 16780 
0 2746 2208694 0 0 8 0 0 0 45781 0 16787 
0 2747 2208695 0 0 8 0 0 0 45789 0 16795 
0 2748 2208702 0 0 7 0 0 0 45797 0 16803 
0 2749 2208703 0 0 7 0 0 0 45894 0 16810 
0 2750 2208710 0 0 6 0 0 0 46154 0 16817 
0 2751 2208711 0 0 6 0 0 0 46160 0 16823 
0 2752 2208714 0 0 7 0 0 0 46166 0 16829 
0 2753 2208715 0 0 7 0 0 0 46173 0 16836 
0 2754 2208716 0 0 8 0 0 0 46180 0 16843 
0 2755 2208717 0 0 8 0 0 0 46188 0 16851 
0 2756 2208718 0 0 8 0 0 0 46196 0 16859 
0 2757 2208719 0 0 8 0 0 0 46204 0 16867 
0 2758 2208724 0 0 7 0 0 0 46212 0 16875 
0 2759 2208725 0 0 7 0 0 0 46219 0 16882 
0 2760 2208726 0 0 8 0 0 0 46226 0 16889 
0 2761 2208727 0 0 8 0 0 0 46146 0 16897 
0 2762 2208734 0 0 7 0 0 0 46240 0 16905 
0 2763 2208735 0 0 7 0 0 0 46247 0 16912 
0 2764 2208736 0 0 7 0 0 0 46254 0 16919 
0 2765 2208737 0 0 7 0 0 0 46261 0 16926 
0 2766 2208738 0 0 8 0 0 0 46268 0 16933 
0 2767 2208739 0 0 8 0 0 0 46276 0 16941 
0 2768 2208740 0 0 8 0 0 0 46284 0 16949 
0 2769 2208741 0 0 8 0 0 0 46292 0 16957 
0 2770 2208742 0 0 8 0 0 0 46300 0 16965 
0 2771 2208743 0 0 8 0 0 0 46308 0 16973 
0 2772 2208746 0 0 7 0 0 0 46316 0 16981 
0 2773 2208747 0 0 7 0 0 0 46069 0 16988 
0 2774 2208748 0 0 8 0 0 0 45989 0 16995 
0 2775 2208749 0 0 8 0 0 0 45997 0 17003 
0 2776 2208750 0 0 8 0 0 0 46005 0 17011 
0 2777 2208751 0 0 8 0 0 0 46013 0 17019 
0 2778 2208756 0 0 7 0 0 0 46021 0 17027 
0 2779 2208757 0 0 7 0 0 0 46028 0 17034 
0 2780 2208758 0 0 8 0 0 0 46035 0 17041 
0 2781 2208759 0 0 8 0 0 0 46043 0 17049 
0 2782 2208766 0 0 7 0 0 0 46051 0 17057 
0 2783 2208767 0 0 7 0 0 0 46058 0 17064 
0 2784 2209611 0 0 4 0 0 0 46065 0 17071 
0 2785 2209612 0 0 7 0 0 0 45982 0 17075 
0 2786 2209613 0 0 7 0 0 0 46076 0 17082 
0 2787 2209614 0 0 7 0 0 0 46083 0 17089 
0 2788 2209615 0 0 7 0 0 0 46090 0 17096 
0 2789 2209620 0 0 6 0 0 0 46097 0 17103 
0 2790 2209621 0 0 6 0 0 0 46103 0 17109 
0 2791 2209622 0 0 7 0 0 0 46109 0 17115 
0 2792 2209623 0 0 7 0 0 0 46116 0 17122 
0 2793 2209630 0 0 6 0 0 0 46123 0 17129 
0 2794 2209631 0 0 6 0 0 0 46129 0 17135 
0 2795 2209633 0 0 5 0 0 0 46135 0 17141 
0 2796 2209635 0 0 6 0 0 0 46140 0 17146 
0 2797 2209636 0 0 7 0 0 0 45532 0 17152 
0 2798 2209637 0 0 7 0 0 0 45127 0 17159 
0 2799 2209638 0 0 7 0 0 0 45134 0 17166 
0 2800 2209639 0 0 7 0 0 0 45141 0 17173 
0 2801 2209643 0 0 5 0 0 0 45148 0 17180 
0 2802 2209644 0 0 7 0 0 0 45153 0 17185 
0 2803 2209645 0 0 7 0 0 0 45160 0 17192 
0 2804 2209646 0 0 7 0 0 0 45167 0 17199 
0 2805 2209647 0 0 7 0 0 0 45174 0 17206 
0 2806 2209652 0 0 6 0 0 0 45181 0 17213 
0 2807 2209653 0 0 6 0 0 0 45187 0 17219 
0 2808 2209654 0 0 7 0 0 0 45193 0 17225 
0 2809 2209655 0 0 7 0 0 0 45120 0 17232 
0 2810 2209662 0 0 6 0 0 0 45208 0 17239 
0 2811 2209663 0 0 6 0 0 0 45214 0 17245 
0 2812 2209676 0 0 6 0 0 0 45220 0 17251 
0 2813 2209677 0 0 6 0 0 0 45226 0 17257 
0 2814 2209678 0 0 8 0 0 0 45232 0 17263 
0 2815 2209679 0 0 8 0 0 0 45240 0 17271 
0 2816 2209684 0 0 7 0 0 0 45248 0 17279 
0 2817 2209685 0 0 7 0 0 0 45255 0 17286 
0 2818 2209686 0 0 8 0 0 0 45262 0 17293 
0 2819 2209687 0 0 8 0 0 0 45270 0 17301 
0 2820 2209694 0 0 7 0 0 0 45278 0 17309 
0 2821 2209695 0 0 7 0 0 0 45035 0 17316 
0 2822 2209696 0 0 7 0 0 0 44943 0 17323 
0 2823 2209697 0 0 7 0 0 0 44950 0 17330 
0 2824 2209698 0 0 8 0 0 0 44957 0 17337 
0 2825 2209699 0 0 8 0 0 0 44965 0 17345 
0 2826 2209700 0 0 8 0 0 0 44973 0 17353 
0 2827 2209701 0 0 8 0 0 0 44981 0 17361 
0 2828 2209702 0 0 8 0 0 0 44989 0 17369 
0 2829 2209703 0 0 8 0 0 0 44997 0 17377 
0 2830 2209706 0 0 7 0 0 0 45005 0 17385 
0 2831 2209707 0 0 7 0 0 0 45012 0 17392 
0 2832 2209708 0 0 8 0 0 0 45019 0 17399 
0 2833 2209709 0 0 8 0 0 0 45027 0 17407 
0 2834 2209710 0 0 8 0 0 0 44935 0 17415 
0 2835 2209711 0 0 8 0 0 0 45042 0 17423 
0 2836 2209716 0 0 7 0 0 0 45050 0 17431 
0 2837 2209717 0 0 7 0 0 0 45057 0 17438 
0 2838 2209718 0 0 8 0 0 0 45064 0 17445 
0 2839 2209719 0 0 8 0 0 0 45072 0 17453 
0 2840 2209726 0 0 7 0 0 0 45080 0 17461 
0 2841 2209727 0 0 7 0 0 0 45087 0 17468 
0 2842 2209742 0 0 6 0 0 0 45094 0 17475 
0 2843 2209743 0 0 6 0 0 0 45100 0 17481 
0 2844 2209748 0 0 7 0 0 0 45106 0 17487 
0 2845 2209749 0 0 7 0 0 0 45113 0 17494 
0 2846 2209750 0 0 8 0 0 0 45200 0 17501 
0 2847 2209751 0 0 8 0 0 0 45448 0 17509 
0 2848 2209758 0 0 7 0 0 0 45456 0 17517 
0 2849 2209759 0 0 7 0 0 0 45463 0 17524 
0 2850 2209760 0 0 7 0 0 0 45470 0 17531 
0 2851 2209761 0 0 7 0 0 0 45477 0 17538 
0 2852 2209762 0 0 8 0 0 0 45484 0 17545 
0 2853 2209763 0 0 8 0 0 0 45492 0 17553 
0 2854 2209764 0 0 8 0 0 0 45500 0 17561 
0 2855 2209765 0 0 8 0 0 0 45508 0 17569 
0 2856 2209766 0 0 8 0 0 0 45516 0 17577 
0 2857 2209767 0 0 8 0 0 0 45524 0 17585 
0 2858 2209770 0 0 7 0 0 0 45441 0 17593 
0 2859 2209771 0 0 7 0 0 0 45539 0 17600 
0 2860 2209772 0 0 8 0 0 0 45546 0 17607 
0 2861 2209773 0 0 8 0 0 0 45554 0 17615 
0 2862 2209774 0 0 8 0 0 0 45562 0 17623 
0 2863 2209775 0 0 8 0 0 0 45570 0 17631 
0 2864 2209780 0 0 7 0 0 0 45578 0 17639 
0 2865 2209781 0 0 7 0 0 0 45585 0 17646 
0 2866 2209782 0 0 8 0 0 0 45592 0 17653 
0 2867 2209783 0 0 8 0 0 0 45600 0 17661 
0 2868 2209790 0 0 7 0 0 0 45608 0 17669 
0 2869 2209791 0 0 7 0 0 0 45615 0 17676 
0 2870 2210708 0 0 5 0 0 0 45363 0 17683 
0 2871 2210709 0 0 5 0 0 0 45292 0 17688 
0 2872 2210710 0 0 7 0 0 0 45297 0 17693 
0 2873 2210711 0 0 7 0 0 0 45304 0 17700 
0 2874 2210718 0 0 6 0 0 0 45311 0 17707 
0 2875 2210719 0 0 6 0 0 0 45317 0 17713 
0 2876 2210720 0 0 6 0 0 0 45323 0 17719 
0 2877 2210721 0 0 6 0 0 0 45329 0 17725 
0 2878 2210722 0 0 7 0 0 0 45335 0 17731 
0 2879 2210723 0 0 7 0 0 0 45342 0 17738 
0 2880 2210724 0 0 7 0 0 0 45349 0 17745 
0 2881 2210725 0 0 7 0 0 0 45356 0 17752 
0 2882 2210726 0 0 7 0 0 0 45285 0 17759 
0 2883 2210727 0 0 7 0 0 0 45368 0 17766 
0 2884 2210730 0 0 6 0 0 0 45375 0 17773 
0 2885 2210731 0 0 6 0 0 0 45381 0 17779 
0 2886 2210732 0 0 7 0 0 0 45387 0 17785 
0 2887 2210733 0 0 7 0 0 0 45394 0 17792 
0 2888 2210734 0 0 7 0 0 0 45401 0 17799 
0 2889 2210735 0 0 7 0 0 0 45408 0 17806 
0 2890 2210740 0 0 6 0 0 0 45415 0 17813 
0 2891 2210741 0 0 6 0 0 0 45421 0 17819 
0 2892 2210742 0 0 7 0 0 0 45427 0 17825 
0 2893 2210743 0 0 7 0 0 0 45434 0 17832 
0 2894 2210750 0 0 6 0 0 0 46234 0 17839 
0 2895 2210751 0 0 6 0 0 0 47073 0 17845 
0 2896 2210774 0 0 6 0 0 0 47079 0 17851 
0 2897 2210775 0 0 6 0 0 0 47085 0 17857 
0 2898 2210782 0 0 7 0 0 0 47091 0 17863 
0 2899 2210783 0 0 7 0 0 0 47098 0 17870 
0 2900 2210784 0 0 7 0 0 0 47105 0 17877 
0 2901 2210785 0 0 7 0 0 0 47112 0 17884 
0 2902 2210786 0 0 8 0 0 0 47119 0 17891 
0 2903 2210787 0 0 8 0 0 0 47127 0 17899 
0 2904 2210788 0 0 8 0 0 0 47135 0 17907 
0 2905 2210789 0 0 8 0 0 0 47143 0 17915 
0 2906 2210790 0 0 8 0 0 0 47065 0 17923 
0 2907 2210791 0 0 8 0 0 0 47155 0 17931 
0 2908 2210794 0 0 7 0 0 0 47163 0 17939 
0 2909 2210795 0 0 7 0 0 0 47170 0 17946 
0 2910 2210796 0 0 8 0 0 0 47177 0 17953 
0 2911 2210797 0 0 8 0 0 0 47185 0 17961 
0 2912 2210798 0 0 8 0 0 0 47193 0 17969 
0 2913 2210799 0 0 8 0 0 0 47201 0 17977 
0 2914 2210804 0 0 7 0 0 0 47209 0 17985 
0 2915 2210805 0 0 7 0 0 0 47216 0 17992 
0 2916 2210806 0 0 8 0 0 0 47223 0 17999 
0 2917 2210807 0 0 8 0 0 0 47231 0 18007 
0 2918 2210814 0 0 7 0 0 0 46986 0 18015 
0 2919 2210815 0 0 7 0 0 0 46915 0 18022 
0 2920 2211806 0 0 5 0 0 0 46922 0 18029 
0 2921 2211807 0 0 5 0 0 0 46927 0 18034 
0 2922 2211808 0 0 6 0 0 0 46932 0 18039 
0 2923 2211809 0 0 6 0 0 0 46938 0 18045 
0 2924 2211810 0 0 7 0 0 0 46944 0 18051 
0 2925 2211811 0 0 7 0 0 0 46951 0 18058 
0 2926 2211812 0 0 7 0 0 0 46958 0 18065 
0 2927 2211813 0 0 7 0 0 0 46965 0 18072 
0 2928 2211814 0 0 7 0 0 0 46972 0 18079 
0 2929 2211815 0 0 7 0 0 0 46979 0 18086 
0 2930 2211818 0 0 6 0 0 0 46909 0 18093 
0 2931 2211819 0 0 6 0 0 0 46993 0 18099 
0 2932 2211820 0 0 7 0 0 0 46999 0 18105 
0 2933 2211821 0 0 7 0 0 0 47006 0 18112 
0 2934 2211822 0 0 7 0 0 0 47013 0 18119 
0 2935 2211823 0 0 7 0 0 0 47020 0 18126 
0 2936 2211828 0 0 6 0 0 0 47027 0 18133 
0 2937 2211829 0 0 6 0 0 0 47033 0 18139 
0 2938 2211830 0 0 7 0 0 0 47039 0 18145 
0 2939 2211831 0 0 7 0 0 0 47046 0 18152 
0 2940 2211838 0 0 6 0 0 0 47053 0 18159 
0 2941 2211839 0 0 6 0 0 0 47059 0 18165 
0 2942 2224929 0 0 4 0 0 0 47151 0 18171 
0 2943 2224931 0 0 5 0 0 0 47399 0 18175 
0 2944 2224932 0 0 6 0 0 0 47404 0 18180 
0 2945 2224933 0 0 6 0 0 0 47410 0 18186 
0 2946 2224934 0 0 6 0 0 0 47416 0 18192 
0 2947 2224935 0 0 6 0 0 0 47422 0 18198 
0 2948 2224939 0 0 5 0 0 0 47428 0 18204 
0 2949 2224940 0 0 7 0 0 0 47433 0 18209 
0 2950 2224941 0 0 7 0 0 0 47440 0 18216 
0 2951 2224942 0 0 7 0 0 0 47447 0 18223 
0 2952 2224943 0 0 7 0 0 0 47454 0 18230 
0 2953 2224948 0 0 6 0 0 0 47461 0 18237 
0 2954 2224949 0 0 6 0 0 0 47393 0 18243 
0 2955 2224950 0 0 7 0 0 0 47475 0 18249 
0 2956 2224951 0 0 7 0 0 0 47482 0 18256 
0 2957 2224958 0 0 6 0 0 0 47489 0 18263 
0 2958 2224959 0 0 6 0 0 0 47495 0 18269 
0 2959 2225003 0 0 5 0 0 0 47501 0 18275 
0 2960 2225004 0 0 7 0 0 0 47506 0 18280 
0 2961 2225005 0 0 7 0 0 0 47513 0 18287 
0 2962 2225006 0 0 7 0 0 0 47520 0 18294 
0 2963 2225007 0 0 7 0 0 0 47527 0 18301 
0 2964 2225012 0 0 7 0 0 0 47534 0 18308 
0 2965 2225013 0 0 7 0 0 0 47541 0 18315 
0 2966 2225014 0 0 8 0 0 0 47317 0 18322 
0 2967 2225015 0 0 8 0 0 0 47243 0 18330 
0 2968 2225022 0 0 7 0 0 0 47251 0 18338 
0 2969 2225023 0 0 7 0 0 0 47258 0 18345 
0 2970 2225076 0 0 6 0 0 0 47265 0 18352 
0 2971 2225077 0 0 6 0 0 0 47271 0 18358 
0 2972 2225078 0 0 7 0 0 0 47277 0 18364 
0 2973 2225079 0 0 7 0 0 0 47284 0 18371 
0 2974 2225086 0 0 7 0 0 0 47291 0 18378 
0 2975 2225087 0 0 7 0 0 0 47298 0 18385 
0 2976 2225150 0 0 6 0 0 0 47305 0 18392 
0 2977 2225151 0 0 6 0 0 0 47311 0 18398 
0 2978 2226027 0 0 4 0 0 0 47239 0 18404 
0 2979 2226028 0 0 6 0 0 0 47325 0 18408 
0 2980 2226029 0 0 6 0 0 0 47331 0 18414 
0 2981 2226030 0 0 6 0 0 0 47337 0 18420 
0 2982 2226031 0 0 6 0 0 0 47343 0 18426 
0 2983 2226036 0 0 6 0 0 0 47349 0 18432 
0 2984 2226037 0 0 6 0 0 0 47355 0 18438 
0 2985 2226038 0 0 7 0 0 0 47361 0 18444 
0 2986 2226039 0 0 7 0 0 0 47368 0 18451 
0 2987 2226046 0 0 6 0 0 0 47375 0 18458 
0 2988 2226047 0 0 6 0 0 0 47381 0 18464 
0 2989 2226100 0 0 6 0 0 0 47387 0 18470 
0 2990 2226101 0 0 6 0 0 0 46828 0 18476 
0 2991 2226102 0 0 7 0 0 0 46476 0 18482 
0 2992 2226103 0 0 7 0 0 0 46483 0 18489 
0 2993 2226110 0 0 7 0 0 0 46490 0 18496 
0 2994 2226111 0 0 7 0 0 0 46497 0 18503 
0 2995 2226174 0 0 6 0 0 0 46504 0 18510 
0 2996 2226175 0 0 6 0 0 0 46510 0 18516 
0 2997 2227124 0 0 5 0 0 0 46516 0 18522 
0 2998 2227125 0 0 5 0 0 0 46521 0 18527 
0 2999 2227126 0 0 6 0 0 0 46526 0 18532 
0 3000 2227127 0 0 6 0 0 0 46532 0 18538 
0 3001 2227134 0 0 6 0 0 0 46538 0 18544 
0 3002 2227135 0 0 6 0 0 0 46470 0 18550 
0 3003 2227198 0 0 6 0 0 0 46551 0 18556 
0 3004 2227199 0 0 6 0 0 0 46557 0 18562 
0 3005 2228222 0 0 5 0 0 0 46563 0 18568 
0 3006 2228223 0 0 5 0 0 0 46568 0 18573 
0 3007 2300336 0 0 3 0 0 0 46573 0 18578 
0 3008 2300337 0 0 5 0 0 0 46576 0 18581 
0 3009 2300339 0 0 4 0 0 0 46581 0 18586 
0 3010 2300340 0 0 3 0 0 0 46585 0 18590 
0 3011 2300341 0 0 5 0 0 0 46588 0 18593 
0 3012 2300343 0 0 4 0 0 0 46593 0 18598 
0 3013 2300344 0 0 5 0 0 0 46597 0 18602 
0 3014 2300345 0 0 6 0 0 0 46393 0 18607 
0 3015 2300347 0 0 5 0 0 0 46329 0 18613 
0 3016 2300348 0 0 5 0 0 0 46334 0 18618 
0 3017 2300349 0 0 6 0 0 0 46339 0 18623 
0 3018 2300351 0 0 5 0 0 0 46345 0 18629 
0 3019 2300408 0 0 5 0 0 0 46350 0 18634 
0 3020 2300409 0 0 6 0 0 0 46355 0 18639 
0 3021 2300411 0 0 5 0 0 0 46361 0 18645 
0 3022 2300412 0 0 5 0 0 0 46366 0 18650 
0 3023 2300413 0 0 6 0 0 0 46371 0 18655 
0 3024 2300415 0 0 5 0 0 0 46377 0 18661 
0 3025 2300560 0 0 5 0 0 0 46382 0 18666 
0 3026 2300561 0 0 6 0 0 0 46387 0 18671 
0 3027 2300562 0 0 6 0 0 0 46323 0 18677 
0 3028 2300563 0 0 6 0 0 0 46399 0 18683 
0 3029 2300564 0 0 5 0 0 0 46405 0 18689 
0 3030 2300565 0 0 6 0 0 0 46410 0 18694 
0 3031 2300566 0 0 6 0 0 0 46416 0 18700 
0 3032 2300567 0 0 6 0 0 0 46422 0 18706 
0 3033 2300568 0 0 7 0 0 0 46428 0 18712 
0 3034 2300569 0 0 7 0 0 0 46435 0 18719 
0 3035 2300570 0 0 7 0 0 0 46442 0 18726 
0 3036 2300571 0 0 7 0 0 0 46449 0 18733 
0 3037 2300572 0 0 7 0 0 0 46456 0 18740 
0 3038 2300573 0 0 7 0 0 0 46463 0 18747 
0 3039 2300574 0 0 7 0 0 0 46544 0 18754 
0 3040 2300575 0 0 7 0 0 0 46761 0 18761 
0 3041 2300576 0 0 4 0 0 0 46768 0 18768 
0 3042 2300577 0 0 7 0 0 0 46772 0 18772 
0 3043 2300579 0 0 5 0 0 0 46779 0 18779 
0 3044 2300580 0 0 4 0 0 0 46784 0 18784 
0 3045 2300581 0 0 7 0 0 0 46788 0 18788 
0 3046 2300583 0 0 5 0 0 0 46795 0 18795 
0 3047 2300584 0 0 7 0 0 0 46800 0 18800 
0 3048 2300585 0 0 7 0 0 0 46807 0 18807 
0 3049 2300586 0 0 7 0 0 0 46814 0 18814 
0 3050 2300587 0 0 7 0 0 0 46821 0 18821 
0 3051 2300588 0 0 7 0 0 0 46754 0 18828 
0 3052 2300589 0 0 7 0 0 0 46834 0 18835 
0 3053 2300590 0 0 7 0 0 0 46841 0 18842 
0 3054 2300591 0 0 7 0 0 0 46848 0 18849 
0 3055 2300592 0 0 6 0 0 0 46855 0 18856 
0 3056 2300593 0 0 7 0 0 0 46861 0 18862 
0 3057 2300594 0 0 7 0 0 0 46868 0 18869 
0 3058 2300595 0 0 7 0 0 0 46875 0 18876 
0 3059 2300596 0 0 6 0 0 0 46882 0 18883 
0 3060 2300597 0 0 7 0 0 0 46888 0 18889 
0 3061 2300598 0 0 7 0 0 0 46895 0 18896 
0 3062 2300599 0 0 7 0 0 0 46902 0 18903 
0 3063 2300600 0 0 7 0 0 0 46681 0 18910 
0 3064 2300601 0 0 7 0 0 0 46608 0 18917 
0 3065 2300602 0 0 7 0 0 0 46615 0 18924 
0 3066 2300603 0 0 7 0 0 0 46622 0 18931 
0 3067 2300604 0 0 7 0 0 0 46629 0 18938 
0 3068 2300605 0 0 7 0 0 0 46636 0 18945 
0 3069 2300606 0 0 7 0 0 0 46643 0 18952 
0 3070 2300607 0 0 7 0 0 0 46650 0 18959 
0 3071 2300632 0 0 6 0 0 0 46657 0 18966 
0 3072 2300633 0 0 6 0 0 0 46663 0 18972 
0 3073 2300634 0 0 6 0 0 0 46669 0 18978 
0 3074 2300635 0 0 6 0 0 0 46675 0 18984 
0 3075 2300636 0 0 6 0 0 0 46602 0 18990 
0 3076 2300637 0 0 6 0 0 0 46688 0 18996 
0 3077 2300638 0 0 6 0 0 0 46694 0 19002 
0 3078 2300639 0 0 6 0 0 0 46700 0 19008 
0 3079 2300648 0 0 5 0 0 0 46706 0 19014 
0 3080 2300649 0 0 7 0 0 0 46711 0 19019 
0 3081 2300651 0 0 5 0 0 0 46718 0 19026 
0 3082 2300652 0 0 5 0 0 0 46723 0 19031 
0 3083 2300653 0 0 7 0 0 0 46728 0 19036 
0 3084 2300655 0 0 5 0 0 0 46735 0 19043 
0 3085 2300656 0 0 7 0 0 0 46740 0 19048 
0 3086 2300657 0 0 7 0 0 0 46747 0 19055 
0 3087 2300658 0 0 7 0 0 0 59064 0 19062 
0 3088 2300659 0 0 7 0 0 0 72278 0 19069 
0 3089 2300660 0 0 7 0 0 0 72285 0 19076 
0 3090 2300661 0 0 7 0 0 0 72292 0 19083 
0 3091 2300662 0 0 7 0 0 0 72299 0 19090 
0 3092 2300663 0 0 7 0 0 0 72306 0 19097 
0 3093 2300664 0 0 7 0 0 0 72313 0 19104 
0 3094 2300665 0 0 7 0 0 0 72320 0 19111 
0 3095 2300666 0 0 7 0 0 0 72327 0 19118 
0 3096 2300667 0 0 7 0 0 0 72334 0 19125 
0 3097 2300668 0 0 7 0 0 0 72341 0 19132 
0 3098 2300669 0 0 7 0 0 0 72348 0 19139 
0 3099 2300670 0 0 7 0 0 0 72271 0 19146 
0 3100 2300671 0 0 7 0 0 0 72363 0 19153 
0 3101 2300848 0 0 4 0 0 0 72370 0 19160 
0 3102 2300849 0 0 6 0 0 0 72374 0 19164 
0 3103 2300851 0 0 5 0 0 0 72380 0 19170 
0 3104 2300852 0 0 4 0 0 0 72385 0 19175 
0 3105 2300853 0 0 6 0 0 0 72389 0 19179 
0 3106 2300855 0 0 5 0 0 0 72395 0 19185 
0 3107 2300856 0 0 6 0 0 0 72400 0 19190 
0 3108 2300857 0 0 7 0 0 0 72406 0 19196 
0 3109 2300859 0 0 6 0 0 0 72413 0 19203 
0 3110 2300860 0 0 6 0 0 0 72419 0 19209 
0 3111 2300861 0 0 7 0 0 0 72187 0 19215 
0 3112 2300863 0 0 6 0 0 0 72128 0 19222 
0 3113 2300920 0 0 5 0 0 0 72134 0 19228 
0 3114 2300921 0 0 6 0 0 0 72139 0 19233 
0 3115 2300923 0 0 5 0 0 0 72145 0 19239 
0 3116 2300924 0 0 5 0 0 0 72150 0 19244 
0 3117 2300925 0 0 6 0 0 0 72155 0 19249 
0 3118 2300927 0 0 5 0 0 0 72161 0 19255 
0 3119 2301432 0 0 5 0 0 0 72166 0 19260 
0 3120 2301433 0 0 6 0 0 0 72171 0 19265 
0 3121 2301435 0 0 5 0 0 0 72177 0 19271 
0 3122 2301436 0 0 5 0 0 0 72182 0 19276 
0 3123 2301437 0 0 6 0 0 0 72122 0 19281 
0 3124 2301439 0 0 5 0 0 0 72194 0 19287 
0 3125 2301584 0 0 7 0 0 0 72199 0 19292 
0 3126 2301585 0 0 7 0 0 0 72206 0 19299 
0 3127 2301586 0 0 7 0 0 0 72213 0 19306 
0 3128 2301587 0 0 7 0 0 0 72220 0 19313 
0 3129 2301588 0 0 7 0 0 0 72227 0 19320 
0 3130 2301589 0 0 7 0 0 0 72234 0 19327 
0 3131 2301590 0 0 7 0 0 0 72241 0 19334 
0 3132 2301591 0 0 7 0 0 0 72248 0 19341 
0 3133 2301592 0 0 8 0 0 0 72255 0 19348 
0 3134 2301593 0 0 8 0 0 0 72263 0 19356 
0 3135 2301594 0 0 8 0 0 0 72355 0 19364 
0 3136 2301595 0 0 8 0 0 0 72611 0 19372 
0 3137 2301596 0 0 8 0 0 0 72619 0 19380 
0 3138 2301597 0 0 8 0 0 0 72627 0 19388 
0 3139 2301598 0 0 8 0 0 0 72635 0 19396 
0 3140 2301599 0 0 8 0 0 0 72643 0 19404 
0 3141 2301600 0 0 6 0 0 0 72651 0 19412 
0 3142 2301601 0 0 8 0 0 0 72657 0 19418 
0 3143 2301603 0 0 6 0 0 0 72665 0 19426 
0 3144 2301604 0 0 6 0 0 0 72671 0 19432 
0 3145 2301605 0 0 8 0 0 0 72677 0 19438 
0 3146 2301607 0 0 6 0 0 0 72685 0 19446 
0 3147 2301608 0 0 8 0 0 0 72603 0 19452 
0 3148 2301609 0 0 8 0 0 0 72699 0 19460 
0 3149 2301610 0 0 8 0 0 0 72707 0 19468 
0 3150 2301611 0 0 8 0 0 0 72715 0 19476 
0 3151 2301612 0 0 8 0 0 0 72723 0 19484 
0 3152 2301613 0 0 8 0 0 0 72731 0 19492 
0 3153 2301614 0 0 8 0 0 0 72739 0 19500 
0 3154 2301615 0 0 8 0 0 0 72747 0 19508 
0 3155 2301616 0 0 8 0 0 0 72755 0 19516 
0 3156 2301617 0 0 8 0 0 0 72763 0 19524 
0 3157 2301618 0 0 8 0 0 0 72771 0 19532 
0 3158 2301619 0 0 8 0 0 0 72779 0 19540 
0 3159 2301620 0 0 8 0 0 0 72520 0 19548 
0 3160 2301621 0 0 8 0 0 0 72432 0 19556 
0 3161 2301622 0 0 8 0 0 0 72440 0 19564 
0 3162 2301623 0 0 8 0 0 0 72448 0 19572 
0 3163 2301624 0 0 8 0 0 0 72456 0 19580 
0 3164 2301625 0 0 8 0 0 0 72464 0 19588 
0 3165 2301626 0 0 8 0 0 0 72472 0 19596 
0 3166 2301627 0 0 8 0 0 0 72480 0 19604 
0 3167 2301628 0 0 8 0 0 0 72488 0 19612 
0 3168 2301629 0 0 8 0 0 0 72496 0 19620 
0 3169 2301630 0 0 8 0 0 0 72504 0 19628 
0 3170 2301631 0 0 8 0 0 0 72512 0 19636 
0 3171 2301656 0 0 7 0 0 0 72425 0 19644 
0 3172 2301657 0 0 7 0 0 0 72528 0 19651 
0 3173 2301658 0 0 7 0 0 0 72535 0 19658 
0 3174 2301659 0 0 7 0 0 0 72542 0 19665 
0 3175 2301660 0 0 7 0 0 0 72549 0 19672 
0 3176 2301661 0 0 7 0 0 0 72556 0 19679 
0 3177 2301662 0 0 7 0 0 0 72563 0 19686 
0 3178 2301663 0 0 7 0 0 0 72570 0 19693 
0 3179 2301672 0 0 6 0 0 0 72577 0 19700 
0 3180 2301673 0 0 8 0 0 0 72583 0 19706 
0 3181 2301675 0 0 6 0 0 0 72591 0 19714 
0 3182 2301676 0 0 6 0 0 0 72597 0 19720 
0 3183 2301677 0 0 8 0 0 0 72034 0 19726 
0 3184 2301679 0 0 6 0 0 0 71625 0 19734 
0 3185 2301680 0 0 8 0 0 0 71631 0 19740 
0 3186 2301681 0 0 8 0 0 0 71639 0 19748 
0 3187 2301682 0 0 8 0 0 0 71647 0 19756 
0 3188 2301683 0 0 8 0 0 0 71655 0 19764 
0 3189 2301684 0 0 8 0 0 0 71663 0 19772 
0 3190 2301685 0 0 8 0 0 0 71671 0 19780 
0 3191 2301686 0 0 8 0 0 0 71679 0 19788 
0 3192 2301687 0 0 8 0 0 0 71687 0 19796 
0 3193 2301688 0 0 8 0 0 0 71695 0 19804 
0 3194 2301689 0 0 8 0 0 0 71703 0 19812 
0 3195 2301690 0 0 8 0 0 0 71617 0 19820 
0 3196 2301691 0 0 8 0 0 0 71719 0 19828 
0 3197 2301692 0 0 8 0 0 0 71727 0 19836 
0 3198 2301693 0 0 8 0 0 0 71735 0 19844 
0 3199 2301694 0 0 8 0 0 0 71743 0 19852 
0 3200 2301695 0 0 8 0 0 0 71751 0 19860 
0 3201 2301872 0 0 6 0 0 0 71759 0 19868 
0 3202 2301873 0 0 7 0 0 0 71765 0 19874 
0 3203 2301875 0 0 6 0 0 0 71772 0 19881 
0 3204 2301876 0 0 6 0 0 0 71778 0 19887 
0 3205 2301877 0 0 7 0 0 0 71784 0 19893 
0 3206 2301879 0 0 6 0 0 0 71791 0 19900 
0 3207 2301880 0 0 7 0 0 0 71542 0 19906 
0 3208 2301881 0 0 8 0 0 0 71465 0 19913 
0 3209 2301883 0 0 7 0 0 0 71473 0 19921 
0 3210 2301884 0 0 7 0 0 0 71480 0 19928 
0 3211 2301885 0 0 8 0 0 0 71487 0 19935 
0 3212 2301887 0 0 7 0 0 0 71495 0 19943 
0 3213 2301944 0 0 6 0 0 0 71502 0 19950 
0 3214 2301945 0 0 7 0 0 0 71508 0 19956 
0 3215 2301947 0 0 6 0 0 0 71515 0 19963 
0 3216 2301948 0 0 6 0 0 0 71521 0 19969 
0 3217 2301949 0 0 7 0 0 0 71527 0 19975 
0 3218 2301951 0 0 6 0 0 0 71534 0 19982 
0 3219 2304768 0 0 2 0 0 0 71540 0 19988 
0 3220 2304769 0 0 6 0 0 0 71459 0 19990 
0 3221 2304771 0 0 6 0 0 0 71549 0 19996 
0 3222 2304772 0 0 5 0 0 0 71555 0 20002 
0 3223 2304773 0 0 8 0 0 0 71560 0 20007 
0 3224 2304775 0 0 6 0 0 0 71568 0 20015 
0 3225 2304779 0 0 4 0 0 0 71574 0 20021 
0 3226 2304780 0 0 6 0 0 0 71578 0 20025 
0 3227 2304781 0 0 8 0 0 0 71584 0 20031 
0 3228 2304783 0 0 6 0 0 0 71592 0 20039 
0 3229 2304788 0 0 5 0 0 0 71598 0 20045 
0 3230 2304789 0 0 6 0 0 0 71603 0 20050 
0 3231 2304790 0 0 8 0 0 0 71609 0 20056 
0 3232 2304791 0 0 8 0 0 0 71711 0 20064 
0 3233 2304798 0 0 6 0 0 0 71970 0 20072 
0 3234 2304799 0 0 6 0 0 0 71976 0 20078 
0 3235 2304820 0 0 3 0 0 0 71982 0 20084 
0 3236 2304821 0 0 6 0 0 0 71985 0 20087 
0 3237 2304823 0 0 6 0 0 0 71991 0 20093 
0 3238 2304831 0 0 4 0 0 0 71997 0 20099 
0 3239 2304833 0 0 4 0 0 0 72001 0 20103 
0 3240 2304834 0 0 5 0 0 0 72005 0 20107 
0 3241 2304835 0 0 8 0 0 0 72010 0 20112 
0 3242 2304836 0 0 8 0 0 0 72018 0 20120 
0 3243 2304837 0 0 8 0 0 0 72026 0 20128 
0 3244 2304838 0 0 8 0 0 0 71962 0 20136 
0 3245 2304839 0 0 8 0 0 0 72042 0 20144 
0 3246 2304842 0 0 6 0 0 0 72050 0 20152 
0 3247 2304843 0 0 6 0 0 0 72056 0 20158 
0 3248 2304844 0 0 8 0 0 0 72062 0 20164 
0 3249 2304845 0 0 8 0 0 0 72070 0 20172 
0 3250 2304846 0 0 8 0 0 0 72078 0 20180 
0 3251 2304847 0 0 8 0 0 0 72086 0 20188 
0 3252 2304852 0 0 6 0 0 0 72094 0 20196 
0 3253 2304853 0 0 6 0 0 0 72100 0 20202 
0 3254 2304854 0 0 8 0 0 0 72106 0 20208 
0 3255 2304855 0 0 8 0 0 0 72114 0 20216 
0 3256 2304862 0 0 6 0 0 0 71883 0 20224 
0 3257 2304863 0 0 6 0 0 0 71805 0 20230 
0 3258 2304864 0 0 6 0 0 0 71811 0 20236 
0 3259 2304865 0 0 6 0 0 0 71817 0 20242 
0 3260 2304866 0 0 8 0 0 0 71823 0 20248 
0 3261 2304867 0 0 8 0 0 0 71831 0 20256 
0 3262 2304868 0 0 8 0 0 0 71839 0 20264 
0 3263 2304869 0 0 8 0 0 0 71847 0 20272 
0 3264 2304870 0 0 8 0 0 0 71855 0 20280 
0 3265 2304871 0 0 8 0 0 0 71863 0 20288 
0 3266 2304874 0 0 6 0 0 0 71871 0 20296 
0 3267 2304875 0 0 6 0 0 0 71877 0 20302 
0 3268 2304876 0 0 8 0 0 0 71797 0 20308 
0 3269 2304877 0 0 8 0 0 0 71889 0 20316 
0 3270 2304878 0 0 8 0 0 0 71897 0 20324 
0 3271 2304879 0 0 8 0 0 0 71905 0 20332 
0 3272 2304884 0 0 6 0 0 0 71913 0 20340 
0 3273 2304885 0 0 6 0 0 0 71919 0 20346 
0 3274 2304886 0 0 8 0 0 0 71925 0 20352 
0 3275 2304887 0 0 8 0 0 0 71933 0 20360 
0 3276 2304894 0 0 6 0 0 0 71941 0 20368 
0 3277 2304895 0 0 6 0 0 0 71947 0 20374 
0 3278 2304896 0 0 3 0 0 0 71953 0 20380 
0 3279 2304897 0 0 6 0 0 0 71956 0 20383 
0 3280 2304898 0 0 8 0 0 0 72691 0 20389 
0 3281 2304899 0 0 8 0 0 0 73667 0 20397 
0 3282 2304900 0 0 7 0 0 0 73675 0 20405 
0 3283 2304901 0 0 8 0 0 0 73682 0 20412 
0 3284 2304902 0 0 8 0 0 0 73690 0 20420 
0 3285 2304903 0 0 8 0 0 0 73698 0 20428 
0 3286 2304906 0 0 6 0 0 0 73706 0 20436 
0 3287 2304907 0 0 6 0 0 0 73712 0 20442 
0 3288 2304908 0 0 8 0 0 0 73718 0 20448 
0 3289 2304909 0 0 8 0 0 0 73726 0 20456 
0 3290 2304910 0 0 8 0 0 0 73734 0 20464 
0 3291 2304911 0 0 8 0 0 0 73742 0 20472 
0 3292 2304916 0 0 5 0 0 0 73662 0 20480 
0 3293 2304917 0 0 6 0 0 0 73758 0 20485 
0 3294 2304918 0 0 8 0 0 0 73764 0 20491 
0 3295 2304919 0 0 8 0 0 0 73772 0 20499 
0 3296 2304926 0 0 6 0 0 0 73780 0 20507 
0 3297 2304927 0 0 6 0 0 0 73786 0 20513 
0 3298 2304928 0 0 5 0 0 0 73792 0 20519 
0 3299 2304929 0 0 6 0 0 0 73797 0 20524 
0 3300 2304930 0 0 8 0 0 0 73803 0 20530 
0 3301 2304931 0 0 8 0 0 0 73811 0 20538 
0 3302 2304932 0 0 7 0 0 0 73819 0 20546 
0 3303 2304933 0 0 8 0 0 0 73826 0 20553 
0 3304 2304934 0 0 8 0 0 0 73576 0 20561 
0 3305 2304935 0 0 8 0 0 0 73497 0 20569 
0 3306 2304938 0 0 6 0 0 0 73505 0 20577 
0 3307 2304939 0 0 6 0 0 0 73511 0 20583 
0 3308 2304940 0 0 8 0 0 0 73517 0 20589 
0 3309 2304941 0 0 8 0 0 0 73525 0 20597 
0 3310 2304942 0 0 8 0 0 0 73533 0 20605 
0 3311 2304943 0 0 8 0 0 0 73541 0 20613 
0 3312 2304948 0 0 5 0 0 0 73549 0 20621 
0 3313 2304949 0 0 6 0 0 0 73554 0 20626 
0 3314 2304950 0 0 8 0 0 0 73560 0 20632 
0 3315 2304951 0 0 8 0 0 0 73568 0 20640 
0 3316 2304958 0 0 6 0 0 0 73491 0 20648 
0 3317 2304959 0 0 6 0 0 0 73584 0 20654 
0 3318 2304961 0 0 4 0 0 0 73590 0 20660 
0 3319 2304962 0 0 8 0 0 0 73594 0 20664 
0 3320 2304963 0 0 8 0 0 0 73602 0 20672 
0 3321 2304964 0 0 8 0 0 0 73610 0 20680 
0 3322 2304965 0 0 8 0 0 0 73618 0 20688 
0 3323 2304966 0 0 8 0 0 0 73626 0 20696 
0 3324 2304967 0 0 8 0 0 0 73634 0 20704 
0 3325 2304970 0 0 6 0 0 0 73642 0 20712 
0 3326 2304971 0 0 6 0 0 0 73648 0 20718 
0 3327 2304972 0 0 8 0 0 0 73654 0 20724 
0 3328 2304973 0 0 8 0 0 0 73750 0 20732 
0 3329 2304974 0 0 8 0 0 0 73999 0 20740 
0 3330 2304975 0 0 8 0 0 0 74007 0 20748 
0 3331 2304980 0 0 6 0 0 0 74015 0 20756 
0 3332 2304981 0 0 6 0 0 0 74021 0 20762 
0 3333 2304982 0 0 8 0 0 0 74027 0 20768 
0 3334 2304983 0 0 8 0 0 0 74035 0 20776 
0 3335 2304990 0 0 6 0 0 0 74043 0 20784 
0 3336 2304991 0 0 6 0 0 0 74049 0 20790 
0 3337 2304992 0 0 6 0 0 0 74055 0 20796 
0 3338 2304993 0 0 6 0 0 0 74061 0 20802 
0 3339 2304994 0 0 8 0 0 0 74067 0 20808 
0 3340 2304995 0 0 8 0 0 0 73991 0 20816 
0 3341 2304996 0 0 8 0 0 0 74083 0 20824 
0 3342 2304997 0 0 8 0 0 0 74091 0 20832 
0 3343 2304998 0 0 8 0 0 0 74099 0 20840 
0 3344 2304999 0 0 8 0 0 0 74107 0 20848 
0 3345 2305002 0 0 6 0 0 0 74115 0 20856 
0 3346 2305003 0 0 6 0 0 0 74121 0 20862 
0 3347 2305004 0 0 8 0 0 0 74127 0 20868 
0 3348 2305005 0 0 8 0 0 0 74135 0 20876 
0 3349 2305006 0 0 8 0 0 0 74143 0 20884 
0 3350 2305007 0 0 8 0 0 0 74151 0 20892 
0 3351 2305012 0 0 6 0 0 0 74159 0 20900 
0 3352 2305013 0 0 6 0 0 0 73914 0 20906 
0 3353 2305014 0 0 8 0 0 0 73841 0 20912 
0 3354 2305015 0 0 8 0 0 0 73849 0 20920 
0 3355 2305022 0 0 6 0 0 0 73857 0 20928 
0 3356 2305023 0 0 6 0 0 0 73863 0 20934 
0 3357 2305732 0 0 6 0 0 0 73869 0 20940 
0 3358 2305733 0 0 6 0 0 0 73875 0 20946 
0 3359 2305734 0 0 7 0 0 0 73881 0 20952 
0 3360 2305735 0 0 7 0 0 0 73888 0 20959 
0 3361 2305740 0 0 6 0 0 0 73895 0 20966 
0 3362 2305741 0 0 6 0 0 0 73901 0 20972 
0 3363 2305742 0 0 7 0 0 0 73907 0 20978 
0 3364 2305743 0 0 7 0 0 0 73834 0 20985 
0 3365 2305748 0 0 6 0 0 0 73920 0 20992 
0 3366 2305749 0 0 6 0 0 0 73926 0 20998 
0 3367 2305750 0 0 7 0 0 0 73932 0 21004 
0 3368 2305751 0 0 7 0 0 0 73939 0 21011 
0 3369 2305756 0 0 6 0 0 0 73946 0 21018 
0 3370 2305757 0 0 6 0 0 0 73952 0 21024 
0 3371 2305758 0 0 7 0 0 0 73958 0 21030 
0 3372 2305759 0 0 7 0 0 0 73965 0 21037 
0 3373 2305760 0 0 5 0 0 0 73972 0 21044 
0 3374 2305761 0 0 7 0 0 0 73977 0 21049 
0 3375 2305762 0 0 7 0 0 0 73984 0 21056 
0 3376 2305763 0 0 7 0 0 0 73404 0 21063 
0 3377 2305764 0 0 7 0 0 0 72972 0 21070 
0 3378 2305765 0 0 7 0 0 0 72979 0 21077 
0 3379 2305766 0 0 7 0 0 0 72986 0 21084 
0 3380 2305767 0 0 7 0 0 0 72993 0 21091 
0 3381 2305769 0 0 5 0 0 0 73000 0 21098 
0 3382 2305770 0 0 7 0 0 0 73005 0 21103 
0 3383 2305771 0 0 7 0 0 0 73012 0 21110 
0 3384 2305772 0 0 7 0 0 0 73019 0 21117 
0 3385 2305773 0 0 7 0 0 0 73026 0 21124 
0 3386 2305774 0 0 7 0 0 0 73033 0 21131 
0 3387 2305775 0 0 7 0 0 0 73040 0 21138 
0 3388 2305776 0 0 5 0 0 0 72967 0 21145 
0 3389 2305777 0 0 7 0 0 0 73055 0 21150 
0 3390 2305778 0 0 7 0 0 0 73062 0 21157 
0 3391 2305779 0 0 7 0 0 0 73069 0 21164 
0 3392 2305780 0 0 7 0 0 0 73076 0 21171 
0 3393 2305781 0 0 7 0 0 0 73083 0 21178 
0 3394 2305782 0 0 7 0 0 0 73090 0 21185 
0 3395 2305783 0 0 7 0 0 0 73097 0 21192 
0 3396 2305785 0 0 5 0 0 0 73104 0 21199 
0 3397 2305786 0 0 7 0 0 0 73109 0 21204 
0 3398 2305787 0 0 7 0 0 0 73116 0 21211 
0 3399 2305788 0 0 7 0 0 0 73123 0 21218 
0 3400 2305789 0 0 7 0 0 0 72872 0 21225 
0 3401 2305790 0 0 7 0 0 0 72795 0 21232 
0 3402 2305791 0 0 7 0 0 0 72802 0 21239 
0 3403 2305859 0 0 4 0 0 0 72809 0 21246 
0 3404 2305860 0 0 6 0 0 0 72813 0 21250 
0 3405 2305861 0 0 8 0 0 0 72819 0 21256 
0 3406 2305863 0 0 6 0 0 0 72827 0 21264 
0 3407 2305865 0 0 5 0 0 0 72833 0 21270 
0 3408 2305867 0 0 6 0 0 0 72838 0 21275 
0 3409 2305868 0 0 6 0 0 0 72844 0 21281 
0 3410 2305869 0 0 8 0 0 0 72850 0 21287 
0 3411 2305871 0 0 6 0 0 0 72858 0 21295 
0 3412 2305872 0 0 8 0 0 0 72864 0 21301 
0 3413 2305873 0 0 8 0 0 0 72787 0 21309 
0 3414 2305874 0 0 8 0 0 0 72879 0 21317 
0 3415 2305875 0 0 8 0 0 0 72887 0 21325 
0 3416 2305876 0 0 8 0 0 0 72895 0 21333 
0 3417 2305877 0 0 8 0 0 0 72903 0 21341 
0 3418 2305878 0 0 8 0 0 0 72911 0 21349 
0 3419 2305879 0 0 8 0 0 0 72919 0 21357 
0 3420 2305880 0 0 8 0 0 0 72927 0 21365 
0 3421 2305881 0 0 8 0 0 0 72935 0 21373 
0 3422 2305882 0 0 8 0 0 0 72943 0 21381 
0 3423 2305883 0 0 8 0 0 0 72951 0 21389 
0 3424 2305884 0 0 8 0 0 0 72959 0 21397 
0 3425 2305885 0 0 8 0 0 0 73047 0 21405 
0 3426 2305886 0 0 8 0 0 0 73328 0 21413 
0 3427 2305887 0 0 8 0 0 0 73336 0 21421 
0 3428 2305904 0 0 6 0 0 0 73344 0 21429 
0 3429 2305905 0 0 8 0 0 0 73350 0 21435 
0 3430 2305907 0 0 6 0 0 0 73358 0 21443 
0 3431 2305908 0 0 6 0 0 0 73364 0 21449 
0 3432 2305909 0 0 8 0 0 0 73370 0 21455 
0 3433 2305911 0 0 6 0 0 0 73378 0 21463 
0 3434 2305912 0 0 6 0 0 0 73384 0 21469 
0 3435 2305913 0 0 8 0 0 0 73390 0 21475 
0 3436 2305915 0 0 6 0 0 0 73398 0 21483 
0 3437 2305916 0 0 6 0 0 0 73322 0 21489 
0 3438 2305917 0 0 8 0 0 0 73411 0 21495 
0 3439 2305919 0 0 6 0 0 0 73419 0 21503 
0 3440 2305922 0 0 5 0 0 0 73425 0 21509 
0 3441 2305923 0 0 8 0 0 0 73430 0 21514 
0 3442 2305924 0 0 8 0 0 0 73438 0 21522 
0 3443 2305925 0 0 8 0 0 0 73446 0 21530 
0 3444 2305926 0 0 8 0 0 0 73454 0 21538 
0 3445 2305927 0 0 8 0 0 0 73462 0 21546 
0 3446 2305928 0 0 5 0 0 0 73470 0 21554 
0 3447 2305929 0 0 8 0 0 0 73475 0 21559 
0 3448 2305930 0 0 8 0 0 0 73483 0 21567 
0 3449 2305931 0 0 8 0 0 0 73226 0 21575 
0 3450 2305932 0 0 8 0 0 0 73138 0 21583 
0 3451 2305933 0 0 8 0 0 0 73146 0 21591 
0 3452 2305934 0 0 8 0 0 0 73154 0 21599 
0 3453 2305935 0 0 8 0 0 0 73162 0 21607 
0 3454 2305936 0 0 8 0 0 0 73170 0 21615 
0 3455 2305937 0 0 8 0 0 0 73178 0 21623 
0 3456 2305938 0 0 8 0 0 0 73186 0 21631 
0 3457 2305939 0 0 8 0 0 0 73194 0 21639 
0 3458 2305940 0 0 8 0 0 0 73202 0 21647 
0 3459 2305941 0 0 8 0 0 0 73210 0 21655 
0 3460 2305942 0 0 8 0 0 0 73218 0 21663 
0 3461 2305943 0 0 8 0 0 0 73130 0 21671 
0 3462 2305944 0 0 8 0 0 0 73234 0 21679 
0 3463 2305945 0 0 8 0 0 0 73242 0 21687 
0 3464 2305946 0 0 8 0 0 0 73250 0 21695 
0 3465 2305947 0 0 8 0 0 0 73258 0 21703 
0 3466 2305948 0 0 8 0 0 0 73266 0 21711 
0 3467 2305949 0 0 8 0 0 0 73274 0 21719 
0 3468 2305950 0 0 8 0 0 0 73282 0 21727 
0 3469 2305951 0 0 8 0 0 0 73290 0 21735 
0 3470 2305952 0 0 8 0 0 0 73298 0 21743 
0 3471 2305953 0 0 8 0 0 0 73306 0 21751 
0 3472 2305954 0 0 8 0 0 0 73314 0 21759 
0 3473 2305955 0 0 8 0 0 0 71389 0 21767 
0 3474 2305956 0 0 8 0 0 0 69641 0 21775 
0 3475 2305957 0 0 8 0 0 0 69649 0 21783 
0 3476 2305958 0 0 8 0 0 0 69657 0 21791 
0 3477 2305959 0 0 8 0 0 0 69665 0 21799 
0 3478 2305960 0 0 8 0 0 0 69673 0 21807 
0 3479 2305961 0 0 8 0 0 0 69681 0 21815 
0 3480 2305962 0 0 8 0 0 0 69689 0 21823 
0 3481 2305963 0 0 8 0 0 0 69697 0 21831 
0 3482 2305964 0 0 8 0 0 0 69705 0 21839 
0 3483 2305965 0 0 8 0 0 0 69713 0 21847 
0 3484 2305966 0 0 8 0 0 0 69721 0 21855 
0 3485 2305967 0 0 8 0 0 0 69633 0 21863 
0 3486 2305968 0 0 8 0 0 0 69737 0 21871 
0 3487 2305969 0 0 8 0 0 0 69745 0 21879 
0 3488 2305970 0 0 8 0 0 0 69753 0 21887 
0 3489 2305971 0 0 8 0 0 0 69761 0 21895 
0 3490 2305972 0 0 8 0 0 0 69769 0 21903 
0 3491 2305973 0 0 8 0 0 0 69777 0 21911 
0 3492 2305974 0 0 8 0 0 0 69785 0 21919 
0 3493 2305975 0 0 8 0 0 0 69793 0 21927 
0 3494 2305976 0 0 8 0 0 0 69801 0 21935 
0 3495 2305977 0 0 8 0 0 0 69809 0 21943 
0 3496 2305978 0 0 8 0 0 0 69817 0 21951 
0 3497 2305979 0 0 8 0 0 0 69537 0 21959 
0 3498 2305980 0 0 8 0 0 0 69455 0 21967 
0 3499 2305981 0 0 8 0 0 0 69463 0 21975 
0 3500 2305982 0 0 8 0 0 0 69471 0 21983 
0 3501 2305983 0 0 8 0 0 0 69479 0 21991 
0 3502 2305987 0 0 5 0 0 0 69487 0 21999 
0 3503 2305988 0 0 8 0 0 0 69492 0 22004 
0 3504 2305989 0 0 8 0 0 0 69500 0 22012 
0 3505 2305990 0 0 8 0 0 0 69508 0 22020 
0 3506 2305991 0 0 8 0 0 0 69516 0 22028 
0 3507 2305993 0 0 5 0 0 0 69524 0 22036 
0 3508 2305994 0 0 8 0 0 0 69529 0 22041 
0 3509 2305995 0 0 8 0 0 0 69447 0 22049 
0 3510 2305996 0 0 8 0 0 0 69545 0 22057 
0 3511 2305997 0 0 8 0 0 0 69553 0 22065 
0 3512 2305998 0 0 8 0 0 0 69561 0 22073 
0 3513 2305999 0 0 8 0 0 0 69569 0 22081 
0 3514 2306000 0 0 8 0 0 0 69577 0 22089 
0 3515 2306001 0 0 8 0 0 0 69585 0 22097 
0 3516 2306002 0 0 8 0 0 0 69593 0 22105 
0 3517 2306003 0 0 8 0 0 0 69601 0 22113 
0 3518 2306004 0 0 8 0 0 0 69609 0 22121 
0 3519 2306005 0 0 8 0 0 0 69617 0 22129 
0 3520 2306006 0 0 8 0 0 0 69625 0 22137 
0 3521 2306007 0 0 8 0 0 0 69729 0 22145 
0 3522 2306008 0 0 8 0 0 0 70009 0 22153 
0 3523 2306009 0 0 8 0 0 0 70017 0 22161 
0 3524 2306010 0 0 8 0 0 0 70025 0 22169 
0 3525 2306011 0 0 8 0 0 0 70033 0 22177 
0 3526 2306012 0 0 8 0 0 0 70041 0 22185 
0 3527 2306013 0 0 8 0 0 0 70049 0 22193 
0 3528 2306014 0 0 8 0 0 0 70057 0 22201 
0 3529 2306015 0 0 8 0 0 0 70065 0 22209 
0 3530 2306016 0 0 8 0 0 0 70073 0 22217 
0 3531 2306017 0 0 8 0 0 0 70081 0 22225 
0 3532 2306018 0 0 8 0 0 0 70089 0 22233 
0 3533 2306019 0 0 8 0 0 0 70001 0 22241 
0 3534 2306020 0 0 8 0 0 0 70104 0 22249 
0 3535 2306021 0 0 8 0 0 0 70112 0 22257 
0 3536 2306022 0 0 8 0 0 0 70120 0 22265 
0 3537 2306023 0 0 8 0 0 0 70128 0 22273 
0 3538 2306024 0 0 8 0 0 0 70136 0 22281 
0 3539 2306025 0 0 8 0 0 0 70144 0 22289 
0 3540 2306026 0 0 8 0 0 0 70152 0 22297 
0 3541 2306027 0 0 8 0 0 0 70160 0 22305 
0 3542 2306028 0 0 8 0 0 0 70168 0 22313 
0 3543 2306029 0 0 8 0 0 0 70176 0 22321 
0 3544 2306030 0 0 8 0 0 0 70184 0 22329 
0 3545 2306031 0 0 8 0 0 0 69921 0 22337 
0 3546 2306032 0 0 8 0 0 0 69833 0 22345 
0 3547 2306033 0 0 8 0 0 0 69841 0 22353 
0 3548 2306034 0 0 8 0 0 0 69849 0 22361 
0 3549 2306035 0 0 8 0 0 0 69857 0 22369 
0 3550 2306036 0 0 8 0 0 0 69865 0 22377 
0 3551 2306037 0 0 8 0 0 0 69873 0 22385 
0 3552 2306038 0 0 8 0 0 0 69881 0 22393 
0 3553 2306039 0 0 8 0 0 0 69889 0 22401 
0 3554 2306040 0 0 8 0 0 0 69897 0 22409 
0 3555 2306041 0 0 8 0 0 0 69905 0 22417 
0 3556 2306042 0 0 8 0 0 0 69913 0 22425 
0 3557 2306043 0 0 8 0 0 0 69825 0 22433 
0 3558 2306044 0 0 8 0 0 0 69929 0 22441 
0 3559 2306045 0 0 8 0 0 0 69937 0 22449 
0 3560 2306046 0 0 8 0 0 0 69945 0 22457 
0 3561 2306047 0 0 8 0 0 0 69953 0 22465 
0 3562 2308992 0 0 3 0 0 0 69961 0 22473 
0 3563 2308993 0 0 7 0 0 0 69964 0 22476 
0 3564 2308995 0 0 6 0 0 0 69971 0 22483 
0 3565 2308996 0 0 5 0 0 0 69977 0 22489 
0 3566 2308997 0 0 7 0 0 0 69982 0 22494 
0 3567 2308999 0 0 6 0 0 0 69989 0 22501 
0 3568 2309000 0 0 6 0 0 0 69995 0 22507 
0 3569 2309001 0 0 7 0 0 0 69363 0 22513 
0 3570 2309003 0 0 6 0 0 0 68952 0 22520 
0 3571 2309004 0 0 6 0 0 0 68958 0 22526 
0 3572 2309005 0 0 7 0 0 0 68964 0 22532 
0 3573 2309007 0 0 6 0 0 0 68971 0 22539 
0 3574 2309008 0 0 6 0 0 0 68977 0 22545 
0 3575 2309009 0 0 7 0 0 0 68983 0 22551 
0 3576 2309010 0 0 7 0 0 0 68990 0 22558 
0 3577 2309011 0 0 7 0 0 0 68997 0 22565 
0 3578 2309012 0 0 6 0 0 0 69004 0 22572 
0 3579 2309013 0 0 7 0 0 0 69010 0 22578 
0 3580 2309014 0 0 7 0 0 0 69017 0 22585 
0 3581 2309015 0 0 7 0 0 0 68945 0 22592 
0 3582 2309016 0 0 7 0 0 0 69032 0 22599 
0 3583 2309017 0 0 7 0 0 0 69039 0 22606 
0 3584 2309018 0 0 7 0 0 0 69046 0 22613 
0 3585 2309019 0 0 7 0 0 0 69053 0 22620 
0 3586 2309020 0 0 7 0 0 0 69060 0 22627 
0 3587 2309021 0 0 7 0 0 0 69067 0 22634 
0 3588 2309022 0 0 7 0 0 0 69074 0 22641 
0 3589 2309023 0 0 7 0 0 0 69081 0 22648 
0 3590 2309040 0 0 5 0 0 0 69088 0 22655 
0 3591 2309041 0 0 7 0 0 0 69093 0 22660 
0 3592 2309043 0 0 6 0 0 0 69100 0 22667 
0 3593 2309044 0 0 5 0 0 0 68856 0 22673 
0 3594 2309045 0 0 7 0 0 0 68778 0 22678 
0 3595 2309047 0 0 6 0 0 0 68785 0 22685 
0 3596 2309048 0 0 6 0 0 0 68791 0 22691 
0 3597 2309049 0 0 7 0 0 0 68797 0 22697 
0 3598 2309051 0 0 6 0 0 0 68804 0 22704 
0 3599 2309052 0 0 6 0 0 0 68810 0 22710 
0 3600 2309053 0 0 7 0 0 0 68816 0 22716 
0 3601 2309055 0 0 6 0 0 0 68823 0 22723 
0 3602 2309057 0 0 5 0 0 0 68829 0 22729 
0 3603 2309059 0 0 7 0 0 0 68834 0 22734 
0 3604 2309060 0 0 7 0 0 0 68841 0 22741 
0 3605 2309061 0 0 8 0 0 0 68848 0 22748 
0 3606 2309063 0 0 7 0 0 0 68771 0 22756 
0 3607 2309064 0 0 7 0 0 0 68861 0 22763 
0 3608 2309065 0 0 8 0 0 0 68868 0 22770 
0 3609 2309067 0 0 7 0 0 0 68876 0 22778 
0 3610 2309068 0 0 7 0 0 0 68883 0 22785 
0 3611 2309069 0 0 8 0 0 0 68890 0 22792 
0 3612 2309071 0 0 7 0 0 0 68898 0 22800 
0 3613 2309072 0 0 8 0 0 0 68905 0 22807 
0 3614 2309073 0 0 8 0 0 0 68913 0 22815 
0 3615 2309074 0 0 8 0 0 0 68921 0 22823 
0 3616 2309075 0 0 8 0 0 0 68929 0 22831 
0 3617 2309076 0 0 8 0 0 0 68937 0 22839 
0 3618 2309077 0 0 8 0 0 0 69024 0 22847 
0 3619 2309078 0 0 8 0 0 0 69276 0 22855 
0 3620 2309079 0 0 8 0 0 0 69284 0 22863 
0 3621 2309080 0 0 8 0 0 0 69292 0 22871 
0 3622 2309081 0 0 8 0 0 0 69300 0 22879 
0 3623 2309082 0 0 8 0 0 0 69308 0 22887 
0 3624 2309083 0 0 8 0 0 0 69316 0 22895 
0 3625 2309084 0 0 8 0 0 0 69324 0 22903 
0 3626 2309085 0 0 8 0 0 0 69332 0 22911 
0 3627 2309086 0 0 8 0 0 0 69340 0 22919 
0 3628 2309087 0 0 8 0 0 0 69348 0 22927 
0 3629 2309104 0 0 7 0 0 0 69356 0 22935 
0 3630 2309105 0 0 8 0 0 0 69268 0 22942 
0 3631 2309107 0 0 7 0 0 0 69370 0 22950 
0 3632 2309108 0 0 7 0 0 0 69377 0 22957 
0 3633 2309109 0 0 8 0 0 0 69384 0 22964 
0 3634 2309111 0 0 7 0 0 0 69392 0 22972 
0 3635 2309112 0 0 7 0 0 0 69399 0 22979 
0 3636 2309113 0 0 8 0 0 0 69406 0 22986 
0 3637 2309115 0 0 7 0 0 0 69414 0 22994 
0 3638 2309116 0 0 7 0 0 0 69421 0 23001 
0 3639 2309117 0 0 8 0 0 0 69428 0 23008 
0 3640 2309119 0 0 7 0 0 0 69436 0 23016 
0 3641 2310083 0 0 4 0 0 0 69443 0 23023 
0 3642 2310084 0 0 6 0 0 0 69185 0 23027 
0 3643 2310085 0 0 7 0 0 0 69113 0 23033 
0 3644 2310087 0 0 6 0 0 0 69120 0 23040 
0 3645 2310088 0 0 6 0 0 0 69126 0 23046 
0 3646 2310089 0 0 7 0 0 0 69132 0 23052 
0 3647 2310091 0 0 6 0 0 0 69139 0 23059 
0 3648 2310092 0 0 6 0 0 0 69145 0 23065 
0 3649 2310093 0 0 7 0 0 0 69151 0 23071 
0 3650 2310095 0 0 6 0 0 0 69158 0 23078 
0 3651 2310096 0 0 7 0 0 0 69164 0 23084 
0 3652 2310097 0 0 7 0 0 0 69171 0 23091 
0 3653 2310098 0 0 7 0 0 0 69178 0 23098 
0 3654 2310099 0 0 7 0 0 0 69106 0 23105 
0 3655 2310100 0 0 7 0 0 0 69191 0 23112 
0 3656 2310101 0 0 7 0 0 0 69198 0 23119 
0 3657 2310102 0 0 7 0 0 0 69205 0 23126 
0 3658 2310103 0 0 7 0 0 0 69212 0 23133 
0 3659 2310104 0 0 7 0 0 0 69219 0 23140 
0 3660 2310105 0 0 7 0 0 0 69226 0 23147 
0 3661 2310106 0 0 7 0 0 0 69233 0 23154 
0 3662 2310107 0 0 7 0 0 0 69240 0 23161 
0 3663 2310108 0 0 7 0 0 0 69247 0 23168 
0 3664 2310109 0 0 7 0 0 0 69254 0 23175 
0 3665 2310110 0 0 7 0 0 0 69261 0 23182 
0 3666 2310111 0 0 7 0 0 0 70097 0 23189 
0 3667 2310128 0 0 6 0 0 0 71020 0 23196 
0 3668 2310129 0 0 7 0 0 0 71026 0 23202 
0 3669 2310131 0 0 6 0 0 0 71033 0 23209 
0 3670 2310132 0 0 6 0 0 0 71039 0 23215 
0 3671 2310133 0 0 7 0 0 0 71045 0 23221 
0 3672 2310135 0 0 6 0 0 0 71052 0 23228 
0 3673 2310136 0 0 6 0 0 0 71058 0 23234 
0 3674 2310137 0 0 7 0 0 0 71064 0 23240 
0 3675 2310139 0 0 6 0 0 0 71071 0 23247 
0 3676 2310140 0 0 6 0 0 0 71077 0 23253 
0 3677 2310141 0 0 7 0 0 0 71083 0 23259 
0 3678 2310143 0 0 6 0 0 0 71014 0 23266 
0 3679 2318852 0 0 2 0 0 0 71098 0 23272 
0 3680 2318853 0 0 5 0 0 0 71100 0 23274 
0 3681 2318855 0 0 5 0 0 0 71105 0 23279 
0 3682 2318861 0 0 4 0 0 0 71110 0 23284 
0 3683 2318863 0 0 6 0 0 0 71114 0 23288 
0 3684 2318868 0 0 3 0 0 0 71120 0 23294 
0 3685 2318869 0 0 6 0 0 0 71123 0 23297 
0 3686 2318870 0 0 7 0 0 0 71129 0 23303 
0 3687 2318871 0 0 7 0 0 0 71136 0 23310 
0 3688 2318877 0 0 4 0 0 0 71143 0 23317 
0 3689 2318878 0 0 7 0 0 0 71147 0 23321 
0 3690 2318879 0 0 7 0 0 0 70939 0 23328 
0 3691 2318900 0 0 5 0 0 0 70873 0 23335 
0 3692 2318901 0 0 7 0 0 0 70878 0 23340 
0 3693 2318903 0 0 6 0 0 0 70885 0 23347 
0 3694 2318908 0 0 6 0 0 0 70891 0 23353 
0 3695 2318909 0 0 7 0 0 0 70897 0 23359 
0 3696 2318911 0 0 6 0 0 0 70904 0 23366 
0 3697 2318927 0 0 4 0 0 0 70910 0 23372 
0 3698 2318934 0 0 5 0 0 0 70914 0 23376 
0 3699 2318935 0 0 8 0 0 0 70919 0 23381 
0 3700 2318943 0 0 5 0 0 0 70927 0 23389 
0 3701 2318964 0 0 7 0 0 0 70932 0 23394 
0 3702 2318965 0 0 8 0 0 0 70865 0 23401 
0 3703 2318967 0 0 7 0 0 0 70946 0 23409 
0 3704 2318972 0 0 7 0 0 0 70953 0 23416 
0 3705 2318973 0 0 8 0 0 0 70960 0 23423 
0 3706 2318975 0 0 7 0 0 0 70968 0 23431 
0 3707 2319012 0 0 3 0 0 0 70975 0 23438 
0 3708 2319013 0 0 8 0 0 0 70978 0 23441 
0 3709 2319015 0 0 6 0 0 0 70986 0 23449 
0 3710 2319021 0 0 5 0 0 0 70992 0 23455 
0 3711 2319022 0 0 5 0 0 0 70997 0 23460 
0 3712 2319023 0 0 8 0 0 0 71002 0 23465 
0 3713 2319028 0 0 4 0 0 0 71010 0 23473 
0 3714 2319029 0 0 8 0 0 0 71090 0 23477 
0 3715 2319030 0 0 8 0 0 0 71320 0 23485 
0 3716 2319031 0 0 8 0 0 0 71328 0 23493 
0 3717 2319037 0 0 5 0 0 0 71336 0 23501 
0 3718 2319038 0 0 8 0 0 0 71341 0 23506 
0 3719 2319039 0 0 8 0 0 0 71349 0 23514 
0 3720 2319087 0 0 4 0 0 0 71357 0 23522 
0 3721 2319094 0 0 5 0 0 0 71361 0 23526 
0 3722 2319095 0 0 8 0 0 0 71366 0 23531 
0 3723 2319103 0 0 5 0 0 0 71374 0 23539 
0 3724 2319284 0 0 3 0 0 0 71379 0 23544 
0 3725 2319285 0 0 7 0 0 0 71382 0 23547 
0 3726 2319287 0 0 6 0 0 0 71314 0 23554 
0 3727 2319293 0 0 5 0 0 0 71397 0 23560 
0 3728 2319295 0 0 7 0 0 0 71402 0 23565 
0 3729 2319359 0 0 4 0 0 0 71409 0 23572 
0 3730 2319948 0 0 4 0 0 0 71413 0 23576 
0 3731 2319949 0 0 5 0 0 0 71417 0 23580 
0 3732 2319951 0 0 5 0 0 0 71422 0 23585 
0 3733 2319956 0 0 6 0 0 0 71427 0 23590 
0 3734 2319957 0 0 6 0 0 0 71433 0 23596 
0 3735 2319958 0 0 7 0 0 0 71439 0 23602 
0 3736 2319959 0 0 7 0 0 0 71446 0 23609 
0 3737 2319964 0 0 6 0 0 0 71453 0 23616 
0 3738 2319965 0 0 6 0 0 0 71230 0 23622 
0 3739 2319966 0 0 7 0 0 0 71160 0 23628 
0 3740 2319967 0 0 7 0 0 0 71167 0 23635 
0 3741 2319987 0 0 6 0 0 0 71174 0 23642 
0 3742 2319988 0 0 6 0 0 0 71180 0 23648 
0 3743 2319989 0 0 7 0 0 0 71186 0 23654 
0 3744 2319991 0 0 6 0 0 0 71193 0 23661 
0 3745 2319995 0 0 6 0 0 0 71199 0 23667 
0 3746 2319996 0 0 6 0 0 0 71205 0 23673 
0 3747 2319997 0 0 7 0 0 0 71211 0 23679 
0 3748 2319999 0 0 6 0 0 0 71218 0 23686 
0 3749 2320020 0 0 6 0 0 0 71224 0 23692 
0 3750 2320021 0 0 6 0 0 0 71154 0 23698 
0 3751 2320022 0 0 7 0 0 0 71236 0 23704 
0 3752 2320023 0 0 7 0 0 0 71243 0 23711 
0 3753 2320028 0 0 7 0 0 0 71250 0 23718 
0 3754 2320029 0 0 7 0 0 0 71257 0 23725 
0 3755 2320030 0 0 8 0 0 0 71264 0 23732 
0 3756 2320031 0 0 8 0 0 0 71272 0 23740 
0 3757 2320035 0 0 6 0 0 0 71280 0 23748 
0 3758 2320036 0 0 6 0 0 0 71286 0 23754 
0 3759 2320037 0 0 8 0 0 0 71292 0 23760 
0 3760 2320039 0 0 6 0 0 0 71300 0 23768 
0 3761 2320043 0 0 8 0 0 0 71306 0 23774 
0 3762 2320044 0 0 8 0 0 0 70786 0 23782 
0 3763 2320045 0 0 8 0 0 0 70384 0 23790 
0 3764 2320046 0 0 8 0 0 0 70392 0 23798 
0 3765 2320047 0 0 8 0 0 0 70400 0 23806 
0 3766 2320050 0 0 8 0 0 0 70408 0 23814 
0 3767 2320051 0 0 8 0 0 0 70416 0 23822 
0 3768 2320052 0 0 8 0 0 0 70424 0 23830 
0 3769 2320053 0 0 8 0 0 0 70432 0 23838 
0 3770 2320054 0 0 8 0 0 0 70440 0 23846 
0 3771 2320055 0 0 8 0 0 0 70448 0 23854 
0 3772 2320058 0 0 8 0 0 0 70456 0 23862 
0 3773 2320059 0 0 8 0 0 0 70464 0 23870 
0 3774 2320060 0 0 8 0 0 0 70376 0 23878 
0 3775 2320061 0 0 8 0 0 0 70479 0 23886 
0 3776 2320062 0 0 8 0 0 0 70487 0 23894 
0 3777 2320063 0 0 8 0 0 0 70495 0 23902 
0 3778 2320092 0 0 6 0 0 0 70503 0 23910 
0 3779 2320093 0 0 6 0 0 0 70509 0 23916 
0 3780 2320094 0 0 7 0 0 0 70515 0 23922 
0 3781 2320095 0 0 7 0 0 0 70522 0 23929 
0 3782 2320107 0 0 6 0 0 0 70529 0 23936 
0 3783 2320108 0 0 6 0 0 0 70535 0 23942 
0 3784 2320109 0 0 8 0 0 0 70541 0 23948 
0 3785 2320111 0 0 6 0 0 0 70549 0 23956 
0 3786 2320114 0 0 8 0 0 0 70293 0 23962 
0 3787 2320115 0 0 8 0 0 0 70199 0 23970 
0 3788 2320116 0 0 8 0 0 0 70207 0 23978 
0 3789 2320117 0 0 8 0 0 0 70215 0 23986 
0 3790 2320118 0 0 8 0 0 0 70223 0 23994 
0 3791 2320119 0 0 8 0 0 0 70231 0 24002 
0 3792 2320122 0 0 8 0 0 0 70239 0 24010 
0 3793 2320123 0 0 8 0 0 0 70247 0 24018 
0 3794 2320124 0 0 8 0 0 0 70255 0 24026 
0 3795 2320125 0 0 8 0 0 0 70263 0 24034 
0 3796 2320126 0 0 8 0 0 0 70271 0 24042 
0 3797 2320127 0 0 8 0 0 0 70279 0 24050 
0 3798 2320304 0 0 6 0 0 0 70287 0 24058 
0 3799 2320305 0 0 7 0 0 0 70192 0 24064 
0 3800 2320307 0 0 6 0 0 0 70301 0 24071 
0 3801 2320308 0 0 6 0 0 0 70307 0 24077 
0 3802 2320309 0 0 7 0 0 0 70313 0 24083 
0 3803 2320311 0 0 6 0 0 0 70320 0 24090 
0 3804 2320312 0 0 7 0 0 0 70326 0 24096 
0 3805 2320313 0 0 8 0 0 0 70333 0 24103 
0 3806 2320315 0 0 7 0 0 0 70341 0 24111 
0 3807 2320316 0 0 7 0 0 0 70348 0 24118 
0 3808 2320317 0 0 8 0 0 0 70355 0 24125 
0 3809 2320319 0 0 7 0 0 0 70363 0 24133 
0 3810 2320376 0 0 6 0 0 0 70370 0 24140 
0 3811 2320377 0 0 7 0 0 0 70472 0 24146 
0 3812 2320379 0 0 6 0 0 0 70721 0 24153 
0 3813 2320380 0 0 6 0 0 0 70727 0 24159 
0 3814 2320381 0 0 7 0 0 0 70733 0 24165 
0 3815 2320383 0 0 6 0 0 0 70740 0 24172 
0 3816 2321044 0 0 4 0 0 0 70746 0 24178 
0 3817 2321045 0 0 5 0 0 0 70750 0 24182 
0 3818 2321046 0 0 6 0 0 0 70755 0 24187 
0 3819 2321047 0 0 6 0 0 0 70761 0 24193 
0 3820 2321052 0 0 6 0 0 0 70767 0 24199 
0 3821 2321053 0 0 6 0 0 0 70773 0 24205 
0 3822 2321054 0 0 7 0 0 0 70779 0 24211 
0 3823 2321055 0 0 7 0 0 0 70714 0 24218 
0 3824 2321056 0 0 4 0 0 0 70794 0 24225 
0 3825 2321057 0 0 7 0 0 0 70798 0 24229 
0 3826 2321058 0 0 7 0 0 0 70805 0 24236 
0 3827 2321059 0 0 7 0 0 0 70812 0 24243 
0 3828 2321060 0 0 6 0 0 0 70819 0 24250 
0 3829 2321061 0 0 7 0 0 0 70825 0 24256 
0 3830 2321062 0 0 7 0 0 0 70832 0 24263 
0 3831 2321063 0 0 7 0 0 0 70839 0 24270 
0 3832 2321065 0 0 5 0 0 0 70846 0 24277 
0 3833 2321066 0 0 7 0 0 0 70851 0 24282 
0 3834 2321067 0 0 7 0 0 0 70858 0 24289 
0 3835 2321068 0 0 7 0 0 0 70633 0 24296 
0 3836 2321069 0 0 7 0 0 0 70560 0 24303 
0 3837 2321070 0 0 7 0 0 0 70567 0 24310 
0 3838 2321071 0 0 7 0 0 0 70574 0 24317 
0 3839 2321072 0 0 4 0 0 0 70581 0 24324 
0 3840 2321073 0 0 7 0 0 0 70585 0 24328 
0 3841 2321074 0 0 7 0 0 0 70592 0 24335 
0 3842 2321075 0 0 7 0 0 0 70599 0 24342 
0 3843 2321076 0 0 6 0 0 0 70606 0 24349 
0 3844 2321077 0 0 7 0 0 0 70612 0 24355 
0 3845 2321078 0 0 7 0 0 0 70619 0 24362 
0 3846 2321079 0 0 7 0 0 0 70626 0 24369 
0 3847 2321081 0 0 5 0 0 0 70555 0 24376 
0 3848 2321082 0 0 7 0 0 0 70640 0 24381 
0 3849 2321083 0 0 7 0 0 0 70647 0 24388 
0 3850 2321084 0 0 7 0 0 0 70654 0 24395 
0 3851 2321085 0 0 7 0 0 0 70661 0 24402 
0 3852 2321086 0 0 7 0 0 0 70668 0 24409 
0 3853 2321087 0 0 7 0 0 0 70675 0 24416 
0 3854 2321116 0 0 6 0 0 0 70682 0 24423 
0 3855 2321117 0 0 6 0 0 0 70688 0 24429 
0 3856 2321118 0 0 7 0 0 0 70694 0 24435 
0 3857 2321119 0 0 7 0 0 0 70701 0 24442 
0 3858 2321120 0 0 6 0 0 0 70708 0 24449 
0 3859 2321121 0 0 8 0 0 0 74075 0 24455 
0 3860 2321122 0 0 8 0 0 0 77433 0 24463 
0 3861 2321123 0 0 8 0 0 0 77441 0 24471 
0 3862 2321124 0 0 8 0 0 0 77449 0 24479 
0 3863 2321125 0 0 8 0 0 0 77457 0 24487 
0 3864 2321126 0 0 8 0 0 0 77465 0 24495 
0 3865 2321127 0 0 8 0 0 0 77473 0 24503 
0 3866 2321129 0 0 6 0 0 0 77481 0 24511 
0 3867 2321130 0 0 8 0 0 0 77487 0 24517 
0 3868 2321131 0 0 8 0 0 0 77495 0 24525 
0 3869 2321132 0 0 8 0 0 0 77503 0 24533 
0 3870 2321133 0 0 8 0 0 0 77511 0 24541 
0 3871 2321134 0 0 8 0 0 0 77425 0 24549 
0 3872 2321135 0 0 8 0 0 0 77526 0 24557 
0 3873 2321136 0 0 6 0 0 0 77534 0 24565 
0 3874 2321137 0 0 8 0 0 0 77540 0 24571 
0 3875 2321138 0 0 8 0 0 0 77548 0 24579 
0 3876 2321139 0 0 8 0 0 0 77556 0 24587 
0 3877 2321140 0 0 8 0 0 0 77564 0 24595 
0 3878 2321141 0 0 8 0 0 0 77572 0 24603 
0 3879 2321142 0 0 8 0 0 0 77580 0 24611 
0 3880 2321143 0 0 8 0 0 0 77588 0 24619 
0 3881 2321145 0 0 6 0 0 0 77596 0 24627 
0 3882 2321146 0 0 8 0 0 0 77602 0 24633 
0 3883 2321147 0 0 8 0 0 0 77344 0 24641 
0 3884 2321148 0 0 8 0 0 0 77268 0 24649 
0 3885 2321149 0 0 8 0 0 0 77276 0 24657 
0 3886 2321150 0 0 8 0 0 0 77284 0 24665 
0 3887 2321151 0 0 8 0 0 0 77292 0 24673 
0 3888 2321200 0 0 5 0 0 0 77300 0 24681 
0 3889 2321201 0 0 8 0 0 0 77305 0 24686 
0 3890 2321203 0 0 6 0 0 0 77313 0 24694 
0 3891 2321204 0 0 5 0 0 0 77319 0 24700 
0 3892 2321205 0 0 8 0 0 0 77324 0 24705 
0 3893 2321207 0 0 6 0 0 0 77332 0 24713 
0 3894 2321208 0 0 6 0 0 0 77338 0 24719 
0 3895 2321209 0 0 8 0 0 0 77260 0 24725 
0 3896 2321211 0 0 6 0 0 0 77352 0 24733 
0 3897 2321212 0 0 6 0 0 0 77358 0 24739 
0 3898 2321213 0 0 8 0 0 0 77364 0 24745 
0 3899 2321215 0 0 6 0 0 0 77372 0 24753 
0 3900 2321256 0 0 5 0 0 0 77378 0 24759 
0 3901 2321257 0 0 7 0 0 0 77383 0 24764 
0 3902 2321258 0 0 7 0 0 0 77390 0 24771 
0 3903 2321259 0 0 7 0 0 0 77397 0 24778 
0 3904 2321260 0 0 7 0 0 0 77404 0 24785 
0 3905 2321261 0 0 7 0 0 0 77411 0 24792 
0 3906 2321262 0 0 7 0 0 0 77418 0 24799 
0 3907 2321263 0 0 7 0 0 0 77519 0 24806 
0 3908 2321264 0 0 8 0 0 0 77786 0 24813 
0 3909 2321265 0 0 8 0 0 0 77794 0 24821 
0 3910 2321266 0 0 8 0 0 0 77802 0 24829 
0 3911 2321267 0 0 8 0 0 0 77810 0 24837 
0 3912 2321268 0 0 8 0 0 0 77818 0 24845 
0 3913 2321269 0 0 8 0 0 0 77826 0 24853 
0 3914 2321270 0 0 8 0 0 0 77834 0 24861 
0 3915 2321271 0 0 8 0 0 0 77842 0 24869 
0 3916 2321272 0 0 8 0 0 0 77850 0 24877 
0 3917 2321273 0 0 8 0 0 0 77858 0 24885 
0 3918 2321274 0 0 8 0 0 0 77866 0 24893 
0 3919 2321275 0 0 8 0 0 0 77778 0 24901 
0 3920 2321276 0 0 8 0 0 0 77881 0 24909 
0 3921 2321277 0 0 8 0 0 0 77889 0 24917 
0 3922 2321278 0 0 8 0 0 0 77897 0 24925 
0 3923 2321279 0 0 8 0 0 0 77905 0 24933 
0 3924 2321328 0 0 6 0 0 0 77913 0 24941 
0 3925 2321329 0 0 7 0 0 0 77919 0 24947 
0 3926 2321330 0 0 7 0 0 0 77926 0 24954 
0 3927 2321331 0 0 7 0 0 0 77933 0 24961 
0 3928 2321332 0 0 6 0 0 0 77940 0 24968 
0 3929 2321333 0 0 7 0 0 0 77946 0 24974 
0 3930 2321334 0 0 7 0 0 0 77953 0 24981 
0 3931 2321335 0 0 7 0 0 0 77702 0 24988 
0 3932 2321336 0 0 8 0 0 0 77617 0 24995 
0 3933 2321337 0 0 8 0 0 0 77625 0 25003 
0 3934 2321338 0 0 8 0 0 0 77633 0 25011 
0 3935 2321339 0 0 8 0 0 0 77641 0 25019 
0 3936 2321340 0 0 8 0 0 0 77649 0 25027 
0 3937 2321341 0 0 8 0 0 0 77657 0 25035 
0 3938 2321342 0 0 8 0 0 0 77665 0 25043 
0 3939 2321343 0 0 8 0 0 0 77673 0 25051 
0 3940 2321400 0 0 7 0 0 0 77681 0 25059 
0 3941 2321401 0 0 7 0 0 0 77688 0 25066 
0 3942 2321402 0 0 7 0 0 0 77695 0 25073 
0 3943 2321403 0 0 7 0 0 0 77610 0 25080 
0 3944 2321404 0 0 7 0 0 0 77709 0 25087 
0 3945 2321405 0 0 7 0 0 0 77716 0 25094 
0 3946 2321406 0 0 7 0 0 0 77723 0 25101 
0 3947 2321407 0 0 7 0 0 0 77730 0 25108 
0 3948 2322140 0 0 5 0 0 0 77737 0 25115 
0 3949 2322141 0 0 5 0 0 0 77742 0 25120 
0 3950 2322142 0 0 6 0 0 0 77747 0 25125 
0 3951 2322143 0 0 6 0 0 0 77753 0 25131 
0 3952 2322153 0 0 5 0 0 0 77759 0 25137 
0 3953 2322154 0 0 7 0 0 0 77764 0 25142 
0 3954 2322155 0 0 7 0 0 0 77771 0 25149 
0 3955 2322156 0 0 7 0 0 0 77183 0 25156 
0 3956 2322157 0 0 7 0 0 0 76826 0 25163 
0 3957 2322158 0 0 7 0 0 0 76833 0 25170 
0 3958 2322159 0 0 7 0 0 0 76840 0 25177 
0 3959 2322160 0 0 5 0 0 0 76847 0 25184 
0 3960 2322161 0 0 7 0 0 0 76852 0 25189 
0 3961 2322162 0 0 7 0 0 0 76859 0 25196 
0 3962 2322163 0 0 7 0 0 0 76866 0 25203 
0 3963 2322164 0 0 7 0 0 0 76873 0 25210 
0 3964 2322165 0 0 7 0 0 0 76880 0 25217 
0 3965 2322166 0 0 7 0 0 0 76887 0 25224 
0 3966 2322167 0 0 7 0 0 0 76894 0 25231 
0 3967 2322169 0 0 5 0 0 0 76821 0 25238 
0 3968 2322170 0 0 7 0 0 0 76908 0 25243 
0 3969 2322171 0 0 7 0 0 0 76915 0 25250 
0 3970 2322172 0 0 7 0 0 0 76922 0 25257 
0 3971 2322173 0 0 7 0 0 0 76929 0 25264 
0 3972 2322174 0 0 7 0 0 0 76936 0 25271 
0 3973 2322175 0 0 7 0 0 0 76943 0 25278 
0 3974 2322288 0 0 6 0 0 0 76950 0 25285 
0 3975 2322289 0 0 8 0 0 0 76956 0 25291 
0 3976 2322291 0 0 6 0 0 0 76964 0 25299 
0 3977 2322292 0 0 6 0 0 0 76970 0 25305 
0 3978 2322293 0 0 8 0 0 0 76976 0 25311 
0 3979 2322295 0 0 6 0 0 0 76730 0 25319 
0 3980 2322296 0 0 6 0 0 0 76648 0 25325 
0 3981 2322297 0 0 8 0 0 0 76654 0 25331 
0 3982 2322299 0 0 6 0 0 0 76662 0 25339 
0 3983 2322300 0 0 6 0 0 0 76668 0 25345 
0 3984 2322301 0 0 8 0 0 0 76674 0 25351 
0 3985 2322303 0 0 6 0 0 0 76682 0 25359 
0 3986 2322352 0 0 7 0 0 0 76688 0 25365 
0 3987 2322353 0 0 7 0 0 0 76695 0 25372 
0 3988 2322354 0 0 7 0 0 0 76702 0 25379 
0 3989 2322355 0 0 7 0 0 0 76709 0 25386 
0 3990 2322356 0 0 7 0 0 0 76716 0 25393 
0 3991 2322357 0 0 7 0 0 0 76723 0 25400 
0 3992 2322358 0 0 7 0 0 0 76641 0 25407 
0 3993 2322359 0 0 7 0 0 0 76736 0 25414 
0 3994 2322360 0 0 8 0 0 0 76743 0 25421 
0 3995 2322361 0 0 8 0 0 0 76751 0 25429 
0 3996 2322362 0 0 8 0 0 0 76759 0 25437 
0 3997 2322363 0 0 8 0 0 0 76767 0 25445 
0 3998 2322364 0 0 8 0 0 0 76775 0 25453 
0 3999 2322365 0 0 8 0 0 0 76783 0 25461 
0 4000 2322366 0 0 8 0 0 0 76791 0 25469 
0 4001 2322367 0 0 8 0 0 0 76799 0 25477 
0 4002 2322424 0 0 7 0 0 0 76807 0 25485 
0 4003 2322425 0 0 7 0 0 0 76814 0 25492 
0 4004 2322426 0 0 7 0 0 0 76901 0 25499 
0 4005 2322427 0 0 7 0 0 0 77118 0 25506 
0 4006 2322428 0 0 7 0 0 0 77125 0 25513 
0 4007 2322429 0 0 7 0 0 0 77132 0 25520 
0 4008 2322430 0 0 7 0 0 0 77139 0 25527 
0 4009 2322431 0 0 7 0 0 0 77146 0 25534 
0 4010 2325424 0 0 4 0 0 0 77153 0 25541 
0 4011 2325425 0 0 6 0 0 0 77157 0 25545 
0 4012 2325427 0 0 5 0 0 0 77163 0 25551 
0 4013 2325428 0 0 4 0 0 0 77168 0 25556 
0 4014 2325429 0 0 6 0 0 0 77172 0 25560 
0 4015 2325431 0 0 5 0 0 0 77178 0 25566 
0 4016 2325432 0 0 6 0 0 0 77112 0 25571 
0 4017 2325433 0 0 7 0 0 0 77190 0 25577 
0 4018 2325435 0 0 6 0 0 0 77197 0 25584 
0 4019 2325436 0 0 6 0 0 0 77203 0 25590 
0 4020 2325437 0 0 7 0 0 0 77209 0 25596 
0 4021 2325439 0 0 6 0 0 0 77216 0 25603 
0 4022 2325496 0 0 6 0 0 0 77222 0 25609 
0 4023 2325497 0 0 7 0 0 0 77228 0 25615 
0 4024 2325499 0 0 6 0 0 0 77235 0 25622 
0 4025 2325500 0 0 6 0 0 0 77241 0 25628 
0 4026 2325501 0 0 7 0 0 0 77247 0 25634 
0 4027 2325503 0 0 6 0 0 0 77254 0 25641 
0 4028 2326520 0 0 5 0 0 0 77043 0 25647 
0 4029 2326521 0 0 6 0 0 0 76990 0 25652 
0 4030 2326523 0 0 5 0 0 0 76996 0 25658 
0 4031 2326524 0 0 5 0 0 0 77001 0 25663 
0 4032 2326525 0 0 6 0 0 0 77006 0 25668 
0 4033 2326527 0 0 5 0 0 0 77012 0 25674 
0 4034 2334200 0 0 4 0 0 0 77017 0 25679 
0 4035 2334201 0 0 5 0 0 0 77021 0 25683 
0 4036 2334203 0 0 4 0 0 0 77026 0 25688 
0 4037 2334204 0 0 4 0 0 0 77030 0 25692 
0 4038 2334205 0 0 5 0 0 0 77034 0 25696 
0 4039 2334207 0 0 4 0 0 0 77039 0 25701 
0 4040 2334426 0 0 6 0 0 0 76984 0 25705 
0 4041 2334427 0 0 6 0 0 0 77048 0 25711 
0 4042 2334428 0 0 6 0 0 0 77054 0 25717 
0 4043 2334429 0 0 6 0 0 0 77060 0 25723 
0 4044 2334430 0 0 6 0 0 0 77066 0 25729 
0 4045 2334431 0 0 6 0 0 0 77072 0 25735 
0 4046 2334440 0 0 5 0 0 0 77078 0 25741 
0 4047 2334441 0 0 7 0 0 0 77083 0 25746 
0 4048 2334443 0 0 5 0 0 0 77090 0 25753 
0 4049 2334444 0 0 5 0 0 0 77095 0 25758 
0 4050 2334445 0 0 7 0 0 0 77100 0 25763 
0 4051 2334447 0 0 5 0 0 0 77107 0 25770 
0 4052 2334448 0 0 7 0 0 0 77874 0 25775 
0 4053 2334449 0 0 7 0 0 0 78782 0 25782 
0 4054 2334450 0 0 7 0 0 0 78789 0 25789 
0 4055 2334451 0 0 7 0 0 0 78796 0 25796 
0 4056 2334452 0 0 7 0 0 0 78803 0 25803 
0 4057 2334453 0 0 7 0 0 0 78810 0 25810 
0 4058 2334454 0 0 7 0 0 0 78817 0 25817 
0 4059 2334455 0 0 7 0 0 0 78824 0 25824 
0 4060 2334456 0 0 7 0 0 0 78831 0 25831 
0 4061 2334457 0 0 7 0 0 0 78838 0 25838 
0 4062 2334458 0 0 7 0 0 0 78845 0 25845 
0 4063 2334459 0 0 7 0 0 0 78852 0 25852 
0 4064 2334460 0 0 7 0 0 0 78775 0 25859 
0 4065 2334461 0 0 7 0 0 0 78863 0 25866 
0 4066 2334462 0 0 7 0 0 0 78870 0 25873 
0 4067 2334463 0 0 7 0 0 0 78877 0 25880 
0 4068 2334640 0 0 5 0 0 0 78884 0 25887 
0 4069 2334641 0 0 6 0 0 0 78889 0 25892 
0 4070 2334643 0 0 5 0 0 0 78895 0 25898 
0 4071 2334644 0 0 5 0 0 0 78900 0 25903 
0 4072 2334645 0 0 6 0 0 0 78905 0 25908 
0 4073 2334647 0 0 5 0 0 0 78911 0 25914 
0 4074 2334648 0 0 6 0 0 0 78916 0 25919 
0 4075 2334649 0 0 7 0 0 0 78922 0 25925 
0 4076 2334651 0 0 6 0 0 0 78703 0 25932 
0 4077 2334652 0 0 6 0 0 0 78643 0 25938 
0 4078 2334653 0 0 7 0 0 0 78649 0 25944 
0 4079 2334655 0 0 6 0 0 0 78656 0 25951 
0 4080 2334712 0 0 5 0 0 0 78662 0 25957 
0 4081 2334713 0 0 6 0 0 0 78667 0 25962 
0 4082 2334715 0 0 5 0 0 0 78673 0 25968 
0 4083 2334716 0 0 5 0 0 0 78678 0 25973 
0 4084 2334717 0 0 6 0 0 0 78683 0 25978 
0 4085 2334719 0 0 5 0 0 0 78689 0 25984 
0 4086 2338635 0 0 3 0 0 0 78694 0 25989 
0 4087 2338636 0 0 6 0 0 0 78697 0 25992 
0 4088 2338637 0 0 8 0 0 0 78635 0 25998 
0 4089 2338639 0 0 6 0 0 0 78709 0 26006 
0 4090 2338644 0 0 6 0 0 0 78715 0 26012 
0 4091 2338645 0 0 6 0 0 0 78721 0 26018 
0 4092 2338646 0 0 8 0 0 0 78727 0 26024 
0 4093 2338647 0 0 8 0 0 0 78735 0 26032 
0 4094 2338654 0 0 6 0 0 0 78743 0 26040 
0 4095 2338655 0 0 6 0 0 0 78749 0 26046 
0 4096 2338676 0 0 4 0 0 0 78755 0 26052 
0 4097 2338677 0 0 6 0 0 0 78759 0 26056 
0 4098 2338679 0 0 6 0 0 0 78765 0 26062 
0 4099 2338687 0 0 4 0 0 0 78771 0 26068 
0 4100 2338698 0 0 4 0 0 0 78859 0 26072 
0 4101 2338699 0 0 6 0 0 0 79103 0 26076 
0 4102 2338700 0 0 8 0 0 0 79109 0 26082 
0 4103 2338701 0 0 8 0 0 0 79117 0 26090 
0 4104 2338702 0 0 8 0 0 0 79125 0 26098 
0 4105 2338703 0 0 8 0 0 0 79133 0 26106 
0 4106 2338708 0 0 6 0 0 0 79141 0 26114 
0 4107 2338709 0 0 6 0 0 0 79147 0 26120 
0 4108 2338710 0 0 8 0 0 0 79153 0 26126 
0 4109 2338711 0 0 8 0 0 0 79161 0 26134 
0 4110 2338718 0 0 6 0 0 0 79169 0 26142 
0 4111 2338719 0 0 6 0 0 0 79175 0 26148 
0 4112 2338720 0 0 6 0 0 0 79097 0 26154 
0 4113 2338721 0 0 6 0 0 0 79182 0 26160 
0 4114 2338722 0 0 8 0 0 0 79188 0 26166 
0 4115 2338723 0 0 8 0 0 0 79196 0 26174 
0 4116 2338724 0 0 8 0 0 0 79204 0 26182 
0 4117 2338725 0 0 8 0 0 0 79212 0 26190 
0 4118 2338726 0 0 8 0 0 0 79220 0 26198 
0 4119 2338727 0 0 8 0 0 0 79228 0 26206 
0 4120 2338730 0 0 6 0 0 0 79236 0 26214 
0 4121 2338731 0 0 6 0 0 0 79242 0 26220 
0 4122 2338732 0 0 8 0 0 0 79248 0 26226 
0 4123 2338733 0 0 8 0 0 0 79256 0 26234 
0 4124 2338734 0 0 8 0 0 0 79013 0 26242 
0 4125 2338735 0 0 8 0 0 0 78937 0 26250 
0 4126 2338740 0 0 6 0 0 0 78945 0 26258 
0 4127 2338741 0 0 6 0 0 0 78951 0 26264 
0 4128 2338742 0 0 8 0 0 0 78957 0 26270 
0 4129 2338743 0 0 8 0 0 0 78965 0 26278 
0 4130 2338750 0 0 6 0 0 0 78973 0 26286 
0 4131 2338751 0 0 6 0 0 0 78979 0 26292 
0 4132 2338763 0 0 4 0 0 0 78985 0 26298 
0 4133 2338764 0 0 8 0 0 0 78989 0 26302 
0 4134 2338765 0 0 8 0 0 0 78997 0 26310 
0 4135 2338766 0 0 8 0 0 0 79005 0 26318 
0 4136 2338767 0 0 8 0 0 0 78929 0 26326 
0 4137 2338772 0 0 6 0 0 0 79021 0 26334 
0 4138 2338773 0 0 6 0 0 0 79027 0 26340 
0 4139 2338774 0 0 8 0 0 0 79033 0 26346 
0 4140 2338775 0 0 8 0 0 0 79041 0 26354 
0 4141 2338782 0 0 6 0 0 0 79049 0 26362 
0 4142 2338783 0 0 6 0 0 0 79055 0 26368 
0 4143 2338784 0 0 6 0 0 0 79061 0 26374 
0 4144 2338785 0 0 6 0 0 0 79067 0 26380 
0 4145 2338786 0 0 8 0 0 0 79073 0 26386 
0 4146 2338787 0 0 8 0 0 0 79081 0 26394 
0 4147 2338788 0 0 8 0 0 0 79089 0 26402 
0 4148 2338789 0 0 8 0 0 0 78540 0 26410 
0 4149 2338790 0 0 8 0 0 0 78129 0 26418 
0 4150 2338791 0 0 8 0 0 0 78137 0 26426 
0 4151 2338794 0 0 6 0 0 0 78145 0 26434 
0 4152 2338795 0 0 6 0 0 0 78151 0 26440 
0 4153 2338796 0 0 8 0 0 0 78157 0 26446 
0 4154 2338797 0 0 8 0 0 0 78165 0 26454 
0 4155 2338798 0 0 8 0 0 0 78173 0 26462 
0 4156 2338799 0 0 8 0 0 0 78181 0 26470 
0 4157 2338804 0 0 6 0 0 0 78189 0 26478 
0 4158 2338805 0 0 6 0 0 0 78195 0 26484 
0 4159 2338806 0 0 8 0 0 0 78201 0 26490 
0 4160 2338807 0 0 8 0 0 0 78121 0 26498 
0 4161 2338814 0 0 6 0 0 0 78215 0 26506 
0 4162 2338815 0 0 6 0 0 0 78221 0 26512 
0 4163 2341768 0 0 4 0 0 0 78227 0 26518 
0 4164 2341769 0 0 7 0 0 0 78231 0 26522 
0 4165 2341771 0 0 6 0 0 0 78238 0 26529 
0 4166 2341772 0 0 6 0 0 0 78244 0 26535 
0 4167 2341773 0 0 7 0 0 0 78250 0 26541 
0 4168 2341775 0 0 6 0 0 0 78257 0 26548 
0 4169 2341776 0 0 7 0 0 0 78263 0 26554 
0 4170 2341777 0 0 7 0 0 0 78270 0 26561 
0 4171 2341778 0 0 7 0 0 0 78277 0 26568 
0 4172 2341779 0 0 7 0 0 0 78044 0 26575 
0 4173 2341780 0 0 7 0 0 0 77967 0 26582 
0 4174 2341781 0 0 7 0 0 0 77974 0 26589 
0 4175 2341782 0 0 7 0 0 0 77981 0 26596 
0 4176 2341783 0 0 7 0 0 0 77988 0 26603 
0 4177 2341784 0 0 7 0 0 0 77995 0 26610 
0 4178 2341785 0 0 7 0 0 0 78002 0 26617 
0 4179 2341786 0 0 7 0 0 0 78009 0 26624 
0 4180 2341787 0 0 7 0 0 0 78016 0 26631 
0 4181 2341788 0 0 7 0 0 0 78023 0 26638 
0 4182 2341789 0 0 7 0 0 0 78030 0 26645 
0 4183 2341790 0 0 7 0 0 0 78037 0 26652 
0 4184 2341791 0 0 7 0 0 0 77960 0 26659 
0 4185 2341808 0 0 6 0 0 0 78051 0 26666 
0 4186 2341809 0 0 7 0 0 0 78057 0 26672 
0 4187 2341811 0 0 6 0 0 0 78064 0 26679 
0 4188 2341812 0 0 6 0 0 0 78070 0 26685 
0 4189 2341813 0 0 7 0 0 0 78076 0 26691 
0 4190 2341815 0 0 6 0 0 0 78083 0 26698 
0 4191 2341816 0 0 6 0 0 0 78089 0 26704 
0 4192 2341817 0 0 7 0 0 0 78095 0 26710 
0 4193 2341819 0 0 6 0 0 0 78102 0 26717 
0 4194 2341820 0 0 6 0 0 0 78108 0 26723 
0 4195 2341821 0 0 7 0 0 0 78114 0 26729 
0 4196 2341823 0 0 6 0 0 0 78209 0 26736 
0 4197 2341833 0 0 5 0 0 0 78458 0 26742 
0 4198 2341835 0 0 7 0 0 0 78463 0 26747 
0 4199 2341836 0 0 7 0 0 0 78470 0 26754 
0 4200 2341837 0 0 8 0 0 0 78477 0 26761 
0 4201 2341839 0 0 7 0 0 0 78485 0 26769 
0 4202 2341840 0 0 8 0 0 0 78492 0 26776 
0 4203 2341841 0 0 8 0 0 0 78500 0 26784 
0 4204 2341842 0 0 8 0 0 0 78508 0 26792 
0 4205 2341843 0 0 8 0 0 0 78516 0 26800 
0 4206 2341844 0 0 8 0 0 0 78524 0 26808 
0 4207 2341845 0 0 8 0 0 0 78532 0 26816 
0 4208 2341846 0 0 8 0 0 0 78450 0 26824 
0 4209 2341847 0 0 8 0 0 0 78548 0 26832 
0 4210 2341848 0 0 8 0 0 0 78556 0 26840 
0 4211 2341849 0 0 8 0 0 0 78564 0 26848 
0 4212 2341850 0 0 8 0 0 0 78572 0 26856 
0 4213 2341851 0 0 8 0 0 0 78580 0 26864 
0 4214 2341852 0 0 8 0 0 0 78588 0 26872 
0 4215 2341853 0 0 8 0 0 0 78596 0 26880 
0 4216 2341854 0 0 8 0 0 0 78604 0 26888 
0 4217 2341855 0 0 8 0 0 0 78612 0 26896 
0 4218 2341872 0 0 7 0 0 0 78620 0 26904 
0 4219 2341873 0 0 8 0 0 0 78627 0 26911 
0 4220 2341875 0 0 7 0 0 0 78367 0 26919 
0 4221 2341876 0 0 7 0 0 0 78291 0 26926 
0 4222 2341877 0 0 8 0 0 0 78298 0 26933 
0 4223 2341879 0 0 7 0 0 0 78306 0 26941 
0 4224 2341880 0 0 7 0 0 0 78313 0 26948 
0 4225 2341881 0 0 8 0 0 0 78320 0 26955 
0 4226 2341883 0 0 7 0 0 0 78328 0 26963 
0 4227 2341884 0 0 7 0 0 0 78335 0 26970 
0 4228 2341885 0 0 8 0 0 0 78342 0 26977 
0 4229 2341887 0 0 7 0 0 0 78350 0 26985 
0 4230 2342859 0 0 4 0 0 0 78357 0 26992 
0 4231 2342860 0 0 6 0 0 0 78361 0 26996 
0 4232 2342861 0 0 7 0 0 0 78284 0 27002 
0 4233 2342863 0 0 6 0 0 0 78374 0 27009 
0 4234 2342864 0 0 7 0 0 0 78380 0 27015 
0 4235 2342865 0 0 7 0 0 0 78387 0 27022 
0 4236 2342866 0 0 7 0 0 0 78394 0 27029 
0 4237 2342867 0 0 7 0 0 0 78401 0 27036 
0 4238 2342868 0 0 7 0 0 0 78408 0 27043 
0 4239 2342869 0 0 7 0 0 0 78415 0 27050 
0 4240 2342870 0 0 7 0 0 0 78422 0 27057 
0 4241 2342871 0 0 7 0 0 0 78429 0 27064 
0 4242 2342872 0 0 7 0 0 0 78436 0 27071 
0 4243 2342873 0 0 7 0 0 0 78443 0 27078 
0 4244 2342874 0 0 7 0 0 0 76573 0 27085 
0 4245 2342875 0 0 7 0 0 0 75007 0 27092 
0 4246 2342876 0 0 7 0 0 0 75014 0 27099 
0 4247 2342877 0 0 7 0 0 0 75021 0 27106 
0 4248 2342878 0 0 7 0 0 0 75028 0 27113 
0 4249 2342879 0 0 7 0 0 0 75035 0 27120 
0 4250 2342896 0 0 6 0 0 0 75042 0 27127 
0 4251 2342897 0 0 7 0 0 0 75048 0 27133 
0 4252 2342899 0 0 6 0 0 0 75055 0 27140 
0 4253 2342900 0 0 6 0 0 0 75061 0 27146 
0 4254 2342901 0 0 7 0 0 0 75067 0 27152 
0 4255 2342903 0 0 6 0 0 0 75074 0 27159 
0 4256 2342904 0 0 6 0 0 0 75001 0 27165 
0 4257 2342905 0 0 7 0 0 0 75085 0 27171 
0 4258 2342907 0 0 6 0 0 0 75092 0 27178 
0 4259 2342908 0 0 6 0 0 0 75098 0 27184 
0 4260 2342909 0 0 7 0 0 0 75104 0 27190 
0 4261 2342911 0 0 6 0 0 0 75111 0 27197 
0 4262 2352719 0 0 3 0 0 0 75117 0 27203 
0 4263 2352726 0 0 4 0 0 0 75120 0 27206 
0 4264 2352727 0 0 6 0 0 0 75124 0 27210 
0 4265 2352735 0 0 4 0 0 0 75130 0 27216 
0 4266 2352756 0 0 6 0 0 0 75134 0 27220 
0 4267 2352757 0 0 7 0 0 0 75140 0 27226 
0 4268 2352759 0 0 6 0 0 0 74927 0 27233 
0 4269 2352764 0 0 6 0 0 0 74859 0 27239 
0 4270 2352765 0 0 7 0 0 0 74865 0 27245 
0 4271 2352767 0 0 6 0 0 0 74872 0 27252 
0 4272 2352804 0 0 4 0 0 0 74878 0 27258 
0 4273 2352805 0 0 8 0 0 0 74882 0 27262 
0 4274 2352807 0 0 6 0 0 0 74890 0 27270 
0 4275 2352813 0 0 5 0 0 0 74896 0 27276 
0 4276 2352814 0 0 5 0 0 0 74901 0 27281 
0 4277 2352815 0 0 8 0 0 0 74906 0 27286 
0 4278 2352820 0 0 5 0 0 0 74914 0 27294 
0 4279 2352821 0 0 8 0 0 0 74919 0 27299 
0 4280 2352822 0 0 8 0 0 0 74851 0 27307 
0 4281 2352823 0 0 8 0 0 0 74933 0 27315 
0 4282 2352829 0 0 5 0 0 0 74941 0 27323 
0 4283 2352830 0 0 8 0 0 0 74946 0 27328 
0 4284 2352831 0 0 8 0 0 0 74954 0 27336 
0 4285 2352879 0 0 4 0 0 0 74962 0 27344 
0 4286 2352886 0 0 5 0 0 0 74966 0 27348 
0 4287 2352887 0 0 8 0 0 0 74971 0 27353 
0 4288 2352895 0 0 5 0 0 0 74979 0 27361 
0 4289 2353076 0 0 4 0 0 0 74984 0 27366 
0 4290 2353077 0 0 7 0 0 0 74988 0 27370 
0 4291 2353079 0 0 6 0 0 0 74995 0 27377 
0 4292 2353085 0 0 5 0 0 0 75080 0 27383 
0 4293 2353087 0 0 7 0 0 0 75329 0 27388 
0 4294 2353151 0 0 4 0 0 0 75336 0 27395 
0 4295 2353814 0 0 5 0 0 0 75340 0 27399 
0 4296 2353815 0 0 5 0 0 0 75345 0 27404 
0 4297 2353822 0 0 6 0 0 0 75350 0 27409 
0 4298 2353823 0 0 6 0 0 0 75356 0 27415 
0 4299 2353826 0 0 5 0 0 0 75362 0 27421 
0 4300 2353827 0 0 7 0 0 0 75367 0 27426 
0 4301 2353828 0 0 7 0 0 0 75374 0 27433 
0 4302 2353829 0 0 7 0 0 0 75381 0 27440 
0 4303 2353830 0 0 7 0 0 0 75388 0 27447 
0 4304 2353831 0 0 7 0 0 0 75322 0 27454 
0 4305 2353835 0 0 5 0 0 0 75402 0 27461 
0 4306 2353836 0 0 7 0 0 0 75407 0 27466 
0 4307 2353837 0 0 7 0 0 0 75414 0 27473 
0 4308 2353838 0 0 7 0 0 0 75421 0 27480 
0 4309 2353839 0 0 7 0 0 0 75428 0 27487 
0 4310 2353842 0 0 5 0 0 0 75435 0 27494 
0 4311 2353843 0 0 7 0 0 0 75440 0 27499 
0 4312 2353844 0 0 7 0 0 0 75447 0 27506 
0 4313 2353845 0 0 7 0 0 0 75454 0 27513 
0 4314 2353846 0 0 7 0 0 0 75461 0 27520 
0 4315 2353847 0 0 7 0 0 0 75468 0 27527 
0 4316 2353851 0 0 5 0 0 0 75233 0 27534 
0 4317 2353852 0 0 7 0 0 0 75155 0 27539 
0 4318 2353853 0 0 7 0 0 0 75162 0 27546 
0 4319 2353854 0 0 7 0 0 0 75169 0 27553 
0 4320 2353855 0 0 7 0 0 0 75176 0 27560 
0 4321 2353886 0 0 6 0 0 0 75183 0 27567 
0 4322 2353887 0 0 6 0 0 0 75189 0 27573 
0 4323 2353890 0 0 6 0 0 0 75195 0 27579 
0 4324 2353891 0 0 8 0 0 0 75201 0 27585 
0 4325 2353892 0 0 8 0 0 0 75209 0 27593 
0 4326 2353893 0 0 8 0 0 0 75217 0 27601 
0 4327 2353894 0 0 8 0 0 0 75225 0 27609 
0 4328 2353895 0 0 8 0 0 0 75147 0 27617 
0 4329 2353899 0 0 6 0 0 0 75238 0 27625 
0 4330 2353900 0 0 8 0 0 0 75244 0 27631 
0 4331 2353901 0 0 8 0 0 0 75252 0 27639 
0 4332 2353902 0 0 8 0 0 0 75260 0 27647 
0 4333 2353903 0 0 8 0 0 0 75268 0 27655 
0 4334 2353906 0 0 6 0 0 0 75276 0 27663 
0 4335 2353907 0 0 8 0 0 0 75282 0 27669 
0 4336 2353908 0 0 8 0 0 0 75290 0 27677 
0 4337 2353909 0 0 8 0 0 0 75298 0 27685 
0 4338 2353910 0 0 8 0 0 0 75306 0 27693 
0 4339 2353911 0 0 8 0 0 0 75314 0 27701 
0 4340 2353915 0 0 6 0 0 0 74776 0 27709 
0 4341 2353916 0 0 8 0 0 0 74365 0 27715 
0 4342 2353917 0 0 8 0 0 0 74373 0 27723 
0 4343 2353918 0 0 8 0 0 0 74381 0 27731 
0 4344 2353919 0 0 8 0 0 0 74389 0 27739 
0 4345 2353968 0 0 6 0 0 0 74397 0 27747 
0 4346 2353969 0 0 8 0 0 0 74403 0 27753 
0 4347 2353971 0 0 6 0 0 0 74411 0 27761 
0 4348 2353972 0 0 6 0 0 0 74417 0 27767 
0 4349 2353973 0 0 8 0 0 0 74423 0 27773 
0 4350 2353975 0 0 6 0 0 0 74431 0 27781 
0 4351 2353976 0 0 6 0 0 0 74437 0 27787 
0 4352 2353977 0 0 8 0 0 0 74357 0 27793 
0 4353 2353979 0 0 6 0 0 0 74451 0 27801 
0 4354 2353980 0 0 6 0 0 0 74457 0 27807 
0 4355 2353981 0 0 8 0 0 0 74463 0 27813 
0 4356 2353983 0 0 6 0 0 0 74471 0 27821 
0 4357 2354025 0 0 5 0 0 0 74477 0 27827 
0 4358 2354027 0 0 7 0 0 0 74482 0 27832 
0 4359 2354028 0 0 7 0 0 0 74489 0 27839 
0 4360 2354029 0 0 7 0 0 0 74496 0 27846 
0 4361 2354030 0 0 7 0 0 0 74503 0 27853 
0 4362 2354031 0 0 7 0 0 0 74510 0 27860 
0 4363 2354032 0 0 8 0 0 0 74517 0 27867 
0 4364 2354033 0 0 8 0 0 0 74269 0 27875 
0 4365 2354034 0 0 8 0 0 0 74173 0 27883 
0 4366 2354035 0 0 8 0 0 0 74181 0 27891 
0 4367 2354036 0 0 8 0 0 0 74189 0 27899 
0 4368 2354037 0 0 8 0 0 0 74197 0 27907 
0 4369 2354038 0 0 8 0 0 0 74205 0 27915 
0 4370 2354039 0 0 8 0 0 0 74213 0 27923 
0 4371 2354040 0 0 8 0 0 0 74221 0 27931 
0 4372 2354041 0 0 8 0 0 0 74229 0 27939 
0 4373 2354042 0 0 8 0 0 0 74237 0 27947 
0 4374 2354043 0 0 8 0 0 0 74245 0 27955 
0 4375 2354044 0 0 8 0 0 0 74253 0 27963 
0 4376 2354045 0 0 8 0 0 0 74261 0 27971 
0 4377 2354046 0 0 8 0 0 0 74165 0 27979 
0 4378 2354047 0 0 8 0 0 0 74277 0 27987 
0 4379 2354096 0 0 7 0 0 0 74285 0 27995 
0 4380 2354097 0 0 7 0 0 0 74292 0 28002 
0 4381 2354098 0 0 7 0 0 0 74299 0 28009 
0 4382 2354099 0 0 7 0 0 0 74306 0 28016 
0 4383 2354100 0 0 7 0 0 0 74313 0 28023 
0 4384 2354101 0 0 7 0 0 0 74320 0 28030 
0 4385 2354102 0 0 7 0 0 0 74327 0 28037 
0 4386 2354103 0 0 7 0 0 0 74334 0 28044 
0 4387 2354104 0 0 8 0 0 0 74341 0 28051 
0 4388 2354105 0 0 8 0 0 0 74349 0 28059 
0 4389 2354106 0 0 8 0 0 0 74443 0 28067 
0 4390 2354107 0 0 8 0 0 0 74694 0 28075 
0 4391 2354108 0 0 8 0 0 0 74702 0 28083 
0 4392 2354109 0 0 8 0 0 0 74710 0 28091 
0 4393 2354110 0 0 8 0 0 0 74718 0 28099 
0 4394 2354111 0 0 8 0 0 0 74726 0 28107 
0 4395 2354168 0 0 7 0 0 0 74734 0 28115 
0 4396 2354169 0 0 7 0 0 0 74741 0 28122 
0 4397 2354170 0 0 7 0 0 0 74748 0 28129 
0 4398 2354171 0 0 7 0 0 0 74755 0 28136 
0 4399 2354172 0 0 7 0 0 0 74762 0 28143 
0 4400 2354173 0 0 7 0 0 0 74769 0 28150 
0 4401 2354174 0 0 7 0 0 0 74687 0 28157 
0 4402 2354175 0 0 7 0 0 0 74782 0 28164 
0 4403 2354910 0 0 5 0 0 0 74789 0 28171 
0 4404 2354911 0 0 5 0 0 0 74794 0 28176 
0 4405 2354923 0 0 5 0 0 0 74799 0 28181 
0 4406 2354924 0 0 7 0 0 0 74804 0 28186 
0 4407 2354925 0 0 7 0 0 0 74811 0 28193 
0 4408 2354926 0 0 7 0 0 0 74818 0 28200 
0 4409 2354927 0 0 7 0 0 0 74825 0 28207 
0 4410 2354930 0 0 5 0 0 0 74832 0 28214 
0 4411 2354931 0 0 7 0 0 0 74837 0 28219 
0 4412 2354932 0 0 7 0 0 0 74844 0 28226 
0 4413 2354933 0 0 7 0 0 0 74606 0 28233 
0 4414 2354934 0 0 7 0 0 0 74533 0 28240 
0 4415 2354935 0 0 7 0 0 0 74540 0 28247 
0 4416 2354939 0 0 5 0 0 0 74547 0 28254 
0 4417 2354940 0 0 7 0 0 0 74552 0 28259 
0 4418 2354941 0 0 7 0 0 0 74559 0 28266 
0 4419 2354942 0 0 7 0 0 0 74566 0 28273 
0 4420 2354943 0 0 7 0 0 0 74573 0 28280 
0 4421 2355056 0 0 6 0 0 0 74580 0 28287 
0 4422 2355057 0 0 8 0 0 0 74586 0 28293 
0 4423 2355059 0 0 6 0 0 0 74594 0 28301 
0 4424 2355060 0 0 6 0 0 0 74600 0 28307 
0 4425 2355061 0 0 8 0 0 0 74525 0 28313 
0 4426 2355063 0 0 6 0 0 0 74613 0 28321 
0 4427 2355064 0 0 6 0 0 0 74619 0 28327 
0 4428 2355065 0 0 8 0 0 0 74625 0 28333 
0 4429 2355067 0 0 6 0 0 0 74633 0 28341 
0 4430 2355068 0 0 6 0 0 0 74639 0 28347 
0 4431 2355069 0 0 8 0 0 0 74645 0 28353 
0 4432 2355071 0 0 6 0 0 0 74653 0 28361 
0 4433 2355120 0 0 7 0 0 0 74659 0 28367 
0 4434 2355121 0 0 7 0 0 0 74666 0 28374 
0 4435 2355122 0 0 7 0 0 0 74673 0 28381 
0 4436 2355123 0 0 7 0 0 0 74680 0 28388 
0 4437 2355124 0 0 7 0 0 0 75395 0 28395 
0 4438 2355125 0 0 7 0 0 0 76208 0 28402 
0 4439 2355126 0 0 7 0 0 0 76215 0 28409 
0 4440 2355127 0 0 7 0 0 0 76222 0 28416 
0 4441 2355128 0 0 8 0 0 0 76229 0 28423 
0 4442 2355129 0 0 8 0 0 0 76237 0 28431 
0 4443 2355130 0 0 8 0 0 0 76245 0 28439 
0 4444 2355131 0 0 8 0 0 0 76253 0 28447 
0 4445 2355132 0 0 8 0 0 0 76261 0 28455 
0 4446 2355133 0 0 8 0 0 0 76269 0 28463 
0 4447 2355134 0 0 8 0 0 0 76277 0 28471 
0 4448 2355135 0 0 8 0 0 0 76285 0 28479 
0 4449 2355192 0 0 7 0 0 0 76201 0 28487 
0 4450 2355193 0 0 7 0 0 0 76299 0 28494 
0 4451 2355194 0 0 7 0 0 0 76306 0 28501 
0 4452 2355195 0 0 7 0 0 0 76313 0 28508 
0 4453 2355196 0 0 7 0 0 0 76320 0 28515 
0 4454 2355197 0 0 7 0 0 0 76327 0 28522 
0 4455 2355198 0 0 7 0 0 0 76334 0 28529 
0 4456 2355199 0 0 7 0 0 0 76341 0 28536 
0 4457 2358192 0 0 5 0 0 0 76348 0 28543 
0 4458 2358193 0 0 6 0 0 0 76353 0 28548 
0 4459 2358195 0 0 5 0 0 0 76359 0 28554 
0 4460 2358196 0 0 5 0 0 0 76364 0 28559 
0 4461 2358197 0 0 6 0 0 0 76141 0 28564 
0 4462 2358199 0 0 5 0 0 0 76073 0 28570 
0 4463 2358200 0 0 6 0 0 0 76078 0 28575 
0 4464 2358201 0 0 7 0 0 0 76084 0 28581 
0 4465 2358203 0 0 6 0 0 0 76091 0 28588 
0 4466 2358204 0 0 6 0 0 0 76097 0 28594 
0 4467 2358205 0 0 7 0 0 0 76103 0 28600 
0 4468 2358207 0 0 6 0 0 0 76110 0 28607 
0 4469 2358264 0 0 6 0 0 0 76116 0 28613 
0 4470 2358265 0 0 7 0 0 0 76122 0 28619 
0 4471 2358267 0 0 6 0 0 0 76129 0 28626 
0 4472 2358268 0 0 6 0 0 0 76135 0 28632 
0 4473 2358269 0 0 7 0 0 0 76066 0 28638 
0 4474 2358271 0 0 6 0 0 0 76147 0 28645 
0 4475 2359288 0 0 5 0 0 0 76153 0 28651 
0 4476 2359289 0 0 6 0 0 0 76158 0 28656 
0 4477 2359291 0 0 5 0 0 0 76164 0 28662 
0 4478 2359292 0 0 5 0 0 0 76169 0 28667 
0 4479 2359293 0 0 6 0 0 0 76174 0 28672 
0 4480 2359295 0 0 5 0 0 0 76180 0 28678 
0 4481 2571136 0 0 2 0 0 0 76185 0 28683 
0 4482 2571137 0 0 5 0 0 0 76187 0 28685 
0 4483 2571139 0 0 5 0 0 0 76192 0 28690 
0 4484 2571140 0 0 4 0 0 0 76197 0 28695 
0 4485 2571141 0 0 6 0 0 0 76293 0 28699 
0 4486 2571143 0 0 5 0 0 0 76517 0 28705 
0 4487 2571147 0 0 4 0 0 0 76522 0 28710 
0 4488 2571148 0 0 5 0 0 0 76526 0 28714 
0 4489 2571149 0 0 6 0 0 0 76531 0 28719 
0 4490 2571151 0 0 5 0 0 0 76537 0 28725 
0 4491 2571156 0 0 4 0 0 0 76542 0 28730 
0 4492 2571157 0 0 5 0 0 0 76546 0 28734 
0 4493 2571158 0 0 6 0 0 0 76551 0 28739 
0 4494 2571159 0 0 6 0 0 0 76557 0 28745 
0 4495 2571166 0 0 5 0 0 0 76563 0 28751 
0 4496 2571167 0 0 5 0 0 0 76568 0 28756 
0 4497 2571188 0 0 3 0 0 0 76514 0 28761 
0 4498 2571189 0 0 5 0 0 0 76580 0 28764 
0 4499 2571191 0 0 5 0 0 0 76585 0 28769 
0 4500 2571199 0 0 4 0 0 0 76590 0 28774 
0 4501 2571201 0 0 4 0 0 0 76594 0 28778 
0 4502 2571203 0 0 6 0 0 0 76598 0 28782 
0 4503 2571204 0 0 6 0 0 0 76604 0 28788 
0 4504 2571205 0 0 7 0 0 0 76610 0 28794 
0 4505 2571207 0 0 6 0 0 0 76617 0 28801 
0 4506 2571211 0 0 5 0 0 0 76623 0 28807 
0 4507 2571212 0 0 6 0 0 0 76628 0 28812 
0 4508 2571213 0 0 7 0 0 0 76634 0 28818 
0 4509 2571215 0 0 6 0 0 0 76439 0 28825 
0 4510 2571220 0 0 6 0 0 0 76375 0 28831 
0 4511 2571221 0 0 6 0 0 0 76381 0 28837 
0 4512 2571222 0 0 7 0 0 0 76387 0 28843 
0 4513 2571223 0 0 7 0 0 0 76394 0 28850 
0 4514 2571230 0 0 6 0 0 0 76401 0 28857 
0 4515 2571231 0 0 6 0 0 0 76407 0 28863 
0 4516 2571252 0 0 5 0 0 0 76413 0 28869 
0 4517 2571253 0 0 6 0 0 0 76418 0 28874 
0 4518 2571255 0 0 6 0 0 0 76424 0 28880 
0 4519 2571263 0 0 5 0 0 0 76430 0 28886 
0 4520 2572227 0 0 4 0 0 0 76435 0 28891 
0 4521 2572228 0 0 6 0 0 0 76369 0 28895 
0 4522 2572229 0 0 7 0 0 0 76445 0 28901 
0 4523 2572231 0 0 6 0 0 0 76452 0 28908 
0 4524 2572235 0 0 5 0 0 0 76458 0 28914 
0 4525 2572236 0 0 6 0 0 0 76463 0 28919 
0 4526 2572237 0 0 7 0 0 0 76469 0 28925 
0 4527 2572239 0 0 6 0 0 0 76476 0 28932 
0 4528 2572244 0 0 6 0 0 0 76482 0 28938 
0 4529 2572245 0 0 6 0 0 0 76488 0 28944 
0 4530 2572246 0 0 7 0 0 0 76494 0 28950 
0 4531 2572247 0 0 7 0 0 0 76501 0 28957 
0 4532 2572254 0 0 6 0 0 0 76508 0 28964 
0 4533 2572255 0 0 6 0 0 0 75972 0 28970 
0 4534 2572276 0 0 5 0 0 0 75635 0 28976 
0 4535 2572277 0 0 6 0 0 0 75640 0 28981 
0 4536 2572279 0 0 6 0 0 0 75646 0 28987 
0 4537 2572287 0 0 5 0 0 0 75652 0 28993 
0 4538 2578864 0 0 3 0 0 0 75657 0 28998 
0 4539 2578865 0 0 5 0 0 0 75660 0 29001 
0 4540 2578867 0 0 4 0 0 0 75665 0 29006 
0 4541 2578868 0 0 3 0 0 0 75669 0 29010 
0 4542 2578869 0 0 5 0 0 0 75672 0 29013 
0 4543 2578871 0 0 4 0 0 0 75677 0 29018 
0 4544 2578872 0 0 6 0 0 0 75681 0 29022 
0 4545 2578873 0 0 7 0 0 0 75628 0 29028 
0 4546 2578875 0 0 6 0 0 0 75693 0 29035 
0 4547 2578876 0 0 6 0 0 0 75699 0 29041 
0 4548 2578877 0 0 7 0 0 0 75705 0 29047 
0 4549 2578879 0 0 6 0 0 0 75712 0 29054 
0 4550 2578936 0 0 5 0 0 0 75718 0 29060 
0 4551 2578937 0 0 6 0 0 0 75723 0 29065 
0 4552 2578939 0 0 5 0 0 0 75729 0 29071 
0 4553 2578940 0 0 5 0 0 0 75734 0 29076 
0 4554 2578941 0 0 6 0 0 0 75739 0 29081 
0 4555 2578943 0 0 5 0 0 0 75745 0 29087 
0 4556 2579092 0 0 3 0 0 0 75750 0 29092 
0 4557 2579093 0 0 4 0 0 0 75549 0 29095 
0 4558 2579094 0 0 6 0 0 0 75483 0 29099 
0 4559 2579095 0 0 6 0 0 0 75489 0 29105 
0 4560 2579102 0 0 6 0 0 0 75495 0 29111 
0 4561 2579103 0 0 6 0 0 0 75501 0 29117 
0 4562 2579104 0 0 2 0 0 0 75507 0 29123 
0 4563 2579105 0 0 6 0 0 0 75509 0 29125 
0 4564 2579107 0 0 5 0 0 0 75515 0 29131 
0 4565 2579108 0 0 4 0 0 0 75520 0 29136 
0 4566 2579109 0 0 8 0 0 0 75524 0 29140 
0 4567 2579111 0 0 5 0 0 0 75532 0 29148 
0 4568 2579114 0 0 6 0 0 0 75537 0 29153 
0 4569 2579115 0 0 6 0 0 0 75543 0 29159 
0 4570 2579116 0 0 8 0 0 0 75475 0 29165 
0 4571 2579117 0 0 8 0 0 0 75553 0 29173 
0 4572 2579118 0 0 8 0 0 0 75561 0 29181 
0 4573 2579119 0 0 8 0 0 0 75569 0 29189 
0 4574 2579124 0 0 5 0 0 0 75577 0 29197 
0 4575 2579125 0 0 6 0 0 0 75582 0 29202 
0 4576 2579126 0 0 8 0 0 0 75588 0 29208 
0 4577 2579127 0 0 8 0 0 0 75596 0 29216 
0 4578 2579134 0 0 6 0 0 0 75604 0 29224 
0 4579 2579135 0 0 6 0 0 0 75610 0 29230 
0 4580 2579164 0 0 6 0 0 0 75616 0 29236 
0 4581 2579165 0 0 6 0 0 0 75622 0 29242 
0 4582 2579166 0 0 6 0 0 0 75687 0 29248 
0 4583 2579167 0 0 6 0 0 0 75899 0 29254 
0 4584 2579176 0 0 4 0 0 0 75905 0 29260 
0 4585 2579177 0 0 8 0 0 0 75909 0 29264 
0 4586 2579179 0 0 5 0 0 0 75917 0 29272 
0 4587 2579180 0 0 5 0 0 0 75922 0 29277 
0 4588 2579181 0 0 8 0 0 0 75927 0 29282 
0 4589 2579183 0 0 5 0 0 0 75935 0 29290 
0 4590 2579184 0 0 8 0 0 0 75940 0 29295 
0 4591 2579185 0 0 8 0 0 0 75948 0 29303 
0 4592 2579186 0 0 8 0 0 0 75956 0 29311 
0 4593 2579187 0 0 8 0 0 0 75964 0 29319 
0 4594 2579188 0 0 8 0 0 0 75891 0 29327 
0 4595 2579189 0 0 8 0 0 0 75978 0 29335 
0 4596 2579190 0 0 8 0 0 0 75986 0 29343 
0 4597 2579191 0 0 8 0 0 0 75994 0 29351 
0 4598 2579192 0 0 8 0 0 0 76002 0 29359 
0 4599 2579193 0 0 8 0 0 0 76010 0 29367 
0 4600 2579194 0 0 8 0 0 0 76018 0 29375 
0 4601 2579195 0 0 8 0 0 0 76026 0 29383 
0 4602 2579196 0 0 8 0 0 0 76034 0 29391 
0 4603 2579197 0 0 8 0 0 0 76042 0 29399 
0 4604 2579198 0 0 8 0 0 0 76050 0 29407 
0 4605 2579199 0 0 8 0 0 0 76058 0 29415 
0 4606 2579376 0 0 4 0 0 0 75828 0 29423 
0 4607 2579377 0 0 6 0 0 0 75758 0 29427 
0 4608 2579379 0 0 5 0 0 0 75764 0 29433 
0 4609 2579380 0 0 4 0 0 0 75769 0 29438 
0 4610 2579381 0 0 6 0 0 0 75773 0 29442 
0 4611 2579383 0 0 5 0 0 0 75779 0 29448 
0 4612 2579384 0 0 7 0 0 0 75784 0 29453 
0 4613 2579385 0 0 8 0 0 0 75791 0 29460 
0 4614 2579387 0 0 7 0 0 0 75799 0 29468 
0 4615 2579388 0 0 7 0 0 0 75806 0 29475 
0 4616 2579389 0 0 8 0 0 0 75813 0 29482 
0 4617 2579391 0 0 7 0 0 0 75821 0 29490 
0 4618 2579448 0 0 5 0 0 0 75753 0 29497 
0 4619 2579449 0 0 6 0 0 0 75832 0 29502 
0 4620 2579451 0 0 5 0 0 0 75838 0 29508 
0 4621 2579452 0 0 5 0 0 0 75843 0 29513 
0 4622 2579453 0 0 6 0 0 0 75848 0 29518 
0 4623 2579455 0 0 5 0 0 0 75854 0 29524 
0 4624 2579952 0 0 5 0 0 0 75859 0 29529 
0 4625 2579953 0 0 6 0 0 0 75864 0 29534 
0 4626 2579955 0 0 5 0 0 0 75870 0 29540 
0 4627 2579956 0 0 5 0 0 0 75875 0 29545 
0 4628 2579957 0 0 6 0 0 0 75880 0 29550 
0 4629 2579959 0 0 5 0 0 0 75886 0 29556 
0 4630 2579960 0 0 6 0 0 0 68695 0 29561 
0 4631 2579961 0 0 7 0 0 0 62135 0 29567 
0 4632 2579963 0 0 6 0 0 0 62142 0 29574 
0 4633 2579964 0 0 6 0 0 0 62148 0 29580 
0 4634 2579965 0 0 7 0 0 0 62154 0 29586 
0 4635 2579967 0 0 6 0 0 0 62161 0 29593 
0 4636 2580182 0 0 6 0 0 0 62167 0 29599 
0 4637 2580183 0 0 6 0 0 0 62173 0 29605 
0 4638 2580190 0 0 6 0 0 0 62179 0 29611 
0 4639 2580191 0 0 6 0 0 0 62185 0 29617 
0 4640 2580193 0 0 4 0 0 0 62191 0 29623 
0 4641 2580195 0 0 6 0 0 0 62195 0 29627 
0 4642 2580196 0 0 8 0 0 0 62127 0 29633 
0 4643 2580197 0 0 8 0 0 0 62208 0 29641 
0 4644 2580198 0 0 8 0 0 0 62216 0 29649 
0 4645 2580199 0 0 8 0 0 0 62224 0 29657 
0 4646 2580202 0 0 4 0 0 0 62232 0 29665 
0 4647 2580203 0 0 6 0 0 0 62236 0 29669 
0 4648 2580204 0 0 8 0 0 0 62242 0 29675 
0 4649 2580205 0 0 8 0 0 0 62250 0 29683 
0 4650 2580206 0 0 8 0 0 0 62258 0 29691 
0 4651 2580207 0 0 8 0 0 0 62266 0 29699 
0 4652 2580212 0 0 6 0 0 0 62274 0 29707 
0 4653 2580213 0 0 6 0 0 0 62280 0 29713 
0 4654 2580214 0 0 8 0 0 0 62036 0 29719 
0 4655 2580215 0 0 8 0 0 0 61959 0 29727 
0 4656 2580222 0 0 6 0 0 0 61967 0 29735 
0 4657 2580223 0 0 6 0 0 0 61973 0 29741 
0 4658 2580372 0 0 6 0 0 0 61979 0 29747 
0 4659 2580373 0 0 6 0 0 0 61985 0 29753 
0 4660 2580374 0 0 8 0 0 0 61991 0 29759 
0 4661 2580375 0 0 8 0 0 0 61999 0 29767 
0 4662 2580376 0 0 5 0 0 0 62007 0 29775 
0 4663 2580377 0 0 8 0 0 0 62012 0 29780 
0 4664 2580378 0 0 8 0 0 0 62020 0 29788 
0 4665 2580379 0 0 8 0 0 0 62028 0 29796 
0 4666 2580380 0 0 8 0 0 0 61951 0 29804 
0 4667 2580381 0 0 8 0 0 0 62044 0 29812 
0 4668 2580382 0 0 8 0 0 0 62052 0 29820 
0 4669 2580383 0 0 8 0 0 0 62060 0 29828 
0 4670 2580400 0 0 7 0 0 0 62068 0 29836 
0 4671 2580401 0 0 8 0 0 0 62075 0 29843 
0 4672 2580403 0 0 7 0 0 0 62083 0 29851 
0 4673 2580404 0 0 7 0 0 0 62090 0 29858 
0 4674 2580405 0 0 8 0 0 0 62097 0 29865 
0 4675 2580407 0 0 7 0 0 0 62105 0 29873 
0 4676 2580408 0 0 7 0 0 0 62112 0 29880 
0 4677 2580409 0 0 8 0 0 0 62119 0 29887 
0 4678 2580411 0 0 7 0 0 0 62201 0 29895 
0 4679 2580412 0 0 7 0 0 0 62439 0 29902 
0 4680 2580413 0 0 8 0 0 0 62446 0 29909 
0 4681 2580415 0 0 7 0 0 0 62454 0 29917 
0 4682 2580438 0 0 6 0 0 0 62461 0 29924 
0 4683 2580439 0 0 6 0 0 0 62467 0 29930 
0 4684 2580441 0 0 5 0 0 0 62473 0 29936 
0 4685 2580442 0 0 8 0 0 0 62478 0 29941 
0 4686 2580443 0 0 8 0 0 0 62486 0 29949 
0 4687 2580444 0 0 8 0 0 0 62494 0 29957 
0 4688 2580445 0 0 8 0 0 0 62502 0 29965 
0 4689 2580446 0 0 8 0 0 0 62510 0 29973 
0 4690 2580447 0 0 8 0 0 0 62431 0 29981 
0 4691 2580464 0 0 7 0 0 0 62525 0 29989 
0 4692 2580465 0 0 8 0 0 0 62532 0 29996 
0 4693 2580467 0 0 7 0 0 0 62540 0 30004 
0 4694 2580468 0 0 7 0 0 0 62547 0 30011 
0 4695 2580469 0 0 8 0 0 0 62554 0 30018 
0 4696 2580471 0 0 7 0 0 0 62562 0 30026 
0 4697 2580472 0 0 7 0 0 0 62569 0 30033 
0 4698 2580473 0 0 8 0 0 0 62576 0 30040 
0 4699 2580475 0 0 7 0 0 0 62584 0 30048 
0 4700 2580476 0 0 7 0 0 0 62591 0 30055 
0 4701 2580477 0 0 8 0 0 0 62598 0 30062 
0 4702 2580479 0 0 7 0 0 0 62357 0 30070 
0 4703 2587524 0 0 3 0 0 0 62292 0 30077 
0 4704 2587525 0 0 7 0 0 0 62295 0 30080 
0 4705 2587527 0 0 6 0 0 0 62302 0 30087 
0 4706 2587531 0 0 5 0 0 0 62308 0 30093 
0 4707 2587532 0 0 6 0 0 0 62313 0 30098 
0 4708 2587533 0 0 7 0 0 0 62319 0 30104 
0 4709 2587535 0 0 6 0 0 0 62326 0 30111 
0 4710 2587540 0 0 5 0 0 0 62332 0 30117 
0 4711 2587541 0 0 6 0 0 0 62337 0 30122 
0 4712 2587542 0 0 7 0 0 0 62343 0 30128 
0 4713 2587543 0 0 7 0 0 0 62350 0 30135 
0 4714 2587550 0 0 6 0 0 0 62286 0 30142 
0 4715 2587551 0 0 6 0 0 0 62364 0 30148 
0 4716 2587572 0 0 4 0 0 0 62370 0 30154 
0 4717 2587573 0 0 6 0 0 0 62374 0 30158 
0 4718 2587575 0 0 6 0 0 0 62380 0 30164 
0 4719 2587583 0 0 5 0 0 0 62386 0 30170 
0 4720 2587589 0 0 5 0 0 0 62391 0 30175 
0 4721 2587591 0 0 7 0 0 0 62396 0 30180 
0 4722 2587595 0 0 6 0 0 0 62403 0 30187 
0 4723 2587596 0 0 7 0 0 0 62409 0 30193 
0 4724 2587597 0 0 8 0 0 0 62416 0 30200 
0 4725 2587599 0 0 7 0 0 0 62424 0 30208 
0 4726 2587604 0 0 7 0 0 0 61874 0 30215 
0 4727 2587605 0 0 7 0 0 0 61504 0 30222 
0 4728 2587606 0 0 8 0 0 0 61511 0 30229 
0 4729 2587607 0 0 8 0 0 0 61519 0 30237 
0 4730 2587614 0 0 7 0 0 0 61527 0 30245 
0 4731 2587615 0 0 7 0 0 0 61534 0 30252 
0 4732 2587636 0 0 6 0 0 0 61541 0 30259 
0 4733 2587637 0 0 7 0 0 0 61547 0 30265 
0 4734 2587639 0 0 7 0 0 0 61554 0 30272 
0 4735 2587647 0 0 6 0 0 0 61561 0 30279 
0 4736 2588615 0 0 4 0 0 0 61567 0 30285 
0 4737 2588619 0 0 5 0 0 0 61571 0 30289 
0 4738 2588620 0 0 6 0 0 0 61498 0 30294 
0 4739 2588621 0 0 7 0 0 0 61584 0 30300 
0 4740 2588623 0 0 6 0 0 0 61591 0 30307 
0 4741 2588628 0 0 6 0 0 0 61597 0 30313 
0 4742 2588629 0 0 6 0 0 0 61603 0 30319 
0 4743 2588630 0 0 7 0 0 0 61609 0 30325 
0 4744 2588631 0 0 7 0 0 0 61616 0 30332 
0 4745 2588638 0 0 6 0 0 0 61623 0 30339 
0 4746 2588639 0 0 6 0 0 0 61629 0 30345 
0 4747 2588660 0 0 5 0 0 0 61635 0 30351 
0 4748 2588661 0 0 6 0 0 0 61640 0 30356 
0 4749 2588663 0 0 6 0 0 0 61646 0 30362 
0 4750 2588671 0 0 5 0 0 0 61447 0 30368 
0 4751 2605003 0 0 3 0 0 0 61387 0 30373 
0 4752 2605004 0 0 5 0 0 0 61390 0 30376 
0 4753 2605005 0 0 6 0 0 0 61395 0 30381 
0 4754 2605007 0 0 5 0 0 0 61401 0 30387 
0 4755 2605012 0 0 5 0 0 0 61406 0 30392 
0 4756 2605013 0 0 5 0 0 0 61411 0 30397 
0 4757 2605014 0 0 6 0 0 0 61416 0 30402 
0 4758 2605015 0 0 6 0 0 0 61422 0 30408 
0 4759 2605022 0 0 5 0 0 0 61428 0 30414 
0 4760 2605023 0 0 5 0 0 0 61433 0 30419 
0 4761 2605044 0 0 4 0 0 0 61438 0 30424 
0 4762 2605045 0 0 5 0 0 0 61442 0 30428 
0 4763 2605047 0 0 5 0 0 0 61382 0 30433 
0 4764 2605055 0 0 4 0 0 0 61452 0 30438 
0 4765 2612728 0 0 4 0 0 0 61456 0 30442 
0 4766 2612729 0 0 5 0 0 0 61460 0 30446 
0 4767 2612731 0 0 4 0 0 0 61465 0 30451 
0 4768 2612732 0 0 4 0 0 0 61469 0 30455 
0 4769 2612733 0 0 5 0 0 0 61473 0 30459 
0 4770 2612735 0 0 4 0 0 0 61478 0 30464 
0 4771 2612958 0 0 4 0 0 0 61482 0 30468 
0 4772 2612959 0 0 4 0 0 0 61486 0 30472 
0 4773 2612971 0 0 3 0 0 0 61490 0 30476 
0 4774 2612972 0 0 5 0 0 0 61493 0 30479 
0 4775 2612973 0 0 8 0 0 0 61576 0 30484 
0 4776 2612975 0 0 5 0 0 0 61808 0 30492 
0 4777 2612980 0 0 6 0 0 0 61813 0 30497 
0 4778 2612981 0 0 6 0 0 0 61819 0 30503 
0 4779 2612982 0 0 8 0 0 0 61825 0 30509 
0 4780 2612983 0 0 8 0 0 0 61833 0 30517 
0 4781 2612990 0 0 6 0 0 0 61841 0 30525 
0 4782 2612991 0 0 6 0 0 0 61847 0 30531 
0 4783 2613168 0 0 5 0 0 0 61853 0 30537 
0 4784 2613169 0 0 6 0 0 0 61858 0 30542 
0 4785 2613171 0 0 5 0 0 0 61864 0 30548 
0 4786 2613172 0 0 5 0 0 0 61869 0 30553 
0 4787 2613173 0 0 6 0 0 0 61802 0 30558 
0 4788 2613175 0 0 5 0 0 0 61881 0 30564 
0 4789 2613176 0 0 7 0 0 0 61886 0 30569 
0 4790 2613177 0 0 8 0 0 0 61893 0 30576 
0 4791 2613179 0 0 7 0 0 0 61901 0 30584 
0 4792 2613180 0 0 7 0 0 0 61908 0 30591 
0 4793 2613181 0 0 8 0 0 0 61915 0 30598 
0 4794 2613183 0 0 7 0 0 0 61923 0 30606 
0 4795 2613240 0 0 5 0 0 0 61930 0 30613 
0 4796 2613241 0 0 6 0 0 0 61935 0 30618 
0 4797 2613243 0 0 5 0 0 0 61941 0 30624 
0 4798 2613244 0 0 5 0 0 0 61946 0 30629 
0 4799 2613245 0 0 6 0 0 0 61723 0 30634 
0 4800 2613247 0 0 5 0 0 0 61658 0 30640 
0 4801 2620300 0 0 4 0 0 0 61663 0 30645 
0 4802 2620301 0 0 7 0 0 0 61667 0 30649 
0 4803 2620303 0 0 6 0 0 0 61674 0 30656 
0 4804 2620308 0 0 6 0 0 0 61680 0 30662 
0 4805 2620309 0 0 6 0 0 0 61686 0 30668 
0 4806 2620310 0 0 7 0 0 0 61692 0 30674 
0 4807 2620311 0 0 7 0 0 0 61699 0 30681 
0 4808 2620318 0 0 6 0 0 0 61706 0 30688 
0 4809 2620319 0 0 6 0 0 0 61712 0 30694 
0 4810 2620340 0 0 5 0 0 0 61718 0 30700 
0 4811 2620341 0 0 6 0 0 0 61652 0 30705 
0 4812 2620343 0 0 6 0 0 0 61729 0 30711 
0 4813 2620351 0 0 5 0 0 0 61735 0 30717 
0 4814 2620365 0 0 5 0 0 0 61740 0 30722 
0 4815 2620367 0 0 7 0 0 0 61745 0 30727 
0 4816 2620372 0 0 7 0 0 0 61752 0 30734 
0 4817 2620373 0 0 7 0 0 0 61759 0 30741 
0 4818 2620374 0 0 8 0 0 0 61766 0 30748 
0 4819 2620375 0 0 8 0 0 0 61774 0 30756 
0 4820 2620382 0 0 7 0 0 0 61782 0 30764 
0 4821 2620383 0 0 7 0 0 0 61789 0 30771 
0 4822 2620404 0 0 6 0 0 0 61796 0 30778 
0 4823 2620405 0 0 7 0 0 0 62518 0 30784 
0 4824 2620407 0 0 7 0 0 0 63231 0 30791 
0 4825 2620415 0 0 6 0 0 0 63238 0 30798 
0 4826 2621391 0 0 4 0 0 0 63244 0 30804 
0 4827 2621396 0 0 6 0 0 0 63248 0 30808 
0 4828 2621397 0 0 6 0 0 0 63254 0 30814 
0 4829 2621398 0 0 7 0 0 0 63260 0 30820 
0 4830 2621399 0 0 7 0 0 0 63267 0 30827 
0 4831 2621406 0 0 6 0 0 0 63274 0 30834 
0 4832 2621407 0 0 6 0 0 0 63280 0 30840 
0 4833 2621428 0 0 5 0 0 0 63286 0 30846 
0 4834 2621429 0 0 6 0 0 0 63291 0 30851 
0 4835 2621431 0 0 6 0 0 0 63225 0 30857 
0 4836 2621439 0 0 5 0 0 0 63300 0 30863 
0 4837 3111344 0 0 2 0 0 0 63305 0 30868 
0 4838 3111345 0 0 5 0 0 0 63307 0 30870 
0 4839 3111347 0 0 4 0 0 0 63312 0 30875 
0 4840 3111348 0 0 3 0 0 0 63316 0 30879 
0 4841 3111349 0 0 5 0 0 0 63319 0 30882 
0 4842 3111351 0 0 4 0 0 0 63324 0 30887 
0 4843 3111353 0 0 5 0 0 0 63328 0 30891 
0 4844 3111355 0 0 6 0 0 0 63333 0 30896 
0 4845 3111356 0 0 6 0 0 0 63339 0 30902 
0 4846 3111357 0 0 7 0 0 0 63345 0 30908 
0 4847 3111359 0 0 6 0 0 0 63156 0 30915 
0 4848 3111419 0 0 4 0 0 0 63105 0 30921 
0 4849 3111420 0 0 5 0 0 0 63109 0 30925 
0 4850 3111421 0 0 6 0 0 0 63114 0 30930 
0 4851 3111423 0 0 5 0 0 0 63120 0 30936 
0 4852 3111860 0 0 3 0 0 0 63125 0 30941 
0 4853 3111861 0 0 5 0 0 0 63128 0 30944 
0 4854 3111863 0 0 5 0 0 0 63133 0 30949 
0 4855 3111871 0 0 5 0 0 0 63138 0 30954 
0 4856 3111935 0 0 4 0 0 0 63143 0 30959 
0 4857 3112377 0 0 4 0 0 0 63147 0 30963 
0 4858 3112379 0 0 5 0 0 0 63151 0 30967 
0 4859 3112380 0 0 5 0 0 0 63100 0 30972 
0 4860 3112381 0 0 6 0 0 0 63162 0 30977 
0 4861 3112383 0 0 5 0 0 0 63168 0 30983 
0 4862 3112443 0 0 5 0 0 0 63173 0 30988 
0 4863 3112444 0 0 6 0 0 0 63178 0 30993 
0 4864 3112445 0 0 7 0 0 0 63184 0 30999 
0 4865 3112447 0 0 6 0 0 0 63191 0 31006 
0 4866 3112884 0 0 5 0 0 0 63197 0 31012 
0 4867 3112885 0 0 6 0 0 0 63202 0 31017 
0 4868 3112887 0 0 6 0 0 0 63208 0 31023 
0 4869 3112895 0 0 6 0 0 0 63214 0 31029 
0 4870 3112959 0 0 5 0 0 0 63220 0 31035 
0 4871 3145211 0 0 3 0 0 0 63297 0 31040 
0 4872 3145212 0 0 4 0 0 0 63478 0 31043 
0 4873 3145213 0 0 5 0 0 0 63482 0 31047 
0 4874 3145215 0 0 4 0 0 0 63487 0 31052 
0 4875 3145652 0 0 4 0 0 0 63491 0 31056 
0 4876 3145653 0 0 5 0 0 0 63495 0 31060 
0 4877 3145655 0 0 5 0 0 0 63500 0 31065 
0 4878 3145663 0 0 5 0 0 0 63505 0 31070 
0 4879 3145727 0 0 4 0 0 0 63510 0 31075 
0 4880 4160436 0 0 2 0 0 0 63514 0 31079 
0 4881 4160437 0 0 4 0 0 0 63516 0 31081 
0 4882 4160439 0 0 4 0 0 0 63520 0 31085 
0 4883 4160447 0 0 4 0 0 0 63474 0 31089 
0 4884 4160511 0 0 4 0 0 0 63528 0 31093 
0 4885 4161535 0 0 4 0 0 0 63532 0 31097 
0 4886 4194303 0 0 3 0 0 0 63536 0 31101 
0 4887 6393054 0 0 2 0 0 0 63539 0 31104 
0 4888 6393055 0 0 2 0 0 0 63541 0 31106 
0 4889 6393066 0 0 4 0 0 0 63543 0 31108 
0 4890 6393067 0 0 4 0 0 0 63547 0 31112 
0 4891 6393068 0 0 3 0 0 0 63551 0 31116 
0 4892 6393069 0 0 3 0 0 0 63554 0 31119 
0 4893 6393070 0 0 5 0 0 0 63557 0 31122 
0 4894 6393071 0 0 5 0 0 0 63562 0 31127 
0 4895 6393086 0 0 3 0 0 0 63409 0 31132 
0 4896 6393087 0 0 3 0 0 0 63358 0 31135 
0 4897 6393192 0 0 5 0 0 0 63361 0 31138 
0 4898 6393193 0 0 5 0 0 0 63366 0 31143 
0 4899 6393194 0 0 5 0 0 0 63371 0 31148 
0 4900 6393195 0 0 5 0 0 0 63376 0 31153 
0 4901 6393196 0 0 5 0 0 0 63381 0 31158 
0 4902 6393197 0 0 5 0 0 0 63386 0 31163 
0 4903 6393198 0 0 5 0 0 0 63391 0 31168 
0 4904 6393199 0 0 5 0 0 0 63396 0 31173 
0 4905 6393200 0 0 4 0 0 0 63401 0 31178 
0 4906 6393201 0 0 4 0 0 0 63405 0 31182 
0 4907 6393202 0 0 6 0 0 0 63352 0 31186 
0 4908 6393203 0 0 6 0 0 0 63412 0 31192 
0 4909 6393206 0 0 4 0 0 0 63418 0 31198 
0 4910 6393207 0 0 4 0 0 0 63422 0 31202 
0 4911 6393208 0 0 6 0 0 0 63426 0 31206 
0 4912 6393209 0 0 6 0 0 0 63432 0 31212 
0 4913 6393210 0 0 6 0 0 0 63438 0 31218 
0 4914 6393211 0 0 6 0 0 0 63444 0 31224 
0 4915 6393212 0 0 6 0 0 0 63450 0 31230 
0 4916 6393213 0 0 6 0 0 0 63456 0 31236 
0 4917 6393214 0 0 6 0 0 0 63462 0 31242 
0 4918 6393215 0 0 6 0 0 0 63468 0 31248 
0 4919 6393336 0 0 4 0 0 0 63037 0 31254 
0 4920 6393337 0 0 4 0 0 0 62730 0 31258 
0 4921 6393338 0 0 5 0 0 0 62734 0 31262 
0 4922 6393339 0 0 5 0 0 0 62739 0 31267 
0 4923 6393342 0 0 4 0 0 0 62744 0 31272 
0 4924 6393343 0 0 4 0 0 0 62748 0 31276 
0 4925 6393632 0 0 3 0 0 0 62752 0 31280 
0 4926 6393633 0 0 3 0 0 0 62755 0 31283 
0 4927 6393634 0 0 5 0 0 0 62758 0 31286 
0 4928 6393635 0 0 5 0 0 0 62763 0 31291 
0 4929 6393638 0 0 4 0 0 0 62768 0 31296 
0 4930 6393639 0 0 4 0 0 0 62772 0 31300 
0 4931 6393642 0 0 5 0 0 0 62725 0 31304 
0 4932 6393643 0 0 5 0 0 0 62781 0 31309 
0 4933 6393644 0 0 4 0 0 0 62786 0 31314 
0 4934 6393645 0 0 4 0 0 0 62790 0 31318 
0 4935 6393646 0 0 6 0 0 0 62794 0 31322 
0 4936 6393647 0 0 6 0 0 0 62800 0 31328 
0 4937 6393662 0 0 4 0 0 0 62806 0 31334 
0 4938 6393663 0 0 4 0 0 0 62810 0 31338 
0 4939 6393706 0 0 4 0 0 0 62814 0 31342 
0 4940 6393707 0 0 4 0 0 0 62818 0 31346 
0 4941 6393708 0 0 5 0 0 0 62822 0 31350 
0 4942 6393709 0 0 5 0 0 0 62827 0 31355 
0 4943 6393710 0 0 5 0 0 0 62663 0 31360 
0 4944 6393711 0 0 5 0 0 0 62610 0 31365 
0 4945 6393718 0 0 4 0 0 0 62615 0 31370 
0 4946 6393719 0 0 4 0 0 0 62619 0 31374 
0 4947 6393726 0 0 5 0 0 0 62623 0 31378 
0 4948 6393727 0 0 5 0 0 0 62628 0 31383 
0 4949 6393854 0 0 3 0 0 0 62633 0 31388 
0 4950 6393855 0 0 3 0 0 0 62636 0 31391 
0 4951 6395248 0 0 4 0 0 0 62639 0 31394 
0 4952 6395249 0 0 6 0 0 0 62643 0 31398 
0 4953 6395251 0 0 4 0 0 0 62649 0 31404 
0 4954 6395252 0 0 4 0 0 0 62653 0 31408 
0 4955 6395253 0 0 6 0 0 0 62657 0 31412 
0 4956 6395255 0 0 4 0 0 0 62606 0 31418 
0 4957 6395256 0 0 4 0 0 0 62668 0 31422 
0 4958 6395257 0 0 6 0 0 0 62672 0 31426 
0 4959 6395259 0 0 4 0 0 0 62678 0 31432 
0 4960 6395260 0 0 4 0 0 0 62682 0 31436 
0 4961 6395261 0 0 6 0 0 0 62686 0 31440 
0 4962 6395263 0 0 4 0 0 0 62692 0 31446 
0 4963 6395320 0 0 5 0 0 0 62696 0 31450 
0 4964 6395321 0 0 5 0 0 0 62701 0 31455 
0 4965 6395322 0 0 7 0 0 0 62706 0 31460 
0 4966 6395323 0 0 7 0 0 0 62713 0 31467 
0 4967 6395326 0 0 5 0 0 0 62720 0 31474 
0 4968 6395327 0 0 5 0 0 0 62776 0 31479 
0 4969 6395384 0 0 6 0 0 0 62975 0 31484 
0 4970 6395385 0 0 6 0 0 0 62981 0 31490 
0 4971 6395386 0 0 6 0 0 0 62987 0 31496 
0 4972 6395387 0 0 6 0 0 0 62993 0 31502 
0 4973 6395388 0 0 6 0 0 0 62999 0 31508 
0 4974 6395389 0 0 6 0 0 0 63005 0 31514 
0 4975 6395390 0 0 6 0 0 0 63011 0 31520 
0 4976 6395391 0 0 6 0 0 0 63017 0 31526 
0 4977 6395466 0 0 4 0 0 0 63023 0 31532 
0 4978 6395467 0 0 4 0 0 0 63027 0 31536 
0 4979 6395468 0 0 6 0 0 0 63031 0 31540 
0 4980 6395469 0 0 6 0 0 0 62969 0 31546 
0 4981 6395470 0 0 6 0 0 0 63041 0 31552 
0 4982 6395471 0 0 6 0 0 0 63047 0 31558 
0 4983 6395476 0 0 3 0 0 0 63053 0 31564 
0 4984 6395477 0 0 3 0 0 0 63056 0 31567 
0 4985 6395478 0 0 7 0 0 0 63059 0 31570 
0 4986 6395479 0 0 7 0 0 0 63066 0 31577 
0 4987 6395486 0 0 5 0 0 0 63073 0 31584 
0 4988 6395487 0 0 5 0 0 0 63078 0 31589 
0 4989 6395488 0 0 5 0 0 0 63083 0 31594 
0 4990 6395489 0 0 5 0 0 0 63088 0 31599 
0 4991 6395490 0 0 7 0 0 0 63093 0 31604 
0 4992 6395491 0 0 7 0 0 0 62908 0 31611 
0 4993 6395492 0 0 7 0 0 0 62837 0 31618 
0 4994 6395493 0 0 7 0 0 0 62844 0 31625 
0 4995 6395494 0 0 7 0 0 0 62851 0 31632 
0 4996 6395495 0 0 7 0 0 0 62858 0 31639 
0 4997 6395498 0 0 5 0 0 0 62865 0 31646 
0 4998 6395499 0 0 5 0 0 0 62870 0 31651 
0 4999 6395500 0 0 7 0 0 0 62875 0 31656 
0 5000 6395501 0 0 7 0 0 0 62882 0 31663 
0 5001 6395502 0 0 7 0 0 0 62889 0 31670 
0 5002 6395503 0 0 7 0 0 0 62896 0 31677 
0 5003 6395508 0 0 5 0 0 0 62903 0 31684 
0 5004 6395509 0 0 5 0 0 0 62832 0 31689 
0 5005 6395510 0 0 7 0 0 0 62915 0 31694 
0 5006 6395511 0 0 7 0 0 0 62922 0 31701 
0 5007 6395518 0 0 5 0 0 0 62929 0 31708 
0 5008 6395519 0 0 5 0 0 0 62934 0 31713 
0 5009 6395538 0 0 3 0 0 0 62939 0 31718 
0 5010 6395539 0 0 3 0 0 0 62942 0 31721 
0 5011 6395542 0 0 6 0 0 0 62945 0 31724 
0 5012 6395543 0 0 6 0 0 0 62951 0 31730 
0 5013 6395550 0 0 4 0 0 0 62957 0 31736 
0 5014 6395551 0 0 4 0 0 0 62961 0 31740 
0 5015 6395552 0 0 4 0 0 0 62965 0 31744 
0 5016 6395553 0 0 4 0 0 0 61308 0 31748 
0 5017 6395554 0 0 7 0 0 0 59875 0 31752 
0 5018 6395555 0 0 7 0 0 0 59882 0 31759 
0 5019 6395556 0 0 7 0 0 0 59889 0 31766 
0 5020 6395557 0 0 7 0 0 0 59896 0 31773 
0 5021 6395558 0 0 7 0 0 0 59903 0 31780 
0 5022 6395559 0 0 7 0 0 0 59910 0 31787 
0 5023 6395562 0 0 7 0 0 0 59917 0 31794 
0 5024 6395563 0 0 7 0 0 0 59924 0 31801 
0 5025 6395564 0 0 4 0 0 0 59931 0 31808 
0 5026 6395565 0 0 4 0 0 0 59935 0 31812 
0 5027 6395566 0 0 7 0 0 0 59939 0 31816 
0 5028 6395567 0 0 7 0 0 0 59868 0 31823 
0 5029 6395570 0 0 4 0 0 0 59953 0 31830 
0 5030 6395571 0 0 4 0 0 0 59957 0 31834 
0 5031 6395574 0 0 7 0 0 0 59961 0 31838 
0 5032 6395575 0 0 7 0 0 0 59968 0 31845 
0 5033 6395582 0 0 4 0 0 0 59975 0 31852 
0 5034 6395583 0 0 4 0 0 0 59979 0 31856 
0 5035 6395610 0 0 5 0 0 0 59983 0 31860 
0 5036 6395611 0 0 5 0 0 0 59988 0 31865 
0 5037 6395612 0 0 4 0 0 0 59993 0 31870 
0 5038 6395613 0 0 4 0 0 0 59997 0 31874 
0 5039 6395614 0 0 6 0 0 0 60001 0 31878 
0 5040 6395615 0 0 6 0 0 0 59785 0 31884 
0 5041 6395616 0 0 7 0 0 0 59708 0 31890 
0 5042 6395617 0 0 7 0 0 0 59715 0 31897 
0 5043 6395618 0 0 7 0 0 0 59722 0 31904 
0 5044 6395619 0 0 7 0 0 0 59729 0 31911 
0 5045 6395620 0 0 7 0 0 0 59736 0 31918 
0 5046 6395621 0 0 7 0 0 0 59743 0 31925 
0 5047 6395622 0 0 7 0 0 0 59750 0 31932 
0 5048 6395623 0 0 7 0 0 0 59757 0 31939 
0 5049 6395624 0 0 7 0 0 0 59764 0 31946 
0 5050 6395625 0 0 7 0 0 0 59771 0 31953 
0 5051 6395626 0 0 7 0 0 0 59778 0 31960 
0 5052 6395627 0 0 7 0 0 0 59701 0 31967 
0 5053 6395628 0 0 7 0 0 0 59791 0 31974 
0 5054 6395629 0 0 7 0 0 0 59798 0 31981 
0 5055 6395630 0 0 7 0 0 0 59805 0 31988 
0 5056 6395631 0 0 7 0 0 0 59812 0 31995 
0 5057 6395632 0 0 7 0 0 0 59819 0 32002 
0 5058 6395633 0 0 7 0 0 0 59826 0 32009 
0 5059 6395634 0 0 7 0 0 0 59833 0 32016 
0 5060 6395635 0 0 7 0 0 0 59840 0 32023 
0 5061 6395636 0 0 7 0 0 0 59847 0 32030 
0 5062 6395637 0 0 7 0 0 0 59854 0 32037 
0 5063 6395638 0 0 7 0 0 0 59861 0 32044 
0 5064 6395639 0 0 7 0 0 0 59946 0 32051 
0 5065 6395640 0 0 7 0 0 0 60174 0 32058 
0 5066 6395641 0 0 7 0 0 0 60181 0 32065 
0 5067 6395642 0 0 7 0 0 0 60188 0 32072 
0 5068 6395643 0 0 7 0 0 0 60195 0 32079 
0 5069 6395644 0 0 7 0 0 0 60202 0 32086 
0 5070 6395645 0 0 7 0 0 0 60209 0 32093 
0 5071 6395646 0 0 7 0 0 0 60216 0 32100 
0 5072 6395647 0 0 7 0 0 0 60223 0 32107 
0 5073 6395680 0 0 6 0 0 0 60230 0 32114 
0 5074 6395681 0 0 6 0 0 0 60236 0 32120 
0 5075 6395682 0 0 6 0 0 0 60242 0 32126 
0 5076 6395683 0 0 6 0 0 0 60168 0 32132 
0 5077 6395684 0 0 6 0 0 0 60255 0 32138 
0 5078 6395685 0 0 6 0 0 0 60261 0 32144 
0 5079 6395686 0 0 6 0 0 0 60267 0 32150 
0 5080 6395687 0 0 6 0 0 0 60273 0 32156 
0 5081 6395688 0 0 7 0 0 0 60279 0 32162 
0 5082 6395689 0 0 7 0 0 0 60286 0 32169 
0 5083 6395690 0 0 7 0 0 0 60293 0 32176 
0 5084 6395691 0 0 7 0 0 0 60300 0 32183 
0 5085 6395692 0 0 7 0 0 0 60307 0 32190 
0 5086 6395693 0 0 7 0 0 0 60314 0 32197 
0 5087 6395694 0 0 7 0 0 0 60321 0 32204 
0 5088 6395695 0 0 7 0 0 0 60091 0 32211 
0 5089 6395696 0 0 7 0 0 0 60014 0 32218 
0 5090 6395697 0 0 7 0 0 0 60021 0 32225 
0 5091 6395698 0 0 7 0 0 0 60028 0 32232 
0 5092 6395699 0 0 7 0 0 0 60035 0 32239 
0 5093 6395700 0 0 7 0 0 0 60042 0 32246 
0 5094 6395701 0 0 7 0 0 0 60049 0 32253 
0 5095 6395702 0 0 7 0 0 0 60056 0 32260 
0 5096 6395703 0 0 7 0 0 0 60063 0 32267 
0 5097 6395704 0 0 7 0 0 0 60070 0 32274 
0 5098 6395705 0 0 7 0 0 0 60077 0 32281 
0 5099 6395706 0 0 7 0 0 0 60084 0 32288 
0 5100 6395707 0 0 7 0 0 0 60007 0 32295 
0 5101 6395708 0 0 7 0 0 0 60098 0 32302 
0 5102 6395709 0 0 7 0 0 0 60105 0 32309 
0 5103 6395710 0 0 7 0 0 0 60112 0 32316 
0 5104 6395711 0 0 7 0 0 0 60119 0 32323 
0 5105 6395752 0 0 6 0 0 0 60126 0 32330 
0 5106 6395753 0 0 6 0 0 0 60132 0 32336 
0 5107 6395754 0 0 6 0 0 0 60138 0 32342 
0 5108 6395755 0 0 6 0 0 0 60144 0 32348 
0 5109 6395756 0 0 6 0 0 0 60150 0 32354 
0 5110 6395757 0 0 6 0 0 0 60156 0 32360 
0 5111 6395758 0 0 6 0 0 0 60162 0 32366 
0 5112 6395759 0 0 6 0 0 0 59631 0 32372 
0 5113 6395760 0 0 7 0 0 0 59266 0 32378 
0 5114 6395761 0 0 7 0 0 0 59273 0 32385 
0 5115 6395762 0 0 7 0 0 0 59280 0 32392 
0 5116 6395763 0 0 7 0 0 0 59287 0 32399 
0 5117 6395764 0 0 7 0 0 0 59294 0 32406 
0 5118 6395765 0 0 7 0 0 0 59301 0 32413 
0 5119 6395766 0 0 7 0 0 0 59308 0 32420 
0 5120 6395767 0 0 7 0 0 0 59315 0 32427 
0 5121 6395768 0 0 7 0 0 0 59322 0 32434 
0 5122 6395769 0 0 7 0 0 0 59329 0 32441 
0 5123 6395770 0 0 7 0 0 0 59336 0 32448 
0 5124 6395771 0 0 7 0 0 0 59259 0 32455 
0 5125 6395772 0 0 7 0 0 0 59347 0 32462 
0 5126 6395773 0 0 7 0 0 0 59354 0 32469 
0 5127 6395774 0 0 7 0 0 0 59361 0 32476 
0 5128 6395775 0 0 7 0 0 0 59368 0 32483 
0 5129 6395824 0 0 6 0 0 0 59375 0 32490 
0 5130 6395825 0 0 6 0 0 0 59381 0 32496 
0 5131 6395826 0 0 6 0 0 0 59387 0 32502 
0 5132 6395827 0 0 6 0 0 0 59393 0 32508 
0 5133 6395828 0 0 6 0 0 0 59399 0 32514 
0 5134 6395829 0 0 6 0 0 0 59405 0 32520 
0 5135 6395830 0 0 6 0 0 0 59411 0 32526 
0 5136 6395831 0 0 6 0 0 0 59203 0 32532 
0 5137 6395832 0 0 7 0 0 0 59123 0 32538 
0 5138 6395833 0 0 7 0 0 0 59130 0 32545 
0 5139 6395834 0 0 7 0 0 0 59137 0 32552 
0 5140 6395835 0 0 7 0 0 0 59144 0 32559 
0 5141 6395836 0 0 7 0 0 0 59151 0 32566 
0 5142 6395837 0 0 7 0 0 0 59158 0 32573 
0 5143 6395838 0 0 7 0 0 0 59165 0 32580 
0 5144 6395839 0 0 7 0 0 0 59172 0 32587 
0 5145 6395896 0 0 6 0 0 0 59179 0 32594 
0 5146 6395897 0 0 6 0 0 0 59185 0 32600 
0 5147 6395898 0 0 6 0 0 0 59191 0 32606 
0 5148 6395899 0 0 6 0 0 0 59197 0 32612 
0 5149 6395900 0 0 6 0 0 0 59117 0 32618 
0 5150 6395901 0 0 6 0 0 0 59209 0 32624 
0 5151 6395902 0 0 6 0 0 0 59215 0 32630 
0 5152 6395903 0 0 6 0 0 0 59221 0 32636 
0 5153 6397432 0 0 4 0 0 0 59227 0 32642 
0 5154 6397433 0 0 4 0 0 0 59231 0 32646 
0 5155 6397434 0 0 5 0 0 0 59235 0 32650 
0 5156 6397435 0 0 5 0 0 0 59240 0 32655 
0 5157 6397438 0 0 4 0 0 0 59245 0 32660 
0 5158 6397439 0 0 4 0 0 0 59249 0 32664 
0 5159 6397662 0 0 3 0 0 0 59253 0 32668 
0 5160 6397663 0 0 3 0 0 0 59256 0 32671 
0 5161 6397664 0 0 4 0 0 0 59343 0 32674 
0 5162 6397665 0 0 4 0 0 0 59569 0 32678 
0 5163 6397666 0 0 7 0 0 0 59573 0 32682 
0 5164 6397667 0 0 7 0 0 0 59580 0 32689 
0 5165 6397670 0 0 6 0 0 0 59587 0 32696 
0 5166 6397671 0 0 6 0 0 0 59593 0 32702 
0 5167 6397674 0 0 5 0 0 0 59599 0 32708 
0 5168 6397675 0 0 5 0 0 0 59604 0 32713 
0 5169 6397676 0 0 4 0 0 0 59609 0 32718 
0 5170 6397677 0 0 4 0 0 0 59613 0 32722 
0 5171 6397678 0 0 7 0 0 0 59617 0 32726 
0 5172 6397679 0 0 7 0 0 0 59624 0 32733 
0 5173 6397694 0 0 4 0 0 0 59565 0 32740 
0 5174 6397695 0 0 4 0 0 0 59637 0 32744 
0 5175 6397728 0 0 5 0 0 0 59641 0 32748 
0 5176 6397729 0 0 5 0 0 0 59646 0 32753 
0 5177 6397730 0 0 6 0 0 0 59651 0 32758 
0 5178 6397731 0 0 6 0 0 0 59657 0 32764 
0 5179 6397734 0 0 5 0 0 0 59663 0 32770 
0 5180 6397735 0 0 5 0 0 0 59668 0 32775 
0 5181 6397736 0 0 7 0 0 0 59673 0 32780 
0 5182 6397737 0 0 7 0 0 0 59680 0 32787 
0 5183 6397738 0 0 7 0 0 0 59687 0 32794 
0 5184 6397739 0 0 7 0 0 0 59694 0 32801 
0 5185 6397740 0 0 7 0 0 0 59494 0 32808 
0 5186 6397741 0 0 7 0 0 0 59423 0 32815 
0 5187 6397742 0 0 7 0 0 0 59430 0 32822 
0 5188 6397743 0 0 7 0 0 0 59437 0 32829 
0 5189 6397752 0 0 6 0 0 0 59444 0 32836 
0 5190 6397753 0 0 6 0 0 0 59450 0 32842 
0 5191 6397754 0 0 7 0 0 0 59456 0 32848 
0 5192 6397755 0 0 7 0 0 0 59463 0 32855 
0 5193 6397758 0 0 6 0 0 0 59470 0 32862 
0 5194 6397759 0 0 6 0 0 0 59476 0 32868 
0 5195 6397800 0 0 6 0 0 0 59482 0 32874 
0 5196 6397801 0 0 6 0 0 0 59488 0 32880 
0 5197 6397802 0 0 6 0 0 0 59417 0 32886 
0 5198 6397803 0 0 6 0 0 0 59501 0 32892 
0 5199 6397804 0 0 6 0 0 0 59507 0 32898 
0 5200 6397805 0 0 6 0 0 0 59513 0 32904 
0 5201 6397806 0 0 6 0 0 0 59519 0 32910 
0 5202 6397807 0 0 6 0 0 0 59525 0 32916 
0 5203 6397808 0 0 5 0 0 0 59531 0 32922 
0 5204 6397809 0 0 5 0 0 0 59536 0 32927 
0 5205 6397810 0 0 7 0 0 0 59541 0 32932 
0 5206 6397811 0 0 7 0 0 0 59548 0 32939 
0 5207 6397814 0 0 5 0 0 0 59555 0 32946 
0 5208 6397815 0 0 5 0 0 0 59560 0 32951 
0 5209 6397816 0 0 7 0 0 0 60248 0 32956 
0 5210 6397817 0 0 7 0 0 0 60974 0 32963 
0 5211 6397818 0 0 7 0 0 0 60981 0 32970 
0 5212 6397819 0 0 7 0 0 0 60988 0 32977 
0 5213 6397820 0 0 7 0 0 0 60995 0 32984 
0 5214 6397821 0 0 7 0 0 0 61002 0 32991 
0 5215 6397822 0 0 7 0 0 0 61009 0 32998 
0 5216 6397823 0 0 7 0 0 0 61016 0 33005 
0 5217 6397944 0 0 5 0 0 0 61023 0 33012 
0 5218 6397945 0 0 5 0 0 0 61028 0 33017 
0 5219 6397946 0 0 6 0 0 0 61033 0 33022 
0 5220 6397947 0 0 6 0 0 0 61039 0 33028 
0 5221 6397950 0 0 5 0 0 0 60969 0 33034 
0 5222 6397951 0 0 5 0 0 0 61052 0 33039 
0 5223 6402816 0 0 1 0 0 0 61057 0 33044 
0 5224 6402817 0 0 3 0 0 0 61058 0 33045 
0 5225 6402818 0 0 3 0 0 0 61061 0 33048 
0 5226 6402819 0 0 6 0 0 0 61064 0 33051 
0 5227 6402822 0 0 5 0 0 0 61070 0 33057 
0 5228 6402823 0 0 5 0 0 0 61075 0 33062 
0 5229 6402827 0 0 5 0 0 0 61080 0 33067 
0 5230 6402828 0 0 2 0 0 0 61085 0 33072 
0 5231 6402829 0 0 4 0 0 0 61087 0 33074 
0 5232 6402830 0 0 3 0 0 0 61091 0 33078 
0 5233 6402831 0 0 6 0 0 0 60890 0 33081 
0 5234 6402846 0 0 2 0 0 0 60853 0 33087 
0 5235 6402847 0 0 4 0 0 0 60855 0 33089 
0 5236 6402849 0 0 2 0 0 0 60859 0 33093 
0 5237 6402851 0 0 3 0 0 0 60861 0 33095 
0 5238 6402855 0 0 5 0 0 0 60864 0 33098 
0 5239 6402861 0 0 2 0 0 0 60869 0 33103 
0 5240 6402863 0 0 3 0 0 0 60871 0 33105 
0 5241 6402879 0 0 2 0 0 0 60874 0 33108 
0 5242 6402882 0 0 5 0 0 0 60876 0 33110 
0 5243 6402883 0 0 5 0 0 0 60881 0 33115 
0 5244 6402884 0 0 4 0 0 0 60886 0 33120 
0 5245 6402885 0 0 4 0 0 0 60849 0 33124 
0 5246 6402886 0 0 7 0 0 0 60896 0 33128 
0 5247 6402887 0 0 7 0 0 0 60903 0 33135 
0 5248 6402890 0 0 6 0 0 0 60910 0 33142 
0 5249 6402891 0 0 6 0 0 0 60916 0 33148 
0 5250 6402892 0 0 7 0 0 0 60922 0 33154 
0 5251 6402893 0 0 7 0 0 0 60929 0 33161 
0 5252 6402894 0 0 7 0 0 0 60936 0 33168 
0 5253 6402895 0 0 7 0 0 0 60943 0 33175 
0 5254 6402900 0 0 6 0 0 0 60950 0 33182 
0 5255 6402901 0 0 6 0 0 0 60956 0 33188 
0 5256 6402902 0 0 7 0 0 0 60962 0 33194 
0 5257 6402903 0 0 7 0 0 0 61045 0 33201 
0 5258 6402910 0 0 6 0 0 0 61236 0 33208 
0 5259 6402911 0 0 6 0 0 0 61242 0 33214 
0 5260 6402912 0 0 6 0 0 0 61248 0 33220 
0 5261 6402913 0 0 6 0 0 0 61254 0 33226 
0 5262 6402914 0 0 7 0 0 0 61260 0 33232 
0 5263 6402915 0 0 7 0 0 0 61267 0 33239 
0 5264 6402916 0 0 7 0 0 0 61274 0 33246 
0 5265 6402917 0 0 7 0 0 0 61281 0 33253 
0 5266 6402918 0 0 7 0 0 0 61288 0 33260 
0 5267 6402919 0 0 7 0 0 0 61295 0 33267 
0 5268 6402922 0 0 6 0 0 0 61302 0 33274 
0 5269 6402923 0 0 6 0 0 0 61230 0 33280 
0 5270 6402924 0 0 7 0 0 0 61312 0 33286 
0 5271 6402925 0 0 7 0 0 0 61319 0 33293 
0 5272 6402926 0 0 7 0 0 0 61326 0 33300 
0 5273 6402927 0 0 7 0 0 0 61333 0 33307 
0 5274 6402932 0 0 6 0 0 0 61340 0 33314 
0 5275 6402933 0 0 6 0 0 0 61346 0 33320 
0 5276 6402934 0 0 7 0 0 0 61352 0 33326 
0 5277 6402935 0 0 7 0 0 0 61359 0 33333 
0 5278 6402942 0 0 6 0 0 0 61366 0 33340 
0 5279 6402943 0 0 6 0 0 0 61372 0 33346 
0 5280 6403014 0 0 4 0 0 0 61378 0 33352 
0 5281 6403015 0 0 4 0 0 0 61164 0 33356 
0 5282 6403018 0 0 6 0 0 0 61101 0 33360 
0 5283 6403019 0 0 6 0 0 0 61107 0 33366 
0 5284 6403020 0 0 5 0 0 0 61113 0 33372 
0 5285 6403021 0 0 5 0 0 0 61118 0 33377 
0 5286 6403022 0 0 7 0 0 0 61123 0 33382 
0 5287 6403023 0 0 7 0 0 0 61130 0 33389 
0 5288 6403038 0 0 5 0 0 0 61137 0 33396 
0 5289 6403039 0 0 5 0 0 0 61142 0 33401 
0 5290 6403040 0 0 5 0 0 0 61147 0 33406 
0 5291 6403041 0 0 5 0 0 0 61152 0 33411 
0 5292 6403042 0 0 7 0 0 0 61157 0 33416 
0 5293 6403043 0 0 7 0 0 0 61094 0 33423 
0 5294 6403046 0 0 6 0 0 0 61168 0 33430 
0 5295 6403047 0 0 6 0 0 0 61174 0 33436 
0 5296 6403050 0 0 6 0 0 0 61180 0 33442 
0 5297 6403051 0 0 6 0 0 0 61186 0 33448 
0 5298 6403052 0 0 5 0 0 0 61192 0 33454 
0 5299 6403053 0 0 5 0 0 0 61197 0 33459 
0 5300 6403054 0 0 7 0 0 0 61202 0 33464 
0 5301 6403055 0 0 7 0 0 0 61209 0 33471 
0 5302 6403070 0 0 5 0 0 0 61216 0 33478 
0 5303 6403071 0 0 5 0 0 0 61221 0 33483 
0 5304 6403914 0 0 4 0 0 0 61226 0 33488 
0 5305 6403915 0 0 4 0 0 0 60772 0 33492 
0 5306 6403916 0 0 6 0 0 0 60465 0 33496 
0 5307 6403917 0 0 6 0 0 0 60471 0 33502 
0 5308 6403918 0 0 6 0 0 0 60477 0 33508 
0 5309 6403919 0 0 6 0 0 0 60483 0 33514 
0 5310 6403924 0 0 3 0 0 0 60489 0 33520 
0 5311 6403925 0 0 3 0 0 0 60492 0 33523 
0 5312 6403926 0 0 6 0 0 0 60495 0 33526 
0 5313 6403927 0 0 6 0 0 0 60501 0 33532 
0 5314 6403934 0 0 5 0 0 0 60507 0 33538 
0 5315 6403935 0 0 5 0 0 0 60512 0 33543 
0 5316 6403936 0 0 5 0 0 0 60517 0 33548 
0 5317 6403937 0 0 5 0 0 0 60460 0 33553 
0 5318 6403938 0 0 6 0 0 0 60526 0 33558 
0 5319 6403939 0 0 6 0 0 0 60532 0 33564 
0 5320 6403940 0 0 6 0 0 0 60538 0 33570 
0 5321 6403941 0 0 6 0 0 0 60544 0 33576 
0 5322 6403942 0 0 6 0 0 0 60550 0 33582 
0 5323 6403943 0 0 6 0 0 0 60556 0 33588 
0 5324 6403946 0 0 5 0 0 0 60562 0 33594 
0 5325 6403947 0 0 5 0 0 0 60567 0 33599 
0 5326 6403948 0 0 6 0 0 0 60572 0 33604 
0 5327 6403949 0 0 6 0 0 0 60578 0 33610 
0 5328 6403950 0 0 6 0 0 0 60584 0 33616 
0 5329 6403951 0 0 6 0 0 0 60392 0 33622 
0 5330 6403956 0 0 5 0 0 0 60332 0 33628 
0 5331 6403957 0 0 5 0 0 0 60337 0 33633 
0 5332 6403958 0 0 6 0 0 0 60342 0 33638 
0 5333 6403959 0 0 6 0 0 0 60348 0 33644 
0 5334 6403966 0 0 5 0 0 0 60354 0 33650 
0 5335 6403967 0 0 5 0 0 0 60359 0 33655 
0 5336 6403980 0 0 3 0 0 0 60364 0 33660 
0 5337 6403981 0 0 3 0 0 0 60367 0 33663 
0 5338 6403982 0 0 7 0 0 0 60370 0 33666 
0 5339 6403983 0 0 7 0 0 0 60377 0 33673 
0 5340 6403998 0 0 4 0 0 0 60384 0 33680 
0 5341 6403999 0 0 4 0 0 0 60388 0 33684 
0 5342 6404000 0 0 4 0 0 0 60328 0 33688 
0 5343 6404001 0 0 4 0 0 0 60398 0 33692 
0 5344 6404002 0 0 7 0 0 0 60402 0 33696 
0 5345 6404003 0 0 7 0 0 0 60409 0 33703 
0 5346 6404006 0 0 5 0 0 0 60416 0 33710 
0 5347 6404007 0 0 5 0 0 0 60421 0 33715 
0 5348 6404010 0 0 6 0 0 0 60426 0 33720 
0 5349 6404011 0 0 6 0 0 0 60432 0 33726 
0 5350 6404012 0 0 4 0 0 0 60438 0 33732 
0 5351 6404013 0 0 4 0 0 0 60442 0 33736 
0 5352 6404014 0 0 7 0 0 0 60446 0 33740 
0 5353 6404015 0 0 7 0 0 0 60453 0 33747 
0 5354 6404030 0 0 4 0 0 0 60522 0 33754 
0 5355 6404031 0 0 4 0 0 0 60712 0 33758 
0 5356 6404046 0 0 5 0 0 0 60716 0 33762 
0 5357 6404047 0 0 5 0 0 0 60721 0 33767 
0 5358 6404054 0 0 4 0 0 0 60726 0 33772 
0 5359 6404055 0 0 4 0 0 0 60730 0 33776 
0 5360 6404062 0 0 6 0 0 0 60734 0 33780 
0 5361 6404063 0 0 6 0 0 0 60740 0 33786 
0 5362 6404064 0 0 6 0 0 0 60746 0 33792 
0 5363 6404065 0 0 6 0 0 0 60752 0 33798 
0 5364 6404066 0 0 7 0 0 0 60758 0 33804 
0 5365 6404067 0 0 7 0 0 0 60765 0 33811 
0 5366 6404068 0 0 7 0 0 0 60705 0 33818 
0 5367 6404069 0 0 7 0 0 0 60776 0 33825 
0 5368 6404070 0 0 7 0 0 0 60783 0 33832 
0 5369 6404071 0 0 7 0 0 0 60790 0 33839 
0 5370 6404074 0 0 6 0 0 0 60797 0 33846 
0 5371 6404075 0 0 6 0 0 0 60803 0 33852 
0 5372 6404076 0 0 7 0 0 0 60809 0 33858 
0 5373 6404077 0 0 7 0 0 0 60816 0 33865 
0 5374 6404078 0 0 7 0 0 0 60823 0 33872 
0 5375 6404079 0 0 7 0 0 0 60830 0 33879 
0 5376 6404084 0 0 6 0 0 0 60837 0 33886 
0 5377 6404085 0 0 6 0 0 0 60843 0 33892 
0 5378 6404086 0 0 7 0 0 0 60650 0 33898 
0 5379 6404087 0 0 7 0 0 0 60595 0 33905 
0 5380 6404094 0 0 6 0 0 0 60602 0 33912 
0 5381 6404095 0 0 6 0 0 0 60608 0 33918 
0 5382 6406110 0 0 3 0 0 0 60614 0 33924 
0 5383 6406111 0 0 3 0 0 0 60617 0 33927 
0 5384 6406112 0 0 4 0 0 0 60620 0 33930 
0 5385 6406113 0 0 4 0 0 0 60624 0 33934 
0 5386 6406114 0 0 6 0 0 0 60628 0 33938 
0 5387 6406115 0 0 6 0 0 0 60634 0 33944 
0 5388 6406118 0 0 5 0 0 0 60640 0 33950 
0 5389 6406119 0 0 5 0 0 0 60645 0 33955 
0 5390 6406122 0 0 5 0 0 0 60590 0 33960 
0 5391 6406123 0 0 5 0 0 0 60657 0 33965 
0 5392 6406124 0 0 4 0 0 0 60662 0 33970 
0 5393 6406125 0 0 4 0 0 0 60666 0 33974 
0 5394 6406126 0 0 6 0 0 0 60670 0 33978 
0 5395 6406127 0 0 6 0 0 0 60676 0 33984 
0 5396 6406142 0 0 4 0 0 0 60682 0 33990 
0 5397 6406143 0 0 4 0 0 0 60686 0 33994 
0 5398 6419232 0 0 2 0 0 0 60690 0 33998 
0 5399 6419233 0 0 3 0 0 0 60692 0 34000 
0 5400 6419234 0 0 5 0 0 0 60695 0 34003 
0 5401 6419235 0 0 5 0 0 0 60700 0 34008 
0 5402 6419238 0 0 4 0 0 0 63524 0 34013 
0 5403 6419239 0 0 4 0 0 0 67047 0 34017 
0 5404 6419242 0 0 5 0 0 0 67051 0 34021 
0 5405 6419243 0 0 5 0 0 0 67056 0 34026 
0 5406 6419244 0 0 4 0 0 0 67061 0 34031 
0 5407 6419245 0 0 4 0 0 0 67065 0 34035 
0 5408 6419246 0 0 6 0 0 0 67069 0 34039 
0 5409 6419247 0 0 6 0 0 0 67075 0 34045 
0 5410 6419262 0 0 4 0 0 0 67081 0 34051 
0 5411 6419263 0 0 4 0 0 0 67085 0 34055 
0 5412 6419306 0 0 5 0 0 0 67089 0 34059 
0 5413 6419307 0 0 5 0 0 0 67094 0 34064 
0 5414 6419308 0 0 6 0 0 0 67041 0 34069 
0 5415 6419309 0 0 6 0 0 0 67106 0 34075 
0 5416 6419310 0 0 6 0 0 0 67112 0 34081 
0 5417 6419311 0 0 6 0 0 0 67118 0 34087 
0 5418 6419318 0 0 5 0 0 0 67124 0 34093 
0 5419 6419319 0 0 5 0 0 0 67129 0 34098 
0 5420 6419326 0 0 6 0 0 0 67134 0 34103 
0 5421 6419327 0 0 6 0 0 0 67140 0 34109 
0 5422 6419454 0 0 4 0 0 0 67146 0 34115 
0 5423 6419455 0 0 4 0 0 0 67150 0 34119 
0 5424 6420330 0 0 4 0 0 0 67154 0 34123 
0 5425 6420331 0 0 4 0 0 0 67158 0 34127 
0 5426 6420332 0 0 5 0 0 0 66987 0 34131 
0 5427 6420333 0 0 5 0 0 0 66936 0 34136 
0 5428 6420334 0 0 5 0 0 0 66941 0 34141 
0 5429 6420335 0 0 5 0 0 0 66946 0 34146 
0 5430 6420340 0 0 3 0 0 0 66951 0 34151 
0 5431 6420341 0 0 3 0 0 0 66954 0 34154 
0 5432 6420342 0 0 6 0 0 0 66957 0 34157 
0 5433 6420343 0 0 6 0 0 0 66963 0 34163 
0 5434 6420350 0 0 5 0 0 0 66969 0 34169 
0 5435 6420351 0 0 5 0 0 0 66974 0 34174 
0 5436 6420414 0 0 4 0 0 0 66979 0 34179 
0 5437 6420415 0 0 4 0 0 0 66983 0 34183 
0 5438 6420478 0 0 5 0 0 0 66931 0 34187 
0 5439 6420479 0 0 5 0 0 0 66992 0 34192 
0 5440 6422526 0 0 3 0 0 0 66997 0 34197 
0 5441 6422527 0 0 3 0 0 0 67000 0 34200 
0 5442 6461944 0 0 3 0 0 0 67003 0 34203 
0 5443 6461945 0 0 5 0 0 0 67006 0 34206 
0 5444 6461947 0 0 5 0 0 0 67011 0 34211 
0 5445 6461951 0 0 3 0 0 0 67016 0 34216 
0 5446 6462024 0 0 5 0 0 0 67019 0 34219 
0 5447 6462025 0 0 7 0 0 0 67024 0 34224 
0 5448 6462027 0 0 5 0 0 0 67031 0 34231 
0 5449 6462028 0 0 5 0 0 0 67036 0 34236 
0 5450 6462029 0 0 7 0 0 0 67099 0 34241 
0 5451 6462031 0 0 5 0 0 0 67314 0 34248 
0 5452 6462032 0 0 5 0 0 0 67319 0 34253 
0 5453 6462033 0 0 5 0 0 0 67324 0 34258 
0 5454 6462034 0 0 8 0 0 0 67329 0 34263 
0 5455 6462035 0 0 8 0 0 0 67337 0 34271 
0 5456 6462038 0 0 5 0 0 0 67345 0 34279 
0 5457 6462039 0 0 5 0 0 0 67350 0 34284 
0 5458 6462040 0 0 8 0 0 0 67355 0 34289 
0 5459 6462041 0 0 8 0 0 0 67363 0 34297 
0 5460 6462042 0 0 8 0 0 0 67371 0 34305 
0 5461 6462043 0 0 8 0 0 0 67379 0 34313 
0 5462 6462044 0 0 8 0 0 0 67306 0 34321 
0 5463 6462045 0 0 8 0 0 0 67395 0 34329 
0 5464 6462046 0 0 8 0 0 0 67403 0 34337 
0 5465 6462047 0 0 8 0 0 0 67411 0 34345 
0 5466 6462064 0 0 6 0 0 0 67419 0 34353 
0 5467 6462065 0 0 8 0 0 0 67425 0 34359 
0 5468 6462067 0 0 6 0 0 0 67433 0 34367 
0 5469 6462068 0 0 6 0 0 0 67439 0 34373 
0 5470 6462069 0 0 8 0 0 0 67445 0 34379 
0 5471 6462071 0 0 6 0 0 0 67453 0 34387 
0 5472 6462072 0 0 6 0 0 0 67459 0 34393 
0 5473 6462073 0 0 8 0 0 0 67465 0 34399 
0 5474 6462075 0 0 6 0 0 0 67234 0 34407 
0 5475 6462076 0 0 6 0 0 0 67167 0 34413 
0 5476 6462077 0 0 8 0 0 0 67173 0 34419 
0 5477 6462079 0 0 6 0 0 0 67181 0 34427 
0 5478 6462168 0 0 5 0 0 0 67187 0 34433 
0 5479 6462169 0 0 5 0 0 0 67192 0 34438 
0 5480 6462170 0 0 7 0 0 0 67197 0 34443 
0 5481 6462171 0 0 7 0 0 0 67204 0 34450 
0 5482 6462174 0 0 5 0 0 0 67211 0 34457 
0 5483 6462175 0 0 5 0 0 0 67216 0 34462 
0 5484 6462184 0 0 5 0 0 0 67221 0 34467 
0 5485 6462185 0 0 8 0 0 0 67226 0 34472 
0 5486 6462187 0 0 5 0 0 0 67162 0 34480 
0 5487 6462188 0 0 5 0 0 0 67240 0 34485 
0 5488 6462189 0 0 8 0 0 0 67245 0 34490 
0 5489 6462191 0 0 5 0 0 0 67253 0 34498 
0 5490 6462200 0 0 6 0 0 0 67258 0 34503 
0 5491 6462201 0 0 6 0 0 0 67264 0 34509 
0 5492 6462202 0 0 8 0 0 0 67270 0 34515 
0 5493 6462203 0 0 8 0 0 0 67278 0 34523 
0 5494 6462206 0 0 6 0 0 0 67286 0 34531 
0 5495 6462207 0 0 6 0 0 0 67292 0 34537 
0 5496 6462456 0 0 3 0 0 0 67298 0 34543 
0 5497 6462457 0 0 5 0 0 0 67301 0 34546 
0 5498 6462459 0 0 5 0 0 0 66841 0 34551 
0 5499 6462463 0 0 3 0 0 0 66428 0 34556 
0 5500 6462968 0 0 4 0 0 0 66431 0 34559 
0 5501 6462969 0 0 6 0 0 0 66435 0 34563 
0 5502 6462971 0 0 4 0 0 0 66441 0 34569 
0 5503 6462972 0 0 4 0 0 0 66445 0 34573 
0 5504 6462973 0 0 6 0 0 0 66449 0 34577 
0 5505 6462975 0 0 4 0 0 0 66455 0 34583 
0 5506 6463048 0 0 5 0 0 0 66459 0 34587 
0 5507 6463049 0 0 7 0 0 0 66464 0 34592 
0 5508 6463051 0 0 5 0 0 0 66471 0 34599 
0 5509 6463052 0 0 5 0 0 0 66476 0 34604 
0 5510 6463053 0 0 7 0 0 0 66421 0 34609 
0 5511 6463055 0 0 5 0 0 0 66488 0 34616 
0 5512 6463056 0 0 8 0 0 0 66493 0 34621 
0 5513 6463057 0 0 8 0 0 0 66501 0 34629 
0 5514 6463058 0 0 8 0 0 0 66509 0 34637 
0 5515 6463059 0 0 8 0 0 0 66517 0 34645 
0 5516 6463060 0 0 8 0 0 0 66525 0 34653 
0 5517 6463061 0 0 8 0 0 0 66533 0 34661 
0 5518 6463062 0 0 8 0 0 0 66541 0 34669 
0 5519 6463063 0 0 8 0 0 0 66549 0 34677 
0 5520 6463064 0 0 8 0 0 0 66557 0 34685 
0 5521 6463065 0 0 8 0 0 0 66565 0 34693 
0 5522 6463066 0 0 8 0 0 0 66338 0 34701 
0 5523 6463067 0 0 8 0 0 0 66252 0 34709 
0 5524 6463068 0 0 8 0 0 0 66260 0 34717 
0 5525 6463069 0 0 8 0 0 0 66268 0 34725 
0 5526 6463070 0 0 8 0 0 0 66276 0 34733 
0 5527 6463071 0 0 8 0 0 0 66284 0 34741 
0 5528 6463088 0 0 6 0 0 0 66292 0 34749 
0 5529 6463089 0 0 8 0 0 0 66298 0 34755 
0 5530 6463091 0 0 6 0 0 0 66306 0 34763 
0 5531 6463092 0 0 6 0 0 0 66312 0 34769 
0 5532 6463093 0 0 8 0 0 0 66318 0 34775 
0 5533 6463095 0 0 6 0 0 0 66326 0 34783 
0 5534 6463096 0 0 6 0 0 0 66332 0 34789 
0 5535 6463097 0 0 8 0 0 0 66244 0 34795 
0 5536 6463099 0 0 6 0 0 0 66346 0 34803 
0 5537 6463100 0 0 6 0 0 0 66352 0 34809 
0 5538 6463101 0 0 8 0 0 0 66358 0 34815 
0 5539 6463103 0 0 6 0 0 0 66366 0 34823 
0 5540 6463120 0 0 7 0 0 0 66372 0 34829 
0 5541 6463121 0 0 7 0 0 0 66379 0 34836 
0 5542 6463122 0 0 7 0 0 0 66386 0 34843 
0 5543 6463123 0 0 7 0 0 0 66393 0 34850 
0 5544 6463124 0 0 7 0 0 0 66400 0 34857 
0 5545 6463125 0 0 7 0 0 0 66407 0 34864 
0 5546 6463126 0 0 7 0 0 0 66414 0 34871 
0 5547 6463127 0 0 7 0 0 0 66481 0 34878 
0 5548 6463128 0 0 8 0 0 0 66759 0 34885 
0 5549 6463129 0 0 8 0 0 0 66767 0 34893 
0 5550 6463130 0 0 8 0 0 0 66775 0 34901 
0 5551 6463131 0 0 8 0 0 0 66783 0 34909 
0 5552 6463132 0 0 8 0 0 0 66791 0 34917 
0 5553 6463133 0 0 8 0 0 0 66799 0 34925 
0 5554 6463134 0 0 8 0 0 0 66807 0 34933 
0 5555 6463135 0 0 8 0 0 0 66815 0 34941 
0 5556 6463136 0 0 5 0 0 0 66823 0 34949 
0 5557 6463137 0 0 8 0 0 0 66828 0 34954 
0 5558 6463139 0 0 5 0 0 0 66836 0 34962 
0 5559 6463140 0 0 5 0 0 0 66754 0 34967 
0 5560 6463141 0 0 8 0 0 0 66846 0 34972 
0 5561 6463143 0 0 5 0 0 0 66854 0 34980 
0 5562 6463144 0 0 8 0 0 0 66859 0 34985 
0 5563 6463145 0 0 8 0 0 0 66867 0 34993 
0 5564 6463146 0 0 8 0 0 0 66875 0 35001 
0 5565 6463147 0 0 8 0 0 0 66883 0 35009 
0 5566 6463148 0 0 8 0 0 0 66891 0 35017 
0 5567 6463149 0 0 8 0 0 0 66899 0 35025 
0 5568 6463150 0 0 8 0 0 0 66907 0 35033 
0 5569 6463151 0 0 8 0 0 0 66915 0 35041 
0 5570 6463152 0 0 8 0 0 0 66923 0 35049 
0 5571 6463153 0 0 8 0 0 0 66669 0 35057 
0 5572 6463154 0 0 8 0 0 0 66581 0 35065 
0 5573 6463155 0 0 8 0 0 0 66589 0 35073 
0 5574 6463156 0 0 8 0 0 0 66597 0 35081 
0 5575 6463157 0 0 8 0 0 0 66605 0 35089 
0 5576 6463158 0 0 8 0 0 0 66613 0 35097 
0 5577 6463159 0 0 8 0 0 0 66621 0 35105 
0 5578 6463160 0 0 8 0 0 0 66629 0 35113 
0 5579 6463161 0 0 8 0 0 0 66637 0 35121 
0 5580 6463162 0 0 8 0 0 0 66645 0 35129 
0 5581 6463163 0 0 8 0 0 0 66653 0 35137 
0 5582 6463164 0 0 8 0 0 0 66661 0 35145 
0 5583 6463165 0 0 8 0 0 0 66573 0 35153 
0 5584 6463166 0 0 8 0 0 0 66677 0 35161 
0 5585 6463167 0 0 8 0 0 0 66685 0 35169 
0 5586 6463192 0 0 7 0 0 0 66693 0 35177 
0 5587 6463193 0 0 7 0 0 0 66700 0 35184 
0 5588 6463194 0 0 7 0 0 0 66707 0 35191 
0 5589 6463195 0 0 7 0 0 0 66714 0 35198 
0 5590 6463196 0 0 7 0 0 0 66721 0 35205 
0 5591 6463197 0 0 7 0 0 0 66728 0 35212 
0 5592 6463198 0 0 7 0 0 0 66735 0 35219 
0 5593 6463199 0 0 7 0 0 0 66742 0 35226 
0 5594 6463208 0 0 5 0 0 0 66749 0 35233 
0 5595 6463209 0 0 8 0 0 0 67387 0 35238 
0 5596 6463211 0 0 5 0 0 0 68347 0 35246 
0 5597 6463212 0 0 5 0 0 0 68352 0 35251 
0 5598 6463213 0 0 8 0 0 0 68357 0 35256 
0 5599 6463215 0 0 5 0 0 0 68365 0 35264 
0 5600 6463216 0 0 8 0 0 0 68370 0 35269 
0 5601 6463217 0 0 8 0 0 0 68378 0 35277 
0 5602 6463218 0 0 8 0 0 0 68386 0 35285 
0 5603 6463219 0 0 8 0 0 0 68394 0 35293 
0 5604 6463220 0 0 8 0 0 0 68402 0 35301 
0 5605 6463221 0 0 8 0 0 0 68410 0 35309 
0 5606 6463222 0 0 8 0 0 0 68418 0 35317 
0 5607 6463223 0 0 8 0 0 0 68339 0 35325 
0 5608 6463224 0 0 8 0 0 0 68432 0 35333 
0 5609 6463225 0 0 8 0 0 0 68440 0 35341 
0 5610 6463226 0 0 8 0 0 0 68448 0 35349 
0 5611 6463227 0 0 8 0 0 0 68456 0 35357 
0 5612 6463228 0 0 8 0 0 0 68464 0 35365 
0 5613 6463229 0 0 8 0 0 0 68472 0 35373 
0 5614 6463230 0 0 8 0 0 0 68480 0 35381 
0 5615 6463231 0 0 8 0 0 0 68488 0 35389 
0 5616 6463408 0 0 5 0 0 0 68496 0 35397 
0 5617 6463409 0 0 7 0 0 0 68501 0 35402 
0 5618 6463411 0 0 5 0 0 0 68508 0 35409 
0 5619 6463412 0 0 5 0 0 0 68270 0 35414 
0 5620 6463413 0 0 7 0 0 0 68201 0 35419 
0 5621 6463415 0 0 5 0 0 0 68208 0 35426 
0 5622 6463416 0 0 6 0 0 0 68213 0 35431 
0 5623 6463417 0 0 8 0 0 0 68219 0 35437 
0 5624 6463419 0 0 6 0 0 0 68227 0 35445 
0 5625 6463420 0 0 6 0 0 0 68233 0 35451 
0 5626 6463421 0 0 8 0 0 0 68239 0 35457 
0 5627 6463423 0 0 6 0 0 0 68247 0 35465 
0 5628 6463480 0 0 5 0 0 0 68253 0 35471 
0 5629 6463481 0 0 7 0 0 0 68258 0 35476 
0 5630 6463483 0 0 5 0 0 0 68265 0 35483 
0 5631 6463484 0 0 5 0 0 0 68196 0 35488 
0 5632 6463485 0 0 7 0 0 0 68275 0 35493 
0 5633 6463487 0 0 5 0 0 0 68282 0 35500 
0 5634 6465408 0 0 2 0 0 0 68287 0 35505 
0 5635 6465409 0 0 6 0 0 0 68289 0 35507 
0 5636 6465411 0 0 6 0 0 0 68295 0 35513 
0 5637 6465412 0 0 6 0 0 0 68301 0 35519 
0 5638 6465413 0 0 8 0 0 0 68307 0 35525 
0 5639 6465415 0 0 6 0 0 0 68315 0 35533 
0 5640 6465419 0 0 4 0 0 0 68321 0 35539 
0 5641 6465420 0 0 6 0 0 0 68325 0 35543 
0 5642 6465421 0 0 8 0 0 0 68331 0 35549 
0 5643 6465423 0 0 6 0 0 0 68426 0 35557 
0 5644 6465428 0 0 6 0 0 0 68633 0 35563 
0 5645 6465429 0 0 6 0 0 0 68639 0 35569 
0 5646 6465430 0 0 8 0 0 0 68645 0 35575 
0 5647 6465431 0 0 8 0 0 0 68653 0 35583 
0 5648 6465438 0 0 6 0 0 0 68661 0 35591 
0 5649 6465439 0 0 6 0 0 0 68667 0 35597 
0 5650 6465460 0 0 4 0 0 0 68673 0 35603 
0 5651 6465461 0 0 6 0 0 0 68677 0 35607 
0 5652 6465463 0 0 6 0 0 0 68683 0 35613 
0 5653 6465471 0 0 4 0 0 0 68689 0 35619 
0 5654 6465472 0 0 2 0 0 0 68693 0 35623 
0 5655 6465473 0 0 6 0 0 0 68627 0 35625 
0 5656 6465475 0 0 6 0 0 0 68701 0 35631 
0 5657 6465476 0 0 6 0 0 0 68707 0 35637 
0 5658 6465477 0 0 8 0 0 0 68713 0 35643 
0 5659 6465479 0 0 6 0 0 0 68721 0 35651 
0 5660 6465483 0 0 4 0 0 0 68727 0 35657 
0 5661 6465484 0 0 6 0 0 0 68731 0 35661 
0 5662 6465485 0 0 8 0 0 0 68737 0 35667 
0 5663 6465487 0 0 6 0 0 0 68745 0 35675 
0 5664 6465492 0 0 6 0 0 0 68751 0 35681 
0 5665 6465493 0 0 6 0 0 0 68757 0 35687 
0 5666 6465494 0 0 8 0 0 0 68763 0 35693 
0 5667 6465495 0 0 8 0 0 0 68572 0 35701 
0 5668 6465502 0 0 6 0 0 0 68518 0 35709 
0 5669 6465503 0 0 6 0 0 0 68524 0 35715 
0 5670 6465524 0 0 4 0 0 0 68530 0 35721 
0 5671 6465525 0 0 6 0 0 0 68534 0 35725 
0 5672 6465527 0 0 6 0 0 0 68540 0 35731 
0 5673 6465535 0 0 4 0 0 0 68546 0 35737 
0 5674 6466304 0 0 1 0 0 0 68550 0 35741 
0 5675 6466305 0 0 5 0 0 0 68551 0 35742 
0 5676 6466307 0 0 5 0 0 0 68556 0 35747 
0 5677 6466308 0 0 3 0 0 0 68561 0 35752 
0 5678 6466309 0 0 8 0 0 0 68564 0 35755 
0 5679 6466311 0 0 5 0 0 0 68513 0 35763 
0 5680 6466315 0 0 5 0 0 0 68580 0 35768 
0 5681 6466316 0 0 2 0 0 0 68585 0 35773 
0 5682 6466317 0 0 5 0 0 0 68587 0 35775 
0 5683 6466319 0 0 5 0 0 0 68592 0 35780 
0 5684 6466322 0 0 3 0 0 0 68597 0 35785 
0 5685 6466323 0 0 5 0 0 0 68600 0 35788 
0 5686 6466326 0 0 4 0 0 0 68605 0 35793 
0 5687 6466327 0 0 8 0 0 0 68609 0 35797 
0 5688 6466334 0 0 3 0 0 0 68617 0 35805 
0 5689 6466335 0 0 5 0 0 0 68620 0 35808 
0 5690 6466355 0 0 2 0 0 0 68625 0 35813 
0 5691 6466359 0 0 3 0 0 0 68111 0 35815 
0 5692 6466367 0 0 2 0 0 0 67673 0 35818 
0 5693 6466368 0 0 4 0 0 0 67675 0 35820 
0 5694 6466369 0 0 8 0 0 0 67679 0 35824 
0 5695 6466370 0 0 8 0 0 0 67687 0 35832 
0 5696 6466371 0 0 8 0 0 0 67695 0 35840 
0 5697 6466372 0 0 8 0 0 0 67703 0 35848 
0 5698 6466373 0 0 8 0 0 0 67711 0 35856 
0 5699 6466374 0 0 8 0 0 0 67719 0 35864 
0 5700 6466375 0 0 8 0 0 0 67727 0 35872 
0 5701 6466376 0 0 8 0 0 0 67735 0 35880 
0 5702 6466377 0 0 8 0 0 0 67743 0 35888 
0 5703 6466378 0 0 8 0 0 0 67665 0 35896 
0 5704 6466379 0 0 8 0 0 0 67759 0 35904 
0 5705 6466380 0 0 8 0 0 0 67767 0 35912 
0 5706 6466381 0 0 8 0 0 0 67775 0 35920 
0 5707 6466382 0 0 8 0 0 0 67783 0 35928 
0 5708 6466383 0 0 8 0 0 0 67791 0 35936 
0 5709 6466384 0 0 8 0 0 0 67799 0 35944 
0 5710 6466385 0 0 8 0 0 0 67807 0 35952 
0 5711 6466386 0 0 8 0 0 0 67815 0 35960 
0 5712 6466387 0 0 8 0 0 0 67823 0 35968 
0 5713 6466388 0 0 8 0 0 0 67831 0 35976 
0 5714 6466389 0 0 8 0 0 0 67839 0 35984 
0 5715 6466390 0 0 8 0 0 0 67569 0 35992 
0 5716 6466391 0 0 8 0 0 0 67481 0 36000 
0 5717 6466392 0 0 8 0 0 0 67489 0 36008 
0 5718 6466393 0 0 8 0 0 0 67497 0 36016 
0 5719 6466394 0 0 8 0 0 0 67505 0 36024 
0 5720 6466395 0 0 8 0 0 0 67513 0 36032 
0 5721 6466396 0 0 8 0 0 0 67521 0 36040 
0 5722 6466397 0 0 8 0 0 0 67529 0 36048 
0 5723 6466398 0 0 8 0 0 0 67537 0 36056 
0 5724 6466399 0 0 8 0 0 0 67545 0 36064 
0 5725 6466400 0 0 8 0 0 0 67553 0 36072 
0 5726 6466401 0 0 8 0 0 0 67561 0 36080 
0 5727 6466402 0 0 8 0 0 0 67473 0 36088 
0 5728 6466403 0 0 8 0 0 0 67577 0 36096 
0 5729 6466404 0 0 8 0 0 0 67585 0 36104 
0 5730 6466405 0 0 8 0 0 0 67593 0 36112 
0 5731 6466406 0 0 8 0 0 0 67601 0 36120 
0 5732 6466407 0 0 8 0 0 0 67609 0 36128 
0 5733 6466408 0 0 8 0 0 0 67617 0 36136 
0 5734 6466409 0 0 8 0 0 0 67625 0 36144 
0 5735 6466410 0 0 8 0 0 0 67633 0 36152 
0 5736 6466411 0 0 8 0 0 0 67641 0 36160 
0 5737 6466412 0 0 8 0 0 0 67649 0 36168 
0 5738 6466413 0 0 8 0 0 0 67657 0 36176 
0 5739 6466414 0 0 8 0 0 0 67751 0 36184 
0 5740 6466415 0 0 8 0 0 0 68023 0 36192 
0 5741 6466416 0 0 8 0 0 0 68031 0 36200 
0 5742 6466417 0 0 8 0 0 0 68039 0 36208 
0 5743 6466418 0 0 8 0 0 0 68047 0 36216 
0 5744 6466419 0 0 8 0 0 0 68055 0 36224 
0 5745 6466420 0 0 8 0 0 0 68063 0 36232 
0 5746 6466421 0 0 8 0 0 0 68071 0 36240 
0 5747 6466422 0 0 8 0 0 0 68079 0 36248 
0 5748 6466423 0 0 8 0 0 0 68087 0 36256 
0 5749 6466424 0 0 8 0 0 0 68095 0 36264 
0 5750 6466425 0 0 8 0 0 0 68103 0 36272 
0 5751 6466426 0 0 8 0 0 0 68015 0 36280 
0 5752 6466427 0 0 8 0 0 0 68114 0 36288 
0 5753 6466428 0 0 8 0 0 0 68122 0 36296 
0 5754 6466429 0 0 8 0 0 0 68130 0 36304 
0 5755 6466430 0 0 8 0 0 0 68138 0 36312 
0 5756 6466431 0 0 8 0 0 0 68146 0 36320 
0 5757 6466496 0 0 5 0 0 0 68154 0 36328 
0 5758 6466497 0 0 5 0 0 0 68159 0 36333 
0 5759 6466498 0 0 8 0 0 0 68164 0 36338 
0 5760 6466499 0 0 8 0 0 0 68172 0 36346 
0 5761 6466500 0 0 8 0 0 0 68180 0 36354 
0 5762 6466501 0 0 8 0 0 0 68188 0 36362 
0 5763 6466502 0 0 8 0 0 0 67928 0 36370 
0 5764 6466503 0 0 8 0 0 0 67852 0 36378 
0 5765 6466506 0 0 8 0 0 0 67860 0 36386 
0 5766 6466507 0 0 8 0 0 0 67868 0 36394 
0 5767 6466508 0 0 5 0 0 0 67876 0 36402 
0 5768 6466509 0 0 5 0 0 0 67881 0 36407 
0 5769 6466510 0 0 8 0 0 0 67886 0 36412 
0 5770 6466511 0 0 8 0 0 0 67894 0 36420 
0 5771 6466514 0 0 5 0 0 0 67902 0 36428 
0 5772 6466515 0 0 5 0 0 0 67907 0 36433 
0 5773 6466518 0 0 8 0 0 0 67912 0 36438 
0 5774 6466519 0 0 8 0 0 0 67920 0 36446 
0 5775 6466526 0 0 5 0 0 0 67847 0 36454 
0 5776 6466527 0 0 5 0 0 0 67936 0 36459 
0 5777 6466528 0 0 5 0 0 0 67941 0 36464 
0 5778 6466529 0 0 5 0 0 0 67946 0 36469 
0 5779 6466530 0 0 8 0 0 0 67951 0 36474 
0 5780 6466531 0 0 8 0 0 0 67959 0 36482 
0 5781 6466532 0 0 8 0 0 0 67967 0 36490 
0 5782 6466533 0 0 8 0 0 0 67975 0 36498 
0 5783 6466534 0 0 8 0 0 0 67983 0 36506 
0 5784 6466535 0 0 8 0 0 0 67991 0 36514 
0 5785 6466538 0 0 8 0 0 0 67999 0 36522 
0 5786 6466539 0 0 8 0 0 0 68007 0 36530 
0 5787 6466540 0 0 5 0 0 0 66170 0 36538 
0 5788 6466541 0 0 5 0 0 0 64487 0 36543 
0 5789 6466542 0 0 8 0 0 0 64492 0 36548 
0 5790 6466543 0 0 8 0 0 0 64500 0 36556 
0 5791 6466546 0 0 5 0 0 0 64508 0 36564 
0 5792 6466547 0 0 5 0 0 0 64513 0 36569 
0 5793 6466550 0 0 8 0 0 0 64518 0 36574 
0 5794 6466551 0 0 8 0 0 0 64526 0 36582 
0 5795 6466558 0 0 5 0 0 0 64534 0 36590 
0 5796 6466559 0 0 5 0 0 0 64539 0 36595 
0 5797 6467266 0 0 6 0 0 0 64544 0 36600 
0 5798 6467267 0 0 6 0 0 0 64550 0 36606 
0 5799 6467268 0 0 5 0 0 0 64482 0 36612 
0 5800 6467269 0 0 5 0 0 0 64563 0 36617 
0 5801 6467270 0 0 7 0 0 0 64568 0 36622 
0 5802 6467271 0 0 7 0 0 0 64575 0 36629 
0 5803 6467274 0 0 6 0 0 0 64582 0 36636 
0 5804 6467275 0 0 6 0 0 0 64588 0 36642 
0 5805 6467276 0 0 7 0 0 0 64594 0 36648 
0 5806 6467277 0 0 7 0 0 0 64601 0 36655 
0 5807 6467278 0 0 7 0 0 0 64608 0 36662 
0 5808 6467279 0 0 7 0 0 0 64615 0 36669 
0 5809 6467282 0 0 6 0 0 0 64622 0 36676 
0 5810 6467283 0 0 6 0 0 0 64628 0 36682 
0 5811 6467286 0 0 7 0 0 0 64398 0 36688 
0 5812 6467287 0 0 7 0 0 0 64327 0 36695 
0 5813 6467290 0 0 6 0 0 0 64334 0 36702 
0 5814 6467291 0 0 6 0 0 0 64340 0 36708 
0 5815 6467292 0 0 5 0 0 0 64346 0 36714 
0 5816 6467293 0 0 5 0 0 0 64351 0 36719 
0 5817 6467294 0 0 7 0 0 0 64356 0 36724 
0 5818 6467295 0 0 7 0 0 0 64363 0 36731 
0 5819 6467296 0 0 7 0 0 0 64370 0 36738 
0 5820 6467297 0 0 7 0 0 0 64377 0 36745 
0 5821 6467298 0 0 7 0 0 0 64384 0 36752 
0 5822 6467299 0 0 7 0 0 0 64391 0 36759 
0 5823 6467300 0 0 7 0 0 0 64320 0 36766 
0 5824 6467301 0 0 7 0 0 0 64405 0 36773 
0 5825 6467302 0 0 7 0 0 0 64412 0 36780 
0 5826 6467303 0 0 7 0 0 0 64419 0 36787 
0 5827 6467304 0 0 7 0 0 0 64426 0 36794 
0 5828 6467305 0 0 7 0 0 0 64433 0 36801 
0 5829 6467306 0 0 7 0 0 0 64440 0 36808 
0 5830 6467307 0 0 7 0 0 0 64447 0 36815 
0 5831 6467308 0 0 7 0 0 0 64454 0 36822 
0 5832 6467309 0 0 7 0 0 0 64461 0 36829 
0 5833 6467310 0 0 7 0 0 0 64468 0 36836 
0 5834 6467311 0 0 7 0 0 0 64475 0 36843 
0 5835 6467312 0 0 7 0 0 0 64556 0 36850 
0 5836 6467313 0 0 7 0 0 0 64818 0 36857 
0 5837 6467314 0 0 7 0 0 0 64825 0 36864 
0 5838 6467315 0 0 7 0 0 0 64832 0 36871 
0 5839 6467316 0 0 7 0 0 0 64839 0 36878 
0 5840 6467317 0 0 7 0 0 0 64846 0 36885 
0 5841 6467318 0 0 7 0 0 0 64853 0 36892 
0 5842 6467319 0 0 7 0 0 0 64860 0 36899 
0 5843 6467320 0 0 7 0 0 0 64867 0 36906 
0 5844 6467321 0 0 7 0 0 0 64874 0 36913 
0 5845 6467322 0 0 7 0 0 0 64881 0 36920 
0 5846 6467323 0 0 7 0 0 0 64888 0 36927 
0 5847 6467324 0 0 7 0 0 0 64811 0 36934 
0 5848 6467325 0 0 7 0 0 0 64903 0 36941 
0 5849 6467326 0 0 7 0 0 0 64910 0 36948 
0 5850 6467327 0 0 7 0 0 0 64917 0 36955 
0 5851 6467393 0 0 8 0 0 0 64924 0 36962 
0 5852 6467395 0 0 5 0 0 0 64932 0 36970 
0 5853 6467396 0 0 5 0 0 0 64937 0 36975 
0 5854 6467397 0 0 8 0 0 0 64942 0 36980 
0 5855 6467399 0 0 5 0 0 0 64950 0 36988 
0 5856 6467400 0 0 5 0 0 0 64955 0 36993 
0 5857 6467401 0 0 8 0 0 0 64960 0 36998 
0 5858 6467403 0 0 5 0 0 0 64968 0 37006 
0 5859 6467404 0 0 5 0 0 0 64727 0 37011 
0 5860 6467405 0 0 8 0 0 0 64642 0 37016 
0 5861 6467407 0 0 5 0 0 0 64650 0 37024 
0 5862 6467408 0 0 8 0 0 0 64655 0 37029 
0 5863 6467409 0 0 8 0 0 0 64663 0 37037 
0 5864 6467410 0 0 8 0 0 0 64671 0 37045 
0 5865 6467411 0 0 8 0 0 0 64679 0 37053 
0 5866 6467412 0 0 8 0 0 0 64687 0 37061 
0 5867 6467413 0 0 8 0 0 0 64695 0 37069 
0 5868 6467414 0 0 8 0 0 0 64703 0 37077 
0 5869 6467415 0 0 8 0 0 0 64711 0 37085 
0 5870 6467416 0 0 8 0 0 0 64719 0 37093 
0 5871 6467417 0 0 8 0 0 0 64634 0 37101 
0 5872 6467418 0 0 8 0 0 0 64732 0 37109 
0 5873 6467419 0 0 8 0 0 0 64740 0 37117 
0 5874 6467420 0 0 8 0 0 0 64748 0 37125 
0 5875 6467421 0 0 8 0 0 0 64756 0 37133 
0 5876 6467422 0 0 8 0 0 0 64764 0 37141 
0 5877 6467423 0 0 8 0 0 0 64772 0 37149 
0 5878 6467440 0 0 5 0 0 0 64780 0 37157 
0 5879 6467441 0 0 8 0 0 0 64785 0 37162 
0 5880 6467443 0 0 5 0 0 0 64793 0 37170 
0 5881 6467444 0 0 5 0 0 0 64798 0 37175 
0 5882 6467445 0 0 8 0 0 0 64803 0 37180 
0 5883 6467447 0 0 5 0 0 0 64231 0 37188 
0 5884 6467448 0 0 5 0 0 0 63775 0 37193 
0 5885 6467449 0 0 8 0 0 0 63780 0 37198 
0 5886 6467451 0 0 5 0 0 0 63788 0 37206 
0 5887 6467452 0 0 5 0 0 0 63793 0 37211 
0 5888 6467453 0 0 8 0 0 0 63798 0 37216 
0 5889 6467455 0 0 5 0 0 0 63806 0 37224 
0 5890 6467456 0 0 4 0 0 0 63811 0 37229 
0 5891 6467457 0 0 8 0 0 0 63815 0 37233 
0 5892 6467458 0 0 8 0 0 0 63823 0 37241 
0 5893 6467459 0 0 8 0 0 0 63831 0 37249 
0 5894 6467460 0 0 8 0 0 0 63839 0 37257 
0 5895 6467461 0 0 8 0 0 0 63767 0 37265 
0 5896 6467462 0 0 8 0 0 0 63855 0 37273 
0 5897 6467463 0 0 8 0 0 0 63863 0 37281 
0 5898 6467464 0 0 8 0 0 0 63871 0 37289 
0 5899 6467465 0 0 8 0 0 0 63879 0 37297 
0 5900 6467466 0 0 8 0 0 0 63887 0 37305 
0 5901 6467467 0 0 8 0 0 0 63895 0 37313 
0 5902 6467468 0 0 8 0 0 0 63903 0 37321 
0 5903 6467469 0 0 8 0 0 0 63911 0 37329 
0 5904 6467470 0 0 8 0 0 0 63919 0 37337 
0 5905 6467471 0 0 8 0 0 0 63927 0 37345 
0 5906 6467472 0 0 8 0 0 0 63935 0 37353 
0 5907 6467473 0 0 8 0 0 0 63671 0 37361 
0 5908 6467474 0 0 8 0 0 0 63575 0 37369 
0 5909 6467475 0 0 8 0 0 0 63583 0 37377 
0 5910 6467476 0 0 8 0 0 0 63591 0 37385 
0 5911 6467477 0 0 8 0 0 0 63599 0 37393 
0 5912 6467478 0 0 8 0 0 0 63607 0 37401 
0 5913 6467479 0 0 8 0 0 0 63615 0 37409 
0 5914 6467480 0 0 8 0 0 0 63623 0 37417 
0 5915 6467481 0 0 8 0 0 0 63631 0 37425 
0 5916 6467482 0 0 8 0 0 0 63639 0 37433 
0 5917 6467483 0 0 8 0 0 0 63647 0 37441 
0 5918 6467484 0 0 8 0 0 0 63655 0 37449 
0 5919 6467485 0 0 8 0 0 0 63663 0 37457 
0 5920 6467486 0 0 8 0 0 0 63567 0 37465 
0 5921 6467487 0 0 8 0 0 0 63679 0 37473 
0 5922 6467488 0 0 8 0 0 0 63687 0 37481 
0 5923 6467489 0 0 8 0 0 0 63695 0 37489 
0 5924 6467490 0 0 8 0 0 0 63703 0 37497 
0 5925 6467491 0 0 8 0 0 0 63711 0 37505 
0 5926 6467492 0 0 8 0 0 0 63719 0 37513 
0 5927 6467493 0 0 8 0 0 0 63727 0 37521 
0 5928 6467494 0 0 8 0 0 0 63735 0 37529 
0 5929 6467495 0 0 8 0 0 0 63743 0 37537 
0 5930 6467496 0 0 8 0 0 0 63751 0 37545 
0 5931 6467497 0 0 8 0 0 0 63759 0 37553 
0 5932 6467498 0 0 8 0 0 0 63847 0 37561 
0 5933 6467499 0 0 8 0 0 0 64143 0 37569 
0 5934 6467500 0 0 8 0 0 0 64151 0 37577 
0 5935 6467501 0 0 8 0 0 0 64159 0 37585 
0 5936 6467502 0 0 8 0 0 0 64167 0 37593 
0 5937 6467503 0 0 8 0 0 0 64175 0 37601 
0 5938 6467504 0 0 8 0 0 0 64183 0 37609 
0 5939 6467505 0 0 8 0 0 0 64191 0 37617 
0 5940 6467506 0 0 8 0 0 0 64199 0 37625 
0 5941 6467507 0 0 8 0 0 0 64207 0 37633 
0 5942 6467508 0 0 8 0 0 0 64215 0 37641 
0 5943 6467509 0 0 8 0 0 0 64223 0 37649 
0 5944 6467510 0 0 8 0 0 0 64135 0 37657 
0 5945 6467511 0 0 8 0 0 0 64236 0 37665 
0 5946 6467512 0 0 8 0 0 0 64244 0 37673 
0 5947 6467513 0 0 8 0 0 0 64252 0 37681 
0 5948 6467514 0 0 8 0 0 0 64260 0 37689 
0 5949 6467515 0 0 8 0 0 0 64268 0 37697 
0 5950 6467516 0 0 8 0 0 0 64276 0 37705 
0 5951 6467517 0 0 8 0 0 0 64284 0 37713 
0 5952 6467518 0 0 8 0 0 0 64292 0 37721 
0 5953 6467519 0 0 8 0 0 0 64300 0 37729 
0 5954 6467520 0 0 4 0 0 0 64308 0 37737 
0 5955 6467521 0 0 8 0 0 0 64312 0 37741 
0 5956 6467522 0 0 8 0 0 0 64039 0 37749 
0 5957 6467523 0 0 8 0 0 0 63951 0 37757 
0 5958 6467524 0 0 8 0 0 0 63959 0 37765 
0 5959 6467525 0 0 8 0 0 0 63967 0 37773 
0 5960 6467526 0 0 8 0 0 0 63975 0 37781 
0 5961 6467527 0 0 8 0 0 0 63983 0 37789 
0 5962 6467528 0 0 8 0 0 0 63991 0 37797 
0 5963 6467529 0 0 8 0 0 0 63999 0 37805 
0 5964 6467530 0 0 8 0 0 0 64007 0 37813 
0 5965 6467531 0 0 8 0 0 0 64015 0 37821 
0 5966 6467532 0 0 8 0 0 0 64023 0 37829 
0 5967 6467533 0 0 8 0 0 0 64031 0 37837 
0 5968 6467534 0 0 8 0 0 0 63943 0 37845 
0 5969 6467535 0 0 8 0 0 0 64047 0 37853 
0 5970 6467536 0 0 8 0 0 0 64055 0 37861 
0 5971 6467537 0 0 8 0 0 0 64063 0 37869 
0 5972 6467538 0 0 8 0 0 0 64071 0 37877 
0 5973 6467539 0 0 8 0 0 0 64079 0 37885 
0 5974 6467540 0 0 8 0 0 0 64087 0 37893 
0 5975 6467541 0 0 8 0 0 0 64095 0 37901 
0 5976 6467542 0 0 8 0 0 0 64103 0 37909 
0 5977 6467543 0 0 8 0 0 0 64111 0 37917 
0 5978 6467544 0 0 8 0 0 0 64119 0 37925 
0 5979 6467545 0 0 8 0 0 0 64127 0 37933 
0 5980 6467546 0 0 8 0 0 0 64895 0 37941 
0 5981 6467547 0 0 8 0 0 0 65743 0 37949 
0 5982 6467548 0 0 8 0 0 0 65751 0 37957 
0 5983 6467549 0 0 8 0 0 0 65759 0 37965 
0 5984 6467550 0 0 8 0 0 0 65767 0 37973 
0 5985 6467551 0 0 8 0 0 0 65775 0 37981 
0 5986 6467552 0 0 8 0 0 0 65783 0 37989 
0 5987 6467553 0 0 8 0 0 0 65791 0 37997 
0 5988 6467554 0 0 8 0 0 0 65799 0 38005 
0 5989 6467555 0 0 8 0 0 0 65807 0 38013 
0 5990 6467556 0 0 8 0 0 0 65815 0 38021 
0 5991 6467557 0 0 8 0 0 0 65823 0 38029 
0 5992 6467558 0 0 8 0 0 0 65735 0 38037 
0 5993 6467559 0 0 8 0 0 0 65838 0 38045 
0 5994 6467560 0 0 8 0 0 0 65846 0 38053 
0 5995 6467561 0 0 8 0 0 0 65854 0 38061 
0 5996 6467562 0 0 8 0 0 0 65862 0 38069 
0 5997 6467563 0 0 8 0 0 0 65870 0 38077 
0 5998 6467564 0 0 8 0 0 0 65878 0 38085 
0 5999 6467565 0 0 8 0 0 0 65886 0 38093 
0 6000 6467566 0 0 8 0 0 0 65894 0 38101 
0 6001 6467567 0 0 8 0 0 0 65902 0 38109 
0 6002 6467568 0 0 8 0 0 0 65910 0 38117 
0 6003 6467569 0 0 8 0 0 0 65918 0 38125 
0 6004 6467570 0 0 8 0 0 0 65663 0 38133 
0 6005 6467571 0 0 8 0 0 0 65575 0 38141 
0 6006 6467572 0 0 8 0 0 0 65583 0 38149 
0 6007 6467573 0 0 8 0 0 0 65591 0 38157 
0 6008 6467574 0 0 8 0 0 0 65599 0 38165 
0 6009 6467575 0 0 8 0 0 0 65607 0 38173 
0 6010 6467576 0 0 8 0 0 0 65615 0 38181 
0 6011 6467577 0 0 8 0 0 0 65623 0 38189 
0 6012 6467578 0 0 8 0 0 0 65631 0 38197 
0 6013 6467579 0 0 8 0 0 0 65639 0 38205 
0 6014 6467580 0 0 8 0 0 0 65647 0 38213 
0 6015 6467581 0 0 8 0 0 0 65655 0 38221 
0 6016 6467582 0 0 8 0 0 0 65567 0 38229 
0 6017 6467583 0 0 8 0 0 0 65671 0 38237 
0 6018 6470528 0 0 5 0 0 0 65679 0 38245 
0 6019 6470529 0 0 7 0 0 0 65684 0 38250 
0 6020 6470531 0 0 5 0 0 0 65691 0 38257 
0 6021 6470532 0 0 5 0 0 0 65696 0 38262 
0 6022 6470533 0 0 7 0 0 0 65701 0 38267 
0 6023 6470535 0 0 5 0 0 0 65708 0 38274 
0 6024 6470536 0 0 5 0 0 0 65713 0 38279 
0 6025 6470537 0 0 7 0 0 0 65718 0 38284 
0 6026 6470539 0 0 5 0 0 0 65725 0 38291 
0 6027 6470540 0 0 5 0 0 0 65730 0 38296 
0 6028 6470541 0 0 7 0 0 0 65831 0 38301 
0 6029 6470543 0 0 5 0 0 0 66095 0 38308 
0 6030 6470544 0 0 7 0 0 0 66100 0 38313 
0 6031 6470545 0 0 7 0 0 0 66107 0 38320 
0 6032 6470546 0 0 7 0 0 0 66114 0 38327 
0 6033 6470547 0 0 7 0 0 0 66121 0 38334 
0 6034 6470548 0 0 7 0 0 0 66128 0 38341 
0 6035 6470549 0 0 7 0 0 0 66135 0 38348 
0 6036 6470550 0 0 7 0 0 0 66142 0 38355 
0 6037 6470551 0 0 7 0 0 0 66149 0 38362 
0 6038 6470552 0 0 7 0 0 0 66156 0 38369 
0 6039 6470553 0 0 7 0 0 0 66163 0 38376 
0 6040 6470554 0 0 7 0 0 0 66088 0 38383 
0 6041 6470555 0 0 7 0 0 0 66175 0 38390 
0 6042 6470556 0 0 7 0 0 0 66182 0 38397 
0 6043 6470557 0 0 7 0 0 0 66189 0 38404 
0 6044 6470558 0 0 7 0 0 0 66196 0 38411 
0 6045 6470559 0 0 7 0 0 0 66203 0 38418 
0 6046 6470576 0 0 5 0 0 0 66210 0 38425 
0 6047 6470577 0 0 7 0 0 0 66215 0 38430 
0 6048 6470579 0 0 5 0 0 0 66222 0 38437 
0 6049 6470580 0 0 5 0 0 0 66227 0 38442 
0 6050 6470581 0 0 7 0 0 0 66232 0 38447 
0 6051 6470583 0 0 5 0 0 0 66239 0 38454 
0 6052 6470584 0 0 5 0 0 0 66001 0 38459 
0 6053 6470585 0 0 7 0 0 0 65932 0 38464 
0 6054 6470587 0 0 5 0 0 0 65939 0 38471 
0 6055 6470588 0 0 5 0 0 0 65944 0 38476 
0 6056 6470589 0 0 7 0 0 0 65949 0 38481 
0 6057 6470591 0 0 5 0 0 0 65956 0 38488 
0 6058 6470592 0 0 6 0 0 0 65961 0 38493 
0 6059 6470593 0 0 8 0 0 0 65967 0 38499 
0 6060 6470595 0 0 6 0 0 0 65975 0 38507 
0 6061 6470596 0 0 6 0 0 0 65981 0 38513 
0 6062 6470597 0 0 8 0 0 0 65987 0 38519 
0 6063 6470599 0 0 6 0 0 0 65995 0 38527 
0 6064 6470600 0 0 6 0 0 0 65926 0 38533 
0 6065 6470601 0 0 8 0 0 0 66006 0 38539 
0 6066 6470603 0 0 6 0 0 0 66014 0 38547 
0 6067 6470604 0 0 6 0 0 0 66020 0 38553 
0 6068 6470605 0 0 8 0 0 0 66026 0 38559 
0 6069 6470607 0 0 6 0 0 0 66034 0 38567 
0 6070 6470608 0 0 8 0 0 0 66040 0 38573 
0 6071 6470609 0 0 8 0 0 0 66048 0 38581 
0 6072 6470610 0 0 8 0 0 0 66056 0 38589 
0 6073 6470611 0 0 8 0 0 0 66064 0 38597 
0 6074 6470612 0 0 8 0 0 0 66072 0 38605 
0 6075 6470613 0 0 8 0 0 0 66080 0 38613 
0 6076 6470614 0 0 8 0 0 0 65509 0 38621 
0 6077 6470615 0 0 8 0 0 0 65140 0 38629 
0 6078 6470616 0 0 8 0 0 0 65148 0 38637 
0 6079 6470617 0 0 8 0 0 0 65156 0 38645 
0 6080 6470618 0 0 8 0 0 0 65164 0 38653 
0 6081 6470619 0 0 8 0 0 0 65172 0 38661 
0 6082 6470620 0 0 8 0 0 0 65180 0 38669 
0 6083 6470621 0 0 8 0 0 0 65188 0 38677 
0 6084 6470622 0 0 8 0 0 0 65196 0 38685 
0 6085 6470623 0 0 8 0 0 0 65204 0 38693 
0 6086 6470640 0 0 6 0 0 0 65212 0 38701 
0 6087 6470641 0 0 8 0 0 0 65218 0 38707 
0 6088 6470643 0 0 6 0 0 0 65134 0 38715 
0 6089 6470644 0 0 6 0 0 0 65233 0 38721 
0 6090 6470645 0 0 8 0 0 0 65239 0 38727 
0 6091 6470647 0 0 6 0 0 0 65247 0 38735 
0 6092 6470648 0 0 6 0 0 0 65253 0 38741 
0 6093 6470649 0 0 8 0 0 0 65259 0 38747 
0 6094 6470651 0 0 6 0 0 0 65267 0 38755 
0 6095 6470652 0 0 6 0 0 0 65273 0 38761 
0 6096 6470653 0 0 8 0 0 0 65279 0 38767 
0 6097 6470655 0 0 6 0 0 0 65287 0 38775 
0 6098 6471616 0 0 5 0 0 0 65293 0 38781 
0 6099 6471617 0 0 7 0 0 0 65298 0 38786 
0 6100 6471619 0 0 5 0 0 0 65052 0 38793 
0 6101 6471620 0 0 5 0 0 0 64980 0 38798 
0 6102 6471621 0 0 7 0 0 0 64985 0 38803 
0 6103 6471623 0 0 5 0 0 0 64992 0 38810 
0 6104 6471624 0 0 5 0 0 0 64997 0 38815 
0 6105 6471625 0 0 7 0 0 0 65002 0 38820 
0 6106 6471627 0 0 5 0 0 0 65009 0 38827 
0 6107 6471628 0 0 5 0 0 0 65014 0 38832 
0 6108 6471629 0 0 7 0 0 0 65019 0 38837 
0 6109 6471631 0 0 5 0 0 0 65026 0 38844 
0 6110 6471632 0 0 7 0 0 0 65031 0 38849 
0 6111 6471633 0 0 7 0 0 0 65038 0 38856 
0 6112 6471634 0 0 7 0 0 0 65045 0 38863 
0 6113 6471635 0 0 7 0 0 0 64973 0 38870 
0 6114 6471636 0 0 7 0 0 0 65057 0 38877 
0 6115 6471637 0 0 7 0 0 0 65064 0 38884 
0 6116 6471638 0 0 7 0 0 0 65071 0 38891 
0 6117 6471639 0 0 7 0 0 0 65078 0 38898 
0 6118 6471640 0 0 7 0 0 0 65085 0 38905 
0 6119 6471641 0 0 7 0 0 0 65092 0 38912 
0 6120 6471642 0 0 7 0 0 0 65099 0 38919 
0 6121 6471643 0 0 7 0 0 0 65106 0 38926 
0 6122 6471644 0 0 7 0 0 0 65113 0 38933 
0 6123 6471645 0 0 7 0 0 0 65120 0 38940 
0 6124 6471646 0 0 7 0 0 0 65127 0 38947 
0 6125 6471647 0 0 7 0 0 0 65226 0 38954 
0 6126 6471664 0 0 5 0 0 0 65446 0 38961 
0 6127 6471665 0 0 7 0 0 0 65451 0 38966 
0 6128 6471667 0 0 5 0 0 0 65458 0 38973 
0 6129 6471668 0 0 5 0 0 0 65463 0 38978 
0 6130 6471669 0 0 7 0 0 0 65468 0 38983 
0 6131 6471671 0 0 5 0 0 0 65475 0 38990 
0 6132 6471672 0 0 5 0 0 0 65480 0 38995 
0 6133 6471673 0 0 7 0 0 0 65485 0 39000 
0 6134 6471675 0 0 5 0 0 0 65492 0 39007 
0 6135 6471676 0 0 5 0 0 0 65497 0 39012 
0 6136 6471677 0 0 7 0 0 0 65502 0 39017 
0 6137 6471679 0 0 5 0 0 0 65441 0 39024 
0 6138 6480387 0 0 3 0 0 0 65517 0 39029 
0 6139 6480388 0 0 2 0 0 0 65520 0 39032 
0 6140 6480389 0 0 4 0 0 0 65522 0 39034 
0 6141 6480391 0 0 4 0 0 0 65526 0 39038 
0 6142 6480395 0 0 4 0 0 0 65530 0 39042 
0 6143 6480396 0 0 5 0 0 0 65534 0 39046 
0 6144 6480397 0 0 7 0 0 0 65539 0 39051 
0 6145 6480399 0 0 5 0 0 0 65546 0 39058 
0 6146 6480402 0 0 3 0 0 0 65551 0 39063 
0 6147 6480403 0 0 6 0 0 0 65554 0 39066 
0 6148 6480406 0 0 7 0 0 0 65560 0 39072 
0 6149 6480407 0 0 7 0 0 0 65374 0 39079 
0 6150 6480410 0 0 3 0 0 0 65312 0 39086 
0 6151 6480411 0 0 6 0 0 0 65315 0 39089 
0 6152 6480412 0 0 5 0 0 0 65321 0 39095 
0 6153 6480413 0 0 5 0 0 0 65326 0 39100 
0 6154 6480414 0 0 7 0 0 0 65331 0 39105 
0 6155 6480415 0 0 7 0 0 0 65338 0 39112 
0 6156 6480433 0 0 7 0 0 0 65345 0 39119 
0 6157 6480435 0 0 5 0 0 0 65352 0 39126 
0 6158 6480436 0 0 5 0 0 0 65357 0 39131 
0 6159 6480437 0 0 7 0 0 0 65362 0 39136 
0 6160 6480439 0 0 5 0 0 0 65369 0 39143 
0 6161 6480441 0 0 7 0 0 0 65305 0 39148 
0 6162 6480443 0 0 5 0 0 0 65381 0 39155 
0 6163 6480444 0 0 5 0 0 0 65386 0 39160 
0 6164 6480445 0 0 7 0 0 0 65391 0 39165 
0 6165 6480447 0 0 5 0 0 0 65398 0 39172 
0 6166 6480459 0 0 4 0 0 0 65403 0 39177 
0 6167 6480460 0 0 5 0 0 0 65407 0 39181 
0 6168 6480461 0 0 7 0 0 0 65412 0 39186 
0 6169 6480463 0 0 5 0 0 0 65419 0 39193 
0 6170 6480467 0 0 7 0 0 0 65424 0 39198 
0 6171 6480468 0 0 5 0 0 0 65431 0 39205 
0 6172 6480469 0 0 5 0 0 0 65436 0 39210 
0 6173 6480470 0 0 8 0 0 0 39965 0 39215 
0 6174 6480471 0 0 8 0 0 0 14034 0 39223 
0 6175 6480475 0 0 7 0 0 0 14042 0 39231 
0 6176 6480476 0 0 8 0 0 0 14049 0 39238 
0 6177 6480477 0 0 8 0 0 0 14057 0 39246 
0 6178 6480478 0 0 8 0 0 0 14065 0 39254 
0 6179 6480479 0 0 8 0 0 0 14073 0 39262 
0 6180 6480497 0 0 4 0 0 0 14081 0 39270 
0 6181 6480499 0 0 6 0 0 0 14085 0 39274 
0 6182 6480500 0 0 6 0 0 0 14091 0 39280 
0 6183 6480501 0 0 8 0 0 0 14097 0 39286 
0 6184 6480503 0 0 6 0 0 0 14105 0 39294 
0 6185 6480505 0 0 4 0 0 0 14030 0 39300 
0 6186 6480507 0 0 6 0 0 0 14119 0 39304 
0 6187 6480508 0 0 6 0 0 0 14125 0 39310 
0 6188 6480509 0 0 8 0 0 0 14131 0 39316 
0 6189 6480511 0 0 6 0 0 0 14139 0 39324 
0 6190 6480530 0 0 6 0 0 0 14145 0 39330 
0 6191 6480531 0 0 6 0 0 0 14151 0 39336 
0 6192 6480534 0 0 7 0 0 0 14157 0 39342 
0 6193 6480535 0 0 7 0 0 0 14164 0 39349 
0 6194 6480538 0 0 7 0 0 0 14171 0 39356 
0 6195 6480539 0 0 7 0 0 0 14178 0 39363 
0 6196 6480542 0 0 8 0 0 0 14185 0 39370 
0 6197 6480543 0 0 8 0 0 0 13934 0 39378 
0 6198 6480545 0 0 4 0 0 0 13863 0 39386 
0 6199 6480547 0 0 5 0 0 0 13867 0 39390 
0 6200 6480548 0 0 5 0 0 0 13872 0 39395 
0 6201 6480549 0 0 8 0 0 0 13877 0 39400 
0 6202 6480551 0 0 5 0 0 0 13885 0 39408 
0 6203 6480553 0 0 4 0 0 0 13890 0 39413 
0 6204 6480554 0 0 8 0 0 0 13894 0 39417 
0 6205 6480555 0 0 8 0 0 0 13902 0 39425 
0 6206 6480556 0 0 8 0 0 0 13910 0 39433 
0 6207 6480557 0 0 8 0 0 0 13918 0 39441 
0 6208 6480558 0 0 8 0 0 0 13926 0 39449 
0 6209 6480559 0 0 8 0 0 0 13855 0 39457 
0 6210 6480562 0 0 8 0 0 0 13942 0 39465 
0 6211 6480563 0 0 8 0 0 0 13950 0 39473 
0 6212 6480564 0 0 8 0 0 0 13958 0 39481 
0 6213 6480565 0 0 8 0 0 0 13966 0 39489 
0 6214 6480566 0 0 8 0 0 0 13974 0 39497 
0 6215 6480567 0 0 8 0 0 0 13982 0 39505 
0 6216 6480569 0 0 8 0 0 0 13990 0 39513 
0 6217 6480570 0 0 8 0 0 0 13998 0 39521 
0 6218 6480571 0 0 8 0 0 0 14006 0 39529 
0 6219 6480572 0 0 8 0 0 0 14014 0 39537 
0 6220 6480573 0 0 8 0 0 0 14022 0 39545 
0 6221 6480574 0 0 8 0 0 0 14111 0 39553 
0 6222 6480575 0 0 8 0 0 0 14338 0 39561 
0 6223 6480602 0 0 6 0 0 0 14346 0 39569 
0 6224 6480603 0 0 6 0 0 0 14352 0 39575 
0 6225 6480604 0 0 5 0 0 0 14358 0 39581 
0 6226 6480605 0 0 5 0 0 0 14363 0 39586 
0 6227 6480606 0 0 7 0 0 0 14368 0 39591 
0 6228 6480607 0 0 7 0 0 0 14375 0 39598 
0 6229 6480619 0 0 5 0 0 0 14382 0 39605 
0 6230 6480620 0 0 5 0 0 0 14387 0 39610 
0 6231 6480621 0 0 8 0 0 0 14392 0 39615 
0 6232 6480623 0 0 5 0 0 0 14400 0 39623 
0 6233 6480625 0 0 4 0 0 0 14334 0 39628 
0 6234 6480626 0 0 8 0 0 0 14410 0 39632 
0 6235 6480627 0 0 8 0 0 0 14418 0 39640 
0 6236 6480628 0 0 8 0 0 0 14426 0 39648 
0 6237 6480629 0 0 8 0 0 0 14434 0 39656 
0 6238 6480630 0 0 8 0 0 0 14442 0 39664 
0 6239 6480631 0 0 8 0 0 0 14450 0 39672 
0 6240 6480633 0 0 4 0 0 0 14458 0 39680 
0 6241 6480634 0 0 8 0 0 0 14462 0 39684 
0 6242 6480635 0 0 8 0 0 0 14470 0 39692 
0 6243 6480636 0 0 8 0 0 0 14478 0 39700 
0 6244 6480637 0 0 8 0 0 0 14486 0 39708 
0 6245 6480638 0 0 8 0 0 0 14269 0 39716 
0 6246 6480639 0 0 8 0 0 0 14201 0 39724 
0 6247 6480816 0 0 5 0 0 0 14209 0 39732 
0 6248 6480817 0 0 7 0 0 0 14214 0 39737 
0 6249 6480819 0 0 5 0 0 0 14221 0 39744 
0 6250 6480820 0 0 5 0 0 0 14226 0 39749 
0 6251 6480821 0 0 7 0 0 0 14231 0 39754 
0 6252 6480823 0 0 5 0 0 0 14238 0 39761 
0 6253 6480824 0 0 6 0 0 0 14243 0 39766 
0 6254 6480825 0 0 8 0 0 0 14249 0 39772 
0 6255 6480827 0 0 6 0 0 0 14257 0 39780 
0 6256 6480828 0 0 6 0 0 0 14263 0 39786 
0 6257 6480829 0 0 8 0 0 0 14193 0 39792 
0 6258 6480831 0 0 6 0 0 0 14277 0 39800 
0 6259 6480888 0 0 5 0 0 0 14283 0 39806 
0 6260 6480889 0 0 7 0 0 0 14288 0 39811 
0 6261 6480891 0 0 5 0 0 0 14295 0 39818 
0 6262 6480892 0 0 5 0 0 0 14300 0 39823 
0 6263 6480893 0 0 7 0 0 0 14305 0 39828 
0 6264 6480895 0 0 5 0 0 0 14312 0 39835 
0 6265 6481483 0 0 3 0 0 0 14317 0 39840 
0 6266 6481484 0 0 4 0 0 0 14320 0 39843 
0 6267 6481485 0 0 6 0 0 0 14324 0 39847 
0 6268 6481487 0 0 4 0 0 0 14330 0 39853 
0 6269 6481490 0 0 6 0 0 0 13775 0 39857 
0 6270 6481491 0 0 6 0 0 0 13361 0 39863 
0 6271 6481492 0 0 7 0 0 0 13367 0 39869 
0 6272 6481493 0 0 7 0 0 0 13374 0 39876 
0 6273 6481494 0 0 7 0 0 0 13381 0 39883 
0 6274 6481495 0 0 7 0 0 0 13388 0 39890 
0 6275 6481498 0 0 6 0 0 0 13395 0 39897 
0 6276 6481499 0 0 6 0 0 0 13401 0 39903 
0 6277 6481500 0 0 7 0 0 0 13407 0 39909 
0 6278 6481501 0 0 7 0 0 0 13414 0 39916 
0 6279 6481502 0 0 7 0 0 0 13421 0 39923 
0 6280 6481503 0 0 7 0 0 0 13428 0 39930 
0 6281 6481520 0 0 3 0 0 0 13358 0 39937 
0 6282 6481521 0 0 7 0 0 0 13443 0 39940 
0 6283 6481523 0 0 5 0 0 0 13450 0 39947 
0 6284 6481524 0 0 5 0 0 0 13455 0 39952 
0 6285 6481525 0 0 7 0 0 0 13460 0 39957 
0 6286 6481527 0 0 5 0 0 0 13467 0 39964 
0 6287 6481528 0 0 3 0 0 0 13472 0 39969 
0 6288 6481529 0 0 7 0 0 0 13475 0 39972 
0 6289 6481531 0 0 5 0 0 0 13482 0 39979 
0 6290 6481532 0 0 5 0 0 0 13487 0 39984 
0 6291 6481533 0 0 7 0 0 0 13492 0 39989 
0 6292 6481535 0 0 5 0 0 0 13499 0 39996 
0 6293 6481554 0 0 6 0 0 0 13267 0 40001 
0 6294 6481555 0 0 6 0 0 0 13189 0 40007 
0 6295 6481558 0 0 7 0 0 0 13195 0 40013 
0 6296 6481559 0 0 7 0 0 0 13202 0 40020 
0 6297 6481562 0 0 7 0 0 0 13209 0 40027 
0 6298 6481563 0 0 7 0 0 0 13216 0 40034 
0 6299 6481564 0 0 5 0 0 0 13223 0 40041 
0 6300 6481565 0 0 5 0 0 0 13228 0 40046 
0 6301 6481566 0 0 8 0 0 0 13233 0 40051 
0 6302 6481567 0 0 8 0 0 0 13241 0 40059 
0 6303 6481568 0 0 5 0 0 0 13249 0 40067 
0 6304 6481569 0 0 8 0 0 0 13254 0 40072 
0 6305 6481571 0 0 5 0 0 0 13262 0 40080 
0 6306 6481572 0 0 5 0 0 0 13184 0 40085 
0 6307 6481573 0 0 8 0 0 0 13273 0 40090 
0 6308 6481575 0 0 5 0 0 0 13281 0 40098 
0 6309 6481576 0 0 8 0 0 0 13286 0 40103 
0 6310 6481577 0 0 8 0 0 0 13294 0 40111 
0 6311 6481578 0 0 8 0 0 0 13302 0 40119 
0 6312 6481579 0 0 8 0 0 0 13310 0 40127 
0 6313 6481580 0 0 8 0 0 0 13318 0 40135 
0 6314 6481581 0 0 8 0 0 0 13326 0 40143 
0 6315 6481582 0 0 8 0 0 0 13334 0 40151 
0 6316 6481583 0 0 8 0 0 0 13342 0 40159 
0 6317 6481584 0 0 8 0 0 0 13350 0 40167 
0 6318 6481585 0 0 8 0 0 0 13435 0 40175 
0 6319 6481586 0 0 8 0 0 0 13687 0 40183 
0 6320 6481587 0 0 8 0 0 0 13695 0 40191 
0 6321 6481588 0 0 8 0 0 0 13703 0 40199 
0 6322 6481589 0 0 8 0 0 0 13711 0 40207 
0 6323 6481590 0 0 8 0 0 0 13719 0 40215 
0 6324 6481591 0 0 8 0 0 0 13727 0 40223 
0 6325 6481592 0 0 8 0 0 0 13735 0 40231 
0 6326 6481593 0 0 8 0 0 0 13743 0 40239 
0 6327 6481594 0 0 8 0 0 0 13751 0 40247 
0 6328 6481595 0 0 8 0 0 0 13759 0 40255 
0 6329 6481596 0 0 8 0 0 0 13767 0 40263 
0 6330 6481597 0 0 8 0 0 0 13679 0 40271 
0 6331 6481598 0 0 8 0 0 0 13781 0 40279 
0 6332 6481599 0 0 8 0 0 0 13789 0 40287 
0 6333 6481626 0 0 6 0 0 0 13797 0 40295 
0 6334 6481627 0 0 6 0 0 0 13803 0 40301 
0 6335 6481628 0 0 7 0 0 0 13809 0 40307 
0 6336 6481629 0 0 7 0 0 0 13816 0 40314 
0 6337 6481630 0 0 7 0 0 0 13823 0 40321 
0 6338 6481631 0 0 7 0 0 0 13830 0 40328 
0 6339 6481640 0 0 5 0 0 0 13837 0 40335 
0 6340 6481641 0 0 8 0 0 0 13842 0 40340 
0 6341 6481643 0 0 5 0 0 0 13850 0 40348 
0 6342 6481644 0 0 5 0 0 0 13597 0 40353 
0 6343 6481645 0 0 8 0 0 0 13512 0 40358 
0 6344 6481647 0 0 5 0 0 0 13520 0 40366 
0 6345 6481648 0 0 8 0 0 0 13525 0 40371 
0 6346 6481649 0 0 8 0 0 0 13533 0 40379 
0 6347 6481650 0 0 8 0 0 0 13541 0 40387 
0 6348 6481651 0 0 8 0 0 0 13549 0 40395 
0 6349 6481652 0 0 8 0 0 0 13557 0 40403 
0 6350 6481653 0 0 8 0 0 0 13565 0 40411 
0 6351 6481654 0 0 8 0 0 0 13573 0 40419 
0 6352 6481655 0 0 8 0 0 0 13581 0 40427 
0 6353 6481656 0 0 8 0 0 0 13589 0 40435 
0 6354 6481657 0 0 8 0 0 0 13504 0 40443 
0 6355 6481658 0 0 8 0 0 0 13602 0 40451 
0 6356 6481659 0 0 8 0 0 0 13610 0 40459 
0 6357 6481660 0 0 8 0 0 0 13618 0 40467 
0 6358 6481661 0 0 8 0 0 0 13626 0 40475 
0 6359 6481662 0 0 8 0 0 0 13634 0 40483 
0 6360 6481663 0 0 8 0 0 0 13642 0 40491 
0 6361 6481840 0 0 5 0 0 0 13650 0 40499 
0 6362 6481841 0 0 7 0 0 0 13655 0 40504 
0 6363 6481843 0 0 5 0 0 0 13662 0 40511 
0 6364 6481844 0 0 5 0 0 0 13667 0 40516 
0 6365 6481845 0 0 7 0 0 0 13672 0 40521 
0 6366 6481847 0 0 5 0 0 0 14405 0 40528 
0 6367 6481848 0 0 6 0 0 0 15339 0 40533 
0 6368 6481849 0 0 8 0 0 0 15345 0 40539 
0 6369 6481851 0 0 6 0 0 0 15353 0 40547 
0 6370 6481852 0 0 6 0 0 0 15359 0 40553 
0 6371 6481853 0 0 8 0 0 0 15365 0 40559 
0 6372 6481855 0 0 6 0 0 0 15373 0 40567 
0 6373 6481912 0 0 5 0 0 0 15379 0 40573 
0 6374 6481913 0 0 7 0 0 0 15384 0 40578 
0 6375 6481915 0 0 5 0 0 0 15391 0 40585 
0 6376 6481916 0 0 5 0 0 0 15396 0 40590 
0 6377 6481917 0 0 7 0 0 0 15401 0 40595 
0 6378 6481919 0 0 5 0 0 0 15334 0 40602 
0 6379 6482578 0 0 5 0 0 0 15415 0 40607 
0 6380 6482579 0 0 5 0 0 0 15420 0 40612 
0 6381 6482582 0 0 6 0 0 0 15425 0 40617 
0 6382 6482583 0 0 6 0 0 0 15431 0 40623 
0 6383 6482586 0 0 6 0 0 0 15437 0 40629 
0 6384 6482587 0 0 6 0 0 0 15443 0 40635 
0 6385 6482590 0 0 7 0 0 0 15449 0 40641 
0 6386 6482591 0 0 7 0 0 0 15456 0 40648 
0 6387 6482592 0 0 4 0 0 0 15463 0 40655 
0 6388 6482593 0 0 7 0 0 0 15467 0 40659 
0 6389 6482594 0 0 7 0 0 0 15474 0 40666 
0 6390 6482595 0 0 7 0 0 0 15253 0 40673 
0 6391 6482596 0 0 7 0 0 0 15176 0 40680 
0 6392 6482597 0 0 7 0 0 0 15183 0 40687 
0 6393 6482598 0 0 7 0 0 0 15190 0 40694 
0 6394 6482599 0 0 7 0 0 0 15197 0 40701 
0 6395 6482600 0 0 7 0 0 0 15204 0 40708 
0 6396 6482601 0 0 7 0 0 0 15211 0 40715 
0 6397 6482602 0 0 7 0 0 0 15218 0 40722 
0 6398 6482603 0 0 7 0 0 0 15225 0 40729 
0 6399 6482604 0 0 7 0 0 0 15232 0 40736 
0 6400 6482605 0 0 7 0 0 0 15239 0 40743 
0 6401 6482606 0 0 7 0 0 0 15246 0 40750 
0 6402 6482607 0 0 7 0 0 0 15169 0 40757 
0 6403 6482608 0 0 4 0 0 0 15260 0 40764 
0 6404 6482609 0 0 7 0 0 0 15264 0 40768 
0 6405 6482610 0 0 7 0 0 0 15271 0 40775 
0 6406 6482611 0 0 7 0 0 0 15278 0 40782 
0 6407 6482612 0 0 7 0 0 0 15285 0 40789 
0 6408 6482613 0 0 7 0 0 0 15292 0 40796 
0 6409 6482614 0 0 7 0 0 0 15299 0 40803 
0 6410 6482615 0 0 7 0 0 0 15306 0 40810 
0 6411 6482616 0 0 7 0 0 0 15313 0 40817 
0 6412 6482617 0 0 7 0 0 0 15320 0 40824 
0 6413 6482618 0 0 7 0 0 0 15327 0 40831 
0 6414 6482619 0 0 7 0 0 0 15408 0 40838 
0 6415 6482620 0 0 7 0 0 0 15666 0 40845 
0 6416 6482621 0 0 7 0 0 0 15673 0 40852 
0 6417 6482622 0 0 7 0 0 0 15680 0 40859 
0 6418 6482623 0 0 7 0 0 0 15687 0 40866 
0 6419 6482650 0 0 6 0 0 0 15694 0 40873 
0 6420 6482651 0 0 6 0 0 0 15700 0 40879 
0 6421 6482654 0 0 7 0 0 0 15706 0 40885 
0 6422 6482655 0 0 7 0 0 0 15713 0 40892 
0 6423 6482656 0 0 8 0 0 0 15720 0 40899 
0 6424 6482657 0 0 8 0 0 0 15728 0 40907 
0 6425 6482658 0 0 8 0 0 0 15736 0 40915 
0 6426 6482659 0 0 8 0 0 0 15658 0 40923 
0 6427 6482660 0 0 8 0 0 0 15752 0 40931 
0 6428 6482661 0 0 8 0 0 0 15760 0 40939 
0 6429 6482662 0 0 8 0 0 0 15768 0 40947 
0 6430 6482663 0 0 8 0 0 0 15776 0 40955 
0 6431 6482664 0 0 8 0 0 0 15784 0 40963 
0 6432 6482665 0 0 8 0 0 0 15792 0 40971 
0 6433 6482666 0 0 8 0 0 0 15800 0 40979 
0 6434 6482667 0 0 8 0 0 0 15808 0 40987 
0 6435 6482668 0 0 8 0 0 0 15816 0 40995 
0 6436 6482669 0 0 8 0 0 0 15824 0 41003 
0 6437 6482670 0 0 8 0 0 0 15832 0 41011 
0 6438 6482671 0 0 8 0 0 0 15577 0 41019 
0 6439 6482672 0 0 8 0 0 0 15489 0 41027 
0 6440 6482673 0 0 8 0 0 0 15497 0 41035 
0 6441 6482674 0 0 8 0 0 0 15505 0 41043 
0 6442 6482675 0 0 8 0 0 0 15513 0 41051 
0 6443 6482676 0 0 8 0 0 0 15521 0 41059 
0 6444 6482677 0 0 8 0 0 0 15529 0 41067 
0 6445 6482678 0 0 8 0 0 0 15537 0 41075 
0 6446 6482679 0 0 8 0 0 0 15545 0 41083 
0 6447 6482680 0 0 8 0 0 0 15553 0 41091 
0 6448 6482681 0 0 8 0 0 0 15561 0 41099 
0 6449 6482682 0 0 8 0 0 0 15569 0 41107 
0 6450 6482683 0 0 8 0 0 0 15481 0 41115 
0 6451 6482684 0 0 8 0 0 0 15585 0 41123 
0 6452 6482685 0 0 8 0 0 0 15593 0 41131 
0 6453 6482686 0 0 8 0 0 0 15601 0 41139 
0 6454 6482687 0 0 8 0 0 0 15609 0 41147 
0 6455 6482736 0 0 5 0 0 0 15617 0 41155 
0 6456 6482737 0 0 8 0 0 0 15622 0 41160 
0 6457 6482739 0 0 5 0 0 0 15630 0 41168 
0 6458 6482740 0 0 5 0 0 0 15635 0 41173 
0 6459 6482741 0 0 8 0 0 0 15640 0 41178 
0 6460 6482743 0 0 5 0 0 0 15648 0 41186 
0 6461 6482744 0 0 5 0 0 0 15653 0 41191 
0 6462 6482745 0 0 8 0 0 0 15084 0 41196 
0 6463 6482747 0 0 5 0 0 0 14689 0 41204 
0 6464 6482748 0 0 5 0 0 0 14694 0 41209 
0 6465 6482749 0 0 8 0 0 0 14699 0 41214 
0 6466 6482751 0 0 5 0 0 0 14707 0 41222 
0 6467 6482792 0 0 7 0 0 0 14712 0 41227 
0 6468 6482793 0 0 7 0 0 0 14719 0 41234 
0 6469 6482794 0 0 7 0 0 0 14726 0 41241 
0 6470 6482795 0 0 7 0 0 0 14733 0 41248 
0 6471 6482796 0 0 7 0 0 0 14740 0 41255 
0 6472 6482797 0 0 7 0 0 0 14747 0 41262 
0 6473 6482798 0 0 7 0 0 0 14754 0 41269 
0 6474 6482799 0 0 7 0 0 0 14682 0 41276 
0 6475 6482800 0 0 8 0 0 0 14768 0 41283 
0 6476 6482801 0 0 8 0 0 0 14776 0 41291 
0 6477 6482802 0 0 8 0 0 0 14784 0 41299 
0 6478 6482803 0 0 8 0 0 0 14792 0 41307 
0 6479 6482804 0 0 8 0 0 0 14800 0 41315 
0 6480 6482805 0 0 8 0 0 0 14808 0 41323 
0 6481 6482806 0 0 8 0 0 0 14816 0 41331 
0 6482 6482807 0 0 8 0 0 0 14824 0 41339 
0 6483 6482808 0 0 8 0 0 0 14832 0 41347 
0 6484 6482809 0 0 8 0 0 0 14840 0 41355 
0 6485 6482810 0 0 8 0 0 0 14848 0 41363 
0 6486 6482811 0 0 8 0 0 0 14590 0 41371 
0 6487 6482812 0 0 8 0 0 0 14502 0 41379 
0 6488 6482813 0 0 8 0 0 0 14510 0 41387 
0 6489 6482814 0 0 8 0 0 0 14518 0 41395 
0 6490 6482815 0 0 8 0 0 0 14526 0 41403 
0 6491 6482864 0 0 7 0 0 0 14534 0 41411 
0 6492 6482865 0 0 7 0 0 0 14541 0 41418 
0 6493 6482866 0 0 7 0 0 0 14548 0 41425 
0 6494 6482867 0 0 7 0 0 0 14555 0 41432 
0 6495 6482868 0 0 7 0 0 0 14562 0 41439 
0 6496 6482869 0 0 7 0 0 0 14569 0 41446 
0 6497 6482870 0 0 7 0 0 0 14576 0 41453 
0 6498 6482871 0 0 7 0 0 0 14583 0 41460 
0 6499 6482872 0 0 8 0 0 0 14494 0 41467 
0 6500 6482873 0 0 8 0 0 0 14598 0 41475 
0 6501 6482874 0 0 8 0 0 0 14606 0 41483 
0 6502 6482875 0 0 8 0 0 0 14614 0 41491 
0 6503 6482876 0 0 8 0 0 0 14622 0 41499 
0 6504 6482877 0 0 8 0 0 0 14630 0 41507 
0 6505 6482878 0 0 8 0 0 0 14638 0 41515 
0 6506 6482879 0 0 8 0 0 0 14646 0 41523 
0 6507 6482936 0 0 7 0 0 0 14654 0 41531 
0 6508 6482937 0 0 7 0 0 0 14661 0 41538 
0 6509 6482938 0 0 7 0 0 0 14668 0 41545 
0 6510 6482939 0 0 7 0 0 0 14675 0 41552 
0 6511 6482940 0 0 7 0 0 0 14761 0 41559 
0 6512 6482941 0 0 7 0 0 0 15019 0 41566 
0 6513 6482942 0 0 7 0 0 0 15026 0 41573 
0 6514 6482943 0 0 7 0 0 0 15033 0 41580 
0 6515 6483674 0 0 5 0 0 0 15040 0 41587 
0 6516 6483675 0 0 5 0 0 0 15045 0 41592 
0 6517 6483676 0 0 4 0 0 0 15050 0 41597 
0 6518 6483677 0 0 4 0 0 0 15054 0 41601 
0 6519 6483678 0 0 6 0 0 0 15058 0 41605 
0 6520 6483679 0 0 6 0 0 0 15064 0 41611 
0 6521 6483688 0 0 7 0 0 0 15070 0 41617 
0 6522 6483689 0 0 7 0 0 0 15077 0 41624 
0 6523 6483690 0 0 7 0 0 0 15012 0 41631 
0 6524 6483691 0 0 7 0 0 0 15092 0 41638 
0 6525 6483692 0 0 7 0 0 0 15099 0 41645 
0 6526 6483693 0 0 7 0 0 0 15106 0 41652 
0 6527 6483694 0 0 7 0 0 0 15113 0 41659 
0 6528 6483695 0 0 7 0 0 0 15120 0 41666 
0 6529 6483696 0 0 7 0 0 0 15127 0 41673 
0 6530 6483697 0 0 7 0 0 0 15134 0 41680 
0 6531 6483698 0 0 7 0 0 0 15141 0 41687 
0 6532 6483699 0 0 7 0 0 0 15148 0 41694 
0 6533 6483700 0 0 7 0 0 0 15155 0 41701 
0 6534 6483701 0 0 7 0 0 0 15162 0 41708 
0 6535 6483702 0 0 7 0 0 0 14937 0 41715 
0 6536 6483703 0 0 7 0 0 0 14861 0 41722 
0 6537 6483704 0 0 7 0 0 0 14868 0 41729 
0 6538 6483705 0 0 7 0 0 0 14875 0 41736 
0 6539 6483706 0 0 7 0 0 0 14882 0 41743 
0 6540 6483707 0 0 7 0 0 0 14889 0 41750 
0 6541 6483708 0 0 7 0 0 0 14896 0 41757 
0 6542 6483709 0 0 7 0 0 0 14903 0 41764 
0 6543 6483710 0 0 7 0 0 0 14910 0 41771 
0 6544 6483711 0 0 7 0 0 0 14917 0 41778 
0 6545 6483824 0 0 5 0 0 0 14924 0 41785 
0 6546 6483825 0 0 8 0 0 0 14929 0 41790 
0 6547 6483827 0 0 5 0 0 0 14856 0 41798 
0 6548 6483828 0 0 5 0 0 0 14944 0 41803 
0 6549 6483829 0 0 8 0 0 0 14949 0 41808 
0 6550 6483831 0 0 5 0 0 0 14957 0 41816 
0 6551 6483832 0 0 5 0 0 0 14962 0 41821 
0 6552 6483833 0 0 8 0 0 0 14967 0 41826 
0 6553 6483835 0 0 5 0 0 0 14975 0 41834 
0 6554 6483836 0 0 5 0 0 0 14980 0 41839 
0 6555 6483837 0 0 8 0 0 0 14985 0 41844 
0 6556 6483839 0 0 5 0 0 0 14993 0 41852 
0 6557 6483888 0 0 7 0 0 0 14998 0 41857 
0 6558 6483889 0 0 7 0 0 0 15005 0 41864 
0 6559 6483890 0 0 7 0 0 0 13101 0 41871 
0 6560 6483891 0 0 7 0 0 0 11393 0 41878 
0 6561 6483892 0 0 7 0 0 0 11400 0 41885 
0 6562 6483893 0 0 7 0 0 0 11407 0 41892 
0 6563 6483894 0 0 7 0 0 0 11414 0 41899 
0 6564 6483895 0 0 7 0 0 0 11421 0 41906 
0 6565 6483896 0 0 8 0 0 0 11428 0 41913 
0 6566 6483897 0 0 8 0 0 0 11436 0 41921 
0 6567 6483898 0 0 8 0 0 0 11444 0 41929 
0 6568 6483899 0 0 8 0 0 0 11452 0 41937 
0 6569 6483900 0 0 8 0 0 0 11460 0 41945 
0 6570 6483901 0 0 8 0 0 0 11468 0 41953 
0 6571 6483902 0 0 8 0 0 0 11385 0 41961 
0 6572 6483903 0 0 8 0 0 0 11481 0 41969 
0 6573 6483960 0 0 7 0 0 0 11489 0 41977 
0 6574 6483961 0 0 7 0 0 0 11496 0 41984 
0 6575 6483962 0 0 7 0 0 0 11503 0 41991 
0 6576 6483963 0 0 7 0 0 0 11510 0 41998 
0 6577 6483964 0 0 7 0 0 0 11517 0 42005 
0 6578 6483965 0 0 7 0 0 0 11524 0 42012 
0 6579 6483966 0 0 7 0 0 0 11531 0 42019 
0 6580 6483967 0 0 7 0 0 0 11538 0 42026 
0 6581 6486960 0 0 4 0 0 0 11545 0 42033 
0 6582 6486961 0 0 6 0 0 0 11549 0 42037 
0 6583 6486963 0 0 4 0 0 0 11328 0 42043 
0 6584 6486964 0 0 4 0 0 0 11268 0 42047 
0 6585 6486965 0 0 6 0 0 0 11272 0 42051 
0 6586 6486967 0 0 4 0 0 0 11278 0 42057 
0 6587 6486968 0 0 5 0 0 0 11282 0 42061 
0 6588 6486969 0 0 7 0 0 0 11287 0 42066 
0 6589 6486971 0 0 5 0 0 0 11294 0 42073 
0 6590 6486972 0 0 5 0 0 0 11299 0 42078 
0 6591 6486973 0 0 7 0 0 0 11304 0 42083 
0 6592 6486975 0 0 5 0 0 0 11311 0 42090 
0 6593 6487032 0 0 5 0 0 0 11316 0 42095 
0 6594 6487033 0 0 7 0 0 0 11321 0 42100 
0 6595 6487035 0 0 5 0 0 0 11263 0 42107 
0 6596 6487036 0 0 5 0 0 0 11332 0 42112 
0 6597 6487037 0 0 7 0 0 0 11337 0 42117 
0 6598 6487039 0 0 5 0 0 0 11344 0 42124 
0 6599 6488056 0 0 4 0 0 0 11349 0 42129 
0 6600 6488057 0 0 6 0 0 0 11353 0 42133 
0 6601 6488059 0 0 4 0 0 0 11359 0 42139 
0 6602 6488060 0 0 4 0 0 0 11363 0 42143 
0 6603 6488061 0 0 6 0 0 0 11367 0 42147 
0 6604 6488063 0 0 4 0 0 0 11373 0 42153 
0 6605 6528504 0 0 4 0 0 0 11377 0 42157 
0 6606 6528505 0 0 4 0 0 0 11381 0 42161 
0 6607 6528506 0 0 5 0 0 0 11476 0 42165 
0 6608 6528507 0 0 5 0 0 0 11714 0 42170 
0 6609 6528510 0 0 4 0 0 0 11719 0 42175 
0 6610 6528511 0 0 4 0 0 0 11723 0 42179 
0 6611 6528728 0 0 5 0 0 0 11727 0 42183 
0 6612 6528729 0 0 5 0 0 0 11732 0 42188 
0 6613 6528730 0 0 6 0 0 0 11737 0 42193 
0 6614 6528731 0 0 6 0 0 0 11743 0 42199 
0 6615 6528734 0 0 5 0 0 0 11749 0 42205 
0 6616 6528735 0 0 5 0 0 0 11754 0 42210 
0 6617 6528736 0 0 6 0 0 0 11759 0 42215 
0 6618 6528737 0 0 6 0 0 0 11765 0 42221 
0 6619 6528738 0 0 7 0 0 0 11707 0 42227 
0 6620 6528739 0 0 7 0 0 0 11778 0 42234 
0 6621 6528742 0 0 6 0 0 0 11785 0 42241 
0 6622 6528743 0 0 6 0 0 0 11791 0 42247 
0 6623 6528744 0 0 7 0 0 0 11797 0 42253 
0 6624 6528745 0 0 7 0 0 0 11804 0 42260 
0 6625 6528746 0 0 7 0 0 0 11811 0 42267 
0 6626 6528747 0 0 7 0 0 0 11818 0 42274 
0 6627 6528748 0 0 7 0 0 0 11825 0 42281 
0 6628 6528749 0 0 7 0 0 0 11832 0 42288 
0 6629 6528750 0 0 7 0 0 0 11839 0 42295 
0 6630 6528751 0 0 7 0 0 0 11846 0 42302 
0 6631 6528760 0 0 6 0 0 0 11626 0 42309 
0 6632 6528761 0 0 6 0 0 0 11562 0 42315 
0 6633 6528762 0 0 7 0 0 0 11568 0 42321 
0 6634 6528763 0 0 7 0 0 0 11575 0 42328 
0 6635 6528766 0 0 6 0 0 0 11582 0 42335 
0 6636 6528767 0 0 6 0 0 0 11588 0 42341 
0 6637 6528800 0 0 5 0 0 0 11594 0 42347 
0 6638 6528801 0 0 5 0 0 0 11599 0 42352 
0 6639 6528802 0 0 6 0 0 0 11604 0 42357 
0 6640 6528803 0 0 6 0 0 0 11610 0 42363 
0 6641 6528806 0 0 5 0 0 0 11616 0 42369 
0 6642 6528807 0 0 5 0 0 0 11621 0 42374 
0 6643 6528808 0 0 7 0 0 0 11555 0 42379 
0 6644 6528809 0 0 7 0 0 0 11632 0 42386 
0 6645 6528810 0 0 7 0 0 0 11639 0 42393 
0 6646 6528811 0 0 7 0 0 0 11646 0 42400 
0 6647 6528812 0 0 7 0 0 0 11653 0 42407 
0 6648 6528813 0 0 7 0 0 0 11660 0 42414 
0 6649 6528814 0 0 7 0 0 0 11667 0 42421 
0 6650 6528815 0 0 7 0 0 0 11674 0 42428 
0 6651 6528824 0 0 6 0 0 0 11681 0 42435 
0 6652 6528825 0 0 6 0 0 0 11687 0 42441 
0 6653 6528826 0 0 7 0 0 0 11693 0 42447 
0 6654 6528827 0 0 7 0 0 0 11700 0 42454 
0 6655 6528830 0 0 6 0 0 0 11179 0 42461 
0 6656 6528831 0 0 6 0 0 0 10779 0 42467 
0 6657 6528872 0 0 6 0 0 0 10785 0 42473 
0 6658 6528873 0 0 6 0 0 0 10791 0 42479 
0 6659 6528874 0 0 6 0 0 0 10797 0 42485 
0 6660 6528875 0 0 6 0 0 0 10803 0 42491 
0 6661 6528876 0 0 6 0 0 0 10809 0 42497 
0 6662 6528877 0 0 6 0 0 0 10815 0 42503 
0 6663 6528878 0 0 6 0 0 0 10821 0 42509 
0 6664 6528879 0 0 6 0 0 0 10827 0 42515 
0 6665 6528880 0 0 5 0 0 0 10833 0 42521 
0 6666 6528881 0 0 5 0 0 0 10838 0 42526 
0 6667 6528882 0 0 7 0 0 0 10772 0 42531 
0 6668 6528883 0 0 7 0 0 0 10849 0 42538 
0 6669 6528886 0 0 5 0 0 0 10856 0 42545 
0 6670 6528887 0 0 5 0 0 0 10861 0 42550 
0 6671 6528888 0 0 7 0 0 0 10866 0 42555 
0 6672 6528889 0 0 7 0 0 0 10873 0 42562 
0 6673 6528890 0 0 7 0 0 0 10880 0 42569 
0 6674 6528891 0 0 7 0 0 0 10887 0 42576 
0 6675 6528892 0 0 7 0 0 0 10894 0 42583 
0 6676 6528893 0 0 7 0 0 0 10901 0 42590 
0 6677 6528894 0 0 7 0 0 0 10908 0 42597 
0 6678 6528895 0 0 7 0 0 0 10915 0 42604 
0 6679 6529016 0 0 5 0 0 0 10695 0 42611 
0 6680 6529017 0 0 5 0 0 0 10621 0 42616 
0 6681 6529018 0 0 6 0 0 0 10626 0 42621 
0 6682 6529019 0 0 6 0 0 0 10632 0 42627 
0 6683 6529022 0 0 5 0 0 0 10638 0 42633 
0 6684 6529023 0 0 5 0 0 0 10643 0 42638 
0 6685 6532866 0 0 8 0 0 0 10648 0 42643 
0 6686 6532867 0 0 8 0 0 0 10656 0 42651 
0 6687 6532870 0 0 7 0 0 0 10664 0 42659 
0 6688 6532871 0 0 7 0 0 0 10671 0 42666 
0 6689 6532874 0 0 6 0 0 0 10678 0 42673 
0 6690 6532875 0 0 6 0 0 0 10684 0 42679 
0 6691 6532876 0 0 5 0 0 0 10690 0 42685 
0 6692 6532877 0 0 5 0 0 0 10616 0 42690 
0 6693 6532878 0 0 8 0 0 0 10700 0 42695 
0 6694 6532879 0 0 8 0 0 0 10708 0 42703 
0 6695 6532894 0 0 5 0 0 0 10716 0 42711 
0 6696 6532895 0 0 5 0 0 0 10721 0 42716 
0 6697 6532896 0 0 5 0 0 0 10726 0 42721 
0 6698 6532897 0 0 5 0 0 0 10731 0 42726 
0 6699 6532898 0 0 8 0 0 0 10736 0 42731 
0 6700 6532899 0 0 8 0 0 0 10744 0 42739 
0 6701 6532902 0 0 7 0 0 0 10752 0 42747 
0 6702 6532903 0 0 7 0 0 0 10759 0 42754 
0 6703 6532906 0 0 6 0 0 0 10766 0 42761 
0 6704 6532907 0 0 6 0 0 0 10843 0 42767 
0 6705 6532908 0 0 5 0 0 0 11103 0 42773 
0 6706 6532909 0 0 5 0 0 0 11108 0 42778 
0 6707 6532910 0 0 8 0 0 0 11113 0 42783 
0 6708 6532911 0 0 8 0 0 0 11121 0 42791 
0 6709 6532926 0 0 5 0 0 0 11129 0 42799 
0 6710 6532927 0 0 5 0 0 0 11134 0 42804 
0 6711 6532930 0 0 8 0 0 0 11139 0 42809 
0 6712 6532931 0 0 8 0 0 0 11147 0 42817 
0 6713 6532932 0 0 8 0 0 0 11155 0 42825 
0 6714 6532933 0 0 8 0 0 0 11163 0 42833 
0 6715 6532934 0 0 8 0 0 0 11171 0 42841 
0 6716 6532935 0 0 8 0 0 0 11095 0 42849 
0 6717 6532938 0 0 6 0 0 0 11185 0 42857 
0 6718 6532939 0 0 6 0 0 0 11191 0 42863 
0 6719 6532940 0 0 8 0 0 0 11197 0 42869 
0 6720 6532941 0 0 8 0 0 0 11205 0 42877 
0 6721 6532942 0 0 8 0 0 0 11213 0 42885 
0 6722 6532943 0 0 8 0 0 0 11221 0 42893 
0 6723 6532948 0 0 6 0 0 0 11229 0 42901 
0 6724 6532949 0 0 6 0 0 0 11235 0 42907 
0 6725 6532950 0 0 8 0 0 0 11241 0 42913 
0 6726 6532951 0 0 8 0 0 0 11249 0 42921 
0 6727 6532958 0 0 6 0 0 0 11257 0 42929 
0 6728 6532959 0 0 6 0 0 0 11010 0 42935 
0 6729 6532960 0 0 6 0 0 0 10930 0 42941 
0 6730 6532961 0 0 6 0 0 0 10936 0 42947 
0 6731 6532962 0 0 8 0 0 0 10942 0 42953 
0 6732 6532963 0 0 8 0 0 0 10950 0 42961 
0 6733 6532964 0 0 8 0 0 0 10958 0 42969 
0 6734 6532965 0 0 8 0 0 0 10966 0 42977 
0 6735 6532966 0 0 8 0 0 0 10974 0 42985 
0 6736 6532967 0 0 8 0 0 0 10982 0 42993 
0 6737 6532970 0 0 6 0 0 0 10990 0 43001 
0 6738 6532971 0 0 6 0 0 0 10996 0 43007 
0 6739 6532972 0 0 8 0 0 0 11002 0 43013 
0 6740 6532973 0 0 8 0 0 0 10922 0 43021 
0 6741 6532974 0 0 8 0 0 0 11016 0 43029 
0 6742 6532975 0 0 8 0 0 0 11024 0 43037 
0 6743 6532980 0 0 6 0 0 0 11032 0 43045 
0 6744 6532981 0 0 6 0 0 0 11038 0 43051 
0 6745 6532982 0 0 8 0 0 0 11044 0 43057 
0 6746 6532983 0 0 8 0 0 0 11052 0 43065 
0 6747 6532990 0 0 6 0 0 0 11060 0 43073 
0 6748 6532991 0 0 6 0 0 0 11066 0 43079 
0 6749 6533058 0 0 8 0 0 0 11072 0 43085 
0 6750 6533059 0 0 8 0 0 0 11080 0 43093 
0 6751 6533062 0 0 7 0 0 0 11088 0 43101 
0 6752 6533063 0 0 7 0 0 0 11771 0 43108 
0 6753 6533066 0 0 6 0 0 0 12711 0 43115 
0 6754 6533067 0 0 6 0 0 0 12717 0 43121 
0 6755 6533068 0 0 5 0 0 0 12723 0 43127 
0 6756 6533069 0 0 5 0 0 0 12728 0 43132 
0 6757 6533070 0 0 8 0 0 0 12733 0 43137 
0 6758 6533071 0 0 8 0 0 0 12741 0 43145 
0 6759 6533086 0 0 5 0 0 0 12749 0 43153 
0 6760 6533087 0 0 5 0 0 0 12754 0 43158 
0 6761 6533088 0 0 5 0 0 0 12759 0 43163 
0 6762 6533089 0 0 5 0 0 0 12764 0 43168 
0 6763 6533090 0 0 8 0 0 0 12769 0 43173 
0 6764 6533091 0 0 8 0 0 0 12703 0 43181 
0 6765 6533094 0 0 7 0 0 0 12785 0 43189 
0 6766 6533095 0 0 7 0 0 0 12792 0 43196 
0 6767 6533098 0 0 6 0 0 0 12799 0 43203 
0 6768 6533099 0 0 6 0 0 0 12805 0 43209 
0 6769 6533100 0 0 5 0 0 0 12811 0 43215 
0 6770 6533101 0 0 5 0 0 0 12816 0 43220 
0 6771 6533102 0 0 8 0 0 0 12821 0 43225 
0 6772 6533103 0 0 8 0 0 0 12829 0 43233 
0 6773 6533118 0 0 5 0 0 0 12837 0 43241 
0 6774 6533119 0 0 5 0 0 0 12842 0 43246 
0 6775 6533952 0 0 2 0 0 0 12847 0 43251 
0 6776 6533953 0 0 8 0 0 0 12619 0 43253 
0 6777 6533954 0 0 4 0 0 0 12543 0 43261 
0 6778 6533955 0 0 8 0 0 0 12547 0 43265 
0 6779 6533956 0 0 8 0 0 0 12555 0 43273 
0 6780 6533957 0 0 8 0 0 0 12563 0 43281 
0 6781 6533958 0 0 8 0 0 0 12571 0 43289 
0 6782 6533959 0 0 8 0 0 0 12579 0 43297 
0 6783 6533961 0 0 8 0 0 0 12587 0 43305 
0 6784 6533963 0 0 8 0 0 0 12595 0 43313 
0 6785 6533964 0 0 4 0 0 0 12603 0 43321 
0 6786 6533965 0 0 8 0 0 0 12607 0 43325 
0 6787 6533966 0 0 4 0 0 0 12615 0 43333 
0 6788 6533967 0 0 8 0 0 0 12535 0 43337 
0 6789 6533968 0 0 4 0 0 0 12627 0 43345 
0 6790 6533969 0 0 8 0 0 0 12631 0 43349 
0 6791 6533970 0 0 4 0 0 0 12639 0 43357 
0 6792 6533971 0 0 8 0 0 0 12643 0 43361 
0 6793 6533972 0 0 8 0 0 0 12651 0 43369 
0 6794 6533973 0 0 8 0 0 0 12659 0 43377 
0 6795 6533974 0 0 8 0 0 0 12667 0 43385 
0 6796 6533975 0 0 8 0 0 0 12675 0 43393 
0 6797 6533977 0 0 8 0 0 0 12683 0 43401 
0 6798 6533979 0 0 8 0 0 0 12691 0 43409 
0 6799 6533980 0 0 4 0 0 0 12699 0 43417 
0 6800 6533981 0 0 8 0 0 0 12777 0 43421 
0 6801 6533982 0 0 4 0 0 0 13041 0 43429 
0 6802 6533983 0 0 8 0 0 0 13045 0 43433 
0 6803 6533985 0 0 4 0 0 0 13053 0 43441 
0 6804 6533987 0 0 4 0 0 0 13057 0 43445 
0 6805 6533989 0 0 8 0 0 0 13061 0 43449 
0 6806 6533991 0 0 8 0 0 0 13069 0 43457 
0 6807 6533997 0 0 4 0 0 0 13077 0 43465 
0 6808 6533999 0 0 4 0 0 0 13081 0 43469 
0 6809 6534001 0 0 4 0 0 0 13085 0 43473 
0 6810 6534003 0 0 4 0 0 0 13089 0 43477 
0 6811 6534005 0 0 8 0 0 0 13093 0 43481 
0 6812 6534007 0 0 8 0 0 0 13033 0 43489 
0 6813 6534013 0 0 4 0 0 0 13108 0 43497 
0 6814 6534015 0 0 4 0 0 0 13112 0 43501 
0 6815 6534080 0 0 7 0 0 0 13116 0 43505 
0 6816 6534081 0 0 7 0 0 0 13123 0 43512 
0 6817 6534082 0 0 8 0 0 0 13130 0 43519 
0 6818 6534083 0 0 8 0 0 0 13138 0 43527 
0 6819 6534086 0 0 7 0 0 0 13146 0 43535 
0 6820 6534087 0 0 7 0 0 0 13153 0 43542 
0 6821 6534088 0 0 8 0 0 0 13160 0 43549 
0 6822 6534089 0 0 8 0 0 0 13168 0 43557 
0 6823 6534090 0 0 8 0 0 0 13176 0 43565 
0 6824 6534091 0 0 8 0 0 0 12939 0 43573 
0 6825 6534092 0 0 8 0 0 0 12856 0 43581 
0 6826 6534093 0 0 8 0 0 0 12864 0 43589 
0 6827 6534094 0 0 8 0 0 0 12872 0 43597 
0 6828 6534095 0 0 8 0 0 0 12880 0 43605 
0 6829 6534104 0 0 7 0 0 0 12888 0 43613 
0 6830 6534105 0 0 7 0 0 0 12895 0 43620 
0 6831 6534106 0 0 8 0 0 0 12902 0 43627 
0 6832 6534107 0 0 8 0 0 0 12910 0 43635 
0 6833 6534110 0 0 7 0 0 0 12918 0 43643 
0 6834 6534111 0 0 7 0 0 0 12925 0 43650 
0 6835 6534112 0 0 7 0 0 0 12932 0 43657 
0 6836 6534113 0 0 7 0 0 0 12849 0 43664 
0 6837 6534114 0 0 8 0 0 0 12947 0 43671 
0 6838 6534115 0 0 8 0 0 0 12955 0 43679 
0 6839 6534118 0 0 7 0 0 0 12963 0 43687 
0 6840 6534119 0 0 7 0 0 0 12970 0 43694 
0 6841 6534120 0 0 8 0 0 0 12977 0 43701 
0 6842 6534121 0 0 8 0 0 0 12985 0 43709 
0 6843 6534122 0 0 8 0 0 0 12993 0 43717 
0 6844 6534123 0 0 8 0 0 0 13001 0 43725 
0 6845 6534124 0 0 8 0 0 0 13009 0 43733 
0 6846 6534125 0 0 8 0 0 0 13017 0 43741 
0 6847 6534126 0 0 8 0 0 0 13025 0 43749 
0 6848 6534127 0 0 8 0 0 0 12454 0 43757 
0 6849 6534136 0 0 7 0 0 0 12035 0 43765 
0 6850 6534137 0 0 7 0 0 0 12042 0 43772 
0 6851 6534138 0 0 8 0 0 0 12049 0 43779 
0 6852 6534139 0 0 8 0 0 0 12057 0 43787 
0 6853 6534142 0 0 7 0 0 0 12065 0 43795 
0 6854 6534143 0 0 7 0 0 0 12072 0 43802 
0 6855 6534977 0 0 7 0 0 0 12079 0 43809 
0 6856 6534978 0 0 7 0 0 0 12086 0 43816 
0 6857 6534979 0 0 7 0 0 0 12093 0 43823 
0 6858 6534980 0 0 7 0 0 0 12100 0 43830 
0 6859 6534981 0 0 7 0 0 0 12107 0 43837 
0 6860 6534982 0 0 7 0 0 0 12028 0 43844 
0 6861 6534983 0 0 7 0 0 0 12121 0 43851 
0 6862 6534984 0 0 7 0 0 0 12128 0 43858 
0 6863 6534985 0 0 7 0 0 0 12135 0 43865 
0 6864 6534986 0 0 7 0 0 0 12142 0 43872 
0 6865 6534987 0 0 7 0 0 0 12149 0 43879 
0 6866 6534988 0 0 7 0 0 0 12156 0 43886 
0 6867 6534989 0 0 7 0 0 0 12163 0 43893 
0 6868 6534990 0 0 7 0 0 0 12170 0 43900 
0 6869 6534991 0 0 7 0 0 0 12177 0 43907 
0 6870 6534992 0 0 7 0 0 0 12184 0 43914 
0 6871 6534993 0 0 7 0 0 0 12191 0 43921 
0 6872 6534994 0 0 7 0 0 0 11944 0 43928 
0 6873 6534995 0 0 7 0 0 0 11860 0 43935 
0 6874 6534996 0 0 7 0 0 0 11867 0 43942 
0 6875 6534997 0 0 7 0 0 0 11874 0 43949 
0 6876 6534998 0 0 7 0 0 0 11881 0 43956 
0 6877 6534999 0 0 7 0 0 0 11888 0 43963 
0 6878 6535000 0 0 7 0 0 0 11895 0 43970 
0 6879 6535001 0 0 7 0 0 0 11902 0 43977 
0 6880 6535002 0 0 7 0 0 0 11909 0 43984 
0 6881 6535003 0 0 7 0 0 0 11916 0 43991 
0 6882 6535004 0 0 7 0 0 0 11923 0 43998 
0 6883 6535005 0 0 7 0 0 0 11930 0 44005 
0 6884 6535006 0 0 7 0 0 0 11937 0 44012 
0 6885 6535007 0 0 7 0 0 0 11853 0 44019 
0 6886 6535008 0 0 7 0 0 0 11951 0 44026 
0 6887 6535009 0 0 7 0 0 0 11958 0 44033 
0 6888 6535010 0 0 7 0 0 0 11965 0 44040 
0 6889 6535011 0 0 7 0 0 0 11972 0 44047 
0 6890 6535012 0 0 7 0 0 0 11979 0 44054 
0 6891 6535013 0 0 7 0 0 0 11986 0 44061 
0 6892 6535014 0 0 7 0 0 0 11993 0 44068 
0 6893 6535015 0 0 7 0 0 0 12000 0 44075 
0 6894 6535016 0 0 7 0 0 0 12007 0 44082 
0 6895 6535017 0 0 7 0 0 0 12014 0 44089 
0 6896 6535018 0 0 7 0 0 0 12021 0 44096 
0 6897 6535019 0 0 7 0 0 0 12114 0 44103 
0 6898 6535020 0 0 7 0 0 0 12377 0 44110 
0 6899 6535021 0 0 7 0 0 0 12384 0 44117 
0 6900 6535022 0 0 7 0 0 0 12391 0 44124 
0 6901 6535023 0 0 7 0 0 0 12398 0 44131 
0 6902 6535024 0 0 7 0 0 0 12405 0 44138 
0 6903 6535025 0 0 7 0 0 0 12412 0 44145 
0 6904 6535026 0 0 7 0 0 0 12419 0 44152 
0 6905 6535027 0 0 7 0 0 0 12426 0 44159 
0 6906 6535028 0 0 7 0 0 0 12433 0 44166 
0 6907 6535029 0 0 7 0 0 0 12440 0 44173 
0 6908 6535030 0 0 7 0 0 0 12447 0 44180 
0 6909 6535031 0 0 7 0 0 0 12370 0 44187 
0 6910 6535032 0 0 7 0 0 0 12462 0 44194 
0 6911 6535033 0 0 7 0 0 0 12469 0 44201 
0 6912 6535034 0 0 7 0 0 0 12476 0 44208 
0 6913 6535035 0 0 7 0 0 0 12483 0 44215 
0 6914 6535036 0 0 7 0 0 0 12490 0 44222 
0 6915 6535037 0 0 7 0 0 0 12497 0 44229 
0 6916 6535038 0 0 7 0 0 0 12504 0 44236 
0 6917 6535039 0 0 7 0 0 0 12511 0 44243 
0 6918 6535040 0 0 3 0 0 0 12518 0 44250 
0 6919 6535041 0 0 6 0 0 0 12521 0 44253 
0 6920 6535042 0 0 8 0 0 0 12527 0 44259 
0 6921 6535043 0 0 8 0 0 0 12286 0 44267 
0 6922 6535046 0 0 6 0 0 0 12204 0 44275 
0 6923 6535047 0 0 6 0 0 0 12210 0 44281 
0 6924 6535048 0 0 8 0 0 0 12216 0 44287 
0 6925 6535049 0 0 8 0 0 0 12224 0 44295 
0 6926 6535050 0 0 8 0 0 0 12232 0 44303 
0 6927 6535051 0 0 8 0 0 0 12240 0 44311 
0 6928 6535052 0 0 8 0 0 0 12248 0 44319 
0 6929 6535053 0 0 8 0 0 0 12256 0 44327 
0 6930 6535054 0 0 8 0 0 0 12264 0 44335 
0 6931 6535055 0 0 8 0 0 0 12272 0 44343 
0 6932 6535064 0 0 6 0 0 0 12280 0 44351 
0 6933 6535065 0 0 6 0 0 0 12198 0 44357 
0 6934 6535066 0 0 8 0 0 0 12294 0 44363 
0 6935 6535067 0 0 8 0 0 0 12302 0 44371 
0 6936 6535070 0 0 6 0 0 0 12310 0 44379 
0 6937 6535071 0 0 6 0 0 0 12316 0 44385 
0 6938 6535072 0 0 6 0 0 0 12322 0 44391 
0 6939 6535073 0 0 6 0 0 0 12328 0 44397 
0 6940 6535074 0 0 8 0 0 0 12334 0 44403 
0 6941 6535075 0 0 8 0 0 0 12342 0 44411 
0 6942 6535078 0 0 6 0 0 0 12350 0 44419 
0 6943 6535079 0 0 6 0 0 0 12356 0 44425 
0 6944 6535080 0 0 8 0 0 0 12362 0 44431 
0 6945 6535081 0 0 8 0 0 0 15744 0 44439 
0 6946 6535082 0 0 8 0 0 0 19279 0 44447 
0 6947 6535083 0 0 8 0 0 0 19287 0 44455 
0 6948 6535084 0 0 8 0 0 0 19295 0 44463 
0 6949 6535085 0 0 8 0 0 0 19303 0 44471 
0 6950 6535086 0 0 8 0 0 0 19311 0 44479 
0 6951 6535087 0 0 8 0 0 0 19319 0 44487 
0 6952 6535096 0 0 6 0 0 0 19327 0 44495 
0 6953 6535097 0 0 6 0 0 0 19333 0 44501 
0 6954 6535098 0 0 8 0 0 0 19339 0 44507 
0 6955 6535099 0 0 8 0 0 0 19347 0 44515 
0 6956 6535102 0 0 6 0 0 0 19355 0 44523 
0 6957 6535103 0 0 6 0 0 0 19273 0 44529 
0 6958 6535104 0 0 4 0 0 0 19369 0 44535 
0 6959 6535105 0 0 8 0 0 0 19373 0 44539 
0 6960 6535106 0 0 8 0 0 0 19381 0 44547 
0 6961 6535107 0 0 8 0 0 0 19389 0 44555 
0 6962 6535108 0 0 8 0 0 0 19397 0 44563 
0 6963 6535109 0 0 8 0 0 0 19405 0 44571 
0 6964 6535110 0 0 8 0 0 0 19413 0 44579 
0 6965 6535111 0 0 8 0 0 0 19421 0 44587 
0 6966 6535112 0 0 8 0 0 0 19429 0 44595 
0 6967 6535113 0 0 8 0 0 0 19437 0 44603 
0 6968 6535114 0 0 8 0 0 0 19445 0 44611 
0 6969 6535115 0 0 8 0 0 0 19177 0 44619 
0 6970 6535116 0 0 8 0 0 0 19089 0 44627 
0 6971 6535117 0 0 8 0 0 0 19097 0 44635 
0 6972 6535118 0 0 8 0 0 0 19105 0 44643 
0 6973 6535119 0 0 8 0 0 0 19113 0 44651 
0 6974 6535120 0 0 8 0 0 0 19121 0 44659 
0 6975 6535121 0 0 8 0 0 0 19129 0 44667 
0 6976 6535122 0 0 8 0 0 0 19137 0 44675 
0 6977 6535123 0 0 8 0 0 0 19145 0 44683 
0 6978 6535124 0 0 8 0 0 0 19153 0 44691 
0 6979 6535125 0 0 8 0 0 0 19161 0 44699 
0 6980 6535126 0 0 8 0 0 0 19169 0 44707 
0 6981 6535127 0 0 8 0 0 0 19081 0 44715 
0 6982 6535128 0 0 8 0 0 0 19185 0 44723 
0 6983 6535129 0 0 8 0 0 0 19193 0 44731 
0 6984 6535130 0 0 8 0 0 0 19201 0 44739 
0 6985 6535131 0 0 8 0 0 0 19209 0 44747 
0 6986 6535132 0 0 8 0 0 0 19217 0 44755 
0 6987 6535133 0 0 8 0 0 0 19225 0 44763 
0 6988 6535134 0 0 8 0 0 0 19233 0 44771 
0 6989 6535135 0 0 8 0 0 0 19241 0 44779 
0 6990 6535136 0 0 8 0 0 0 19249 0 44787 
0 6991 6535137 0 0 8 0 0 0 19257 0 44795 
0 6992 6535138 0 0 8 0 0 0 19265 0 44803 
0 6993 6535139 0 0 8 0 0 0 19361 0 44811 
0 6994 6535140 0 0 8 0 0 0 19624 0 44819 
0 6995 6535141 0 0 8 0 0 0 19632 0 44827 
0 6996 6535142 0 0 8 0 0 0 19640 0 44835 
0 6997 6535143 0 0 8 0 0 0 19648 0 44843 
0 6998 6535144 0 0 8 0 0 0 19656 0 44851 
0 6999 6535145 0 0 8 0 0 0 19664 0 44859 
0 7000 6535146 0 0 8 0 0 0 19672 0 44867 
0 7001 6535147 0 0 8 0 0 0 19680 0 44875 
0 7002 6535148 0 0 8 0 0 0 19688 0 44883 
0 7003 6535149 0 0 8 0 0 0 19696 0 44891 
0 7004 6535150 0 0 8 0 0 0 19704 0 44899 
0 7005 6535151 0 0 8 0 0 0 19616 0 44907 
0 7006 6535152 0 0 8 0 0 0 19720 0 44915 
0 7007 6535153 0 0 8 0 0 0 19728 0 44923 
0 7008 6535154 0 0 8 0 0 0 19736 0 44931 
0 7009 6535155 0 0 8 0 0 0 19744 0 44939 
0 7010 6535156 0 0 8 0 0 0 19752 0 44947 
0 7011 6535157 0 0 8 0 0 0 19760 0 44955 
0 7012 6535158 0 0 8 0 0 0 19768 0 44963 
0 7013 6535159 0 0 8 0 0 0 19776 0 44971 
0 7014 6535160 0 0 8 0 0 0 19784 0 44979 
0 7015 6535161 0 0 8 0 0 0 19792 0 44987 
0 7016 6535162 0 0 8 0 0 0 19800 0 44995 
0 7017 6535163 0 0 8 0 0 0 19534 0 45003 
0 7018 6535164 0 0 8 0 0 0 19460 0 45011 
0 7019 6535165 0 0 8 0 0 0 19468 0 45019 
0 7020 6535166 0 0 8 0 0 0 19476 0 45027 
0 7021 6535167 0 0 8 0 0 0 19484 0 45035 
0 7022 6537152 0 0 3 0 0 0 19492 0 45043 
0 7023 6537153 0 0 6 0 0 0 19495 0 45046 
0 7024 6537154 0 0 7 0 0 0 19501 0 45052 
0 7025 6537155 0 0 7 0 0 0 19508 0 45059 
0 7026 6537158 0 0 6 0 0 0 19515 0 45066 
0 7027 6537159 0 0 6 0 0 0 19521 0 45072 
0 7028 6537160 0 0 7 0 0 0 19527 0 45078 
0 7029 6537161 0 0 7 0 0 0 19453 0 45085 
0 7030 6537162 0 0 7 0 0 0 19542 0 45092 
0 7031 6537163 0 0 7 0 0 0 19549 0 45099 
0 7032 6537164 0 0 7 0 0 0 19556 0 45106 
0 7033 6537165 0 0 7 0 0 0 19563 0 45113 
0 7034 6537166 0 0 7 0 0 0 19570 0 45120 
0 7035 6537167 0 0 7 0 0 0 19577 0 45127 
0 7036 6537176 0 0 6 0 0 0 19584 0 45134 
0 7037 6537177 0 0 6 0 0 0 19590 0 45140 
0 7038 6537178 0 0 7 0 0 0 19596 0 45146 
0 7039 6537179 0 0 7 0 0 0 19603 0 45153 
0 7040 6537182 0 0 6 0 0 0 19610 0 45160 
0 7041 6537183 0 0 6 0 0 0 18993 0 45166 
0 7042 6537184 0 0 6 0 0 0 18579 0 45172 
0 7043 6537185 0 0 6 0 0 0 18585 0 45178 
0 7044 6537186 0 0 7 0 0 0 18591 0 45184 
0 7045 6537187 0 0 7 0 0 0 18598 0 45191 
0 7046 6537190 0 0 6 0 0 0 18605 0 45198 
0 7047 6537191 0 0 6 0 0 0 18611 0 45204 
0 7048 6537192 0 0 7 0 0 0 18617 0 45210 
0 7049 6537193 0 0 7 0 0 0 18624 0 45217 
0 7050 6537194 0 0 7 0 0 0 18631 0 45224 
0 7051 6537195 0 0 7 0 0 0 18638 0 45231 
0 7052 6537196 0 0 7 0 0 0 18645 0 45238 
0 7053 6537197 0 0 7 0 0 0 18572 0 45245 
0 7054 6537198 0 0 7 0 0 0 18660 0 45252 
0 7055 6537199 0 0 7 0 0 0 18667 0 45259 
0 7056 6537208 0 0 6 0 0 0 18674 0 45266 
0 7057 6537209 0 0 6 0 0 0 18680 0 45272 
0 7058 6537210 0 0 7 0 0 0 18686 0 45278 
0 7059 6537211 0 0 7 0 0 0 18693 0 45285 
0 7060 6537214 0 0 6 0 0 0 18700 0 45292 
0 7061 6537215 0 0 6 0 0 0 18706 0 45298 
0 7062 6545926 0 0 4 0 0 0 18712 0 45304 
0 7063 6545927 0 0 4 0 0 0 18716 0 45308 
0 7064 6545934 0 0 6 0 0 0 18720 0 45312 
0 7065 6545935 0 0 6 0 0 0 18495 0 45318 
0 7066 6545950 0 0 5 0 0 0 18419 0 45324 
0 7067 6545951 0 0 5 0 0 0 18424 0 45329 
0 7068 6545954 0 0 5 0 0 0 18429 0 45334 
0 7069 6545955 0 0 7 0 0 0 18434 0 45339 
0 7070 6545958 0 0 6 0 0 0 18441 0 45346 
0 7071 6545959 0 0 6 0 0 0 18447 0 45352 
0 7072 6545962 0 0 7 0 0 0 18453 0 45358 
0 7073 6545963 0 0 7 0 0 0 18460 0 45365 
0 7074 6545964 0 0 7 0 0 0 18467 0 45372 
0 7075 6545965 0 0 7 0 0 0 18474 0 45379 
0 7076 6545966 0 0 7 0 0 0 18481 0 45386 
0 7077 6545967 0 0 7 0 0 0 18488 0 45393 
0 7078 6545978 0 0 7 0 0 0 18412 0 45400 
0 7079 6545979 0 0 7 0 0 0 18501 0 45407 
0 7080 6545982 0 0 6 0 0 0 18508 0 45414 
0 7081 6545983 0 0 6 0 0 0 18514 0 45420 
0 7082 6545998 0 0 6 0 0 0 18520 0 45426 
0 7083 6545999 0 0 6 0 0 0 18526 0 45432 
0 7084 6546006 0 0 5 0 0 0 18532 0 45438 
0 7085 6546007 0 0 5 0 0 0 18537 0 45443 
0 7086 6546014 0 0 7 0 0 0 18542 0 45448 
0 7087 6546015 0 0 7 0 0 0 18549 0 45455 
0 7088 6546018 0 0 8 0 0 0 18556 0 45462 
0 7089 6546019 0 0 8 0 0 0 18564 0 45470 
0 7090 6546020 0 0 8 0 0 0 18652 0 45478 
0 7091 6546021 0 0 8 0 0 0 18905 0 45486 
0 7092 6546022 0 0 8 0 0 0 18913 0 45494 
0 7093 6546023 0 0 8 0 0 0 18921 0 45502 
0 7094 6546026 0 0 8 0 0 0 18929 0 45510 
0 7095 6546027 0 0 8 0 0 0 18937 0 45518 
0 7096 6546028 0 0 8 0 0 0 18945 0 45526 
0 7097 6546029 0 0 8 0 0 0 18953 0 45534 
0 7098 6546030 0 0 8 0 0 0 18961 0 45542 
0 7099 6546031 0 0 8 0 0 0 18969 0 45550 
0 7100 6546034 0 0 8 0 0 0 18977 0 45558 
0 7101 6546035 0 0 8 0 0 0 18985 0 45566 
0 7102 6546036 0 0 8 0 0 0 18897 0 45574 
0 7103 6546037 0 0 8 0 0 0 18999 0 45582 
0 7104 6546038 0 0 8 0 0 0 19007 0 45590 
0 7105 6546039 0 0 8 0 0 0 19015 0 45598 
0 7106 6546042 0 0 8 0 0 0 19023 0 45606 
0 7107 6546043 0 0 8 0 0 0 19031 0 45614 
0 7108 6546044 0 0 8 0 0 0 19039 0 45622 
0 7109 6546045 0 0 8 0 0 0 19047 0 45630 
0 7110 6546046 0 0 8 0 0 0 19055 0 45638 
0 7111 6546047 0 0 8 0 0 0 19063 0 45646 
0 7112 6546142 0 0 5 0 0 0 19071 0 45654 
0 7113 6546143 0 0 5 0 0 0 19076 0 45659 
0 7114 6546146 0 0 8 0 0 0 18819 0 45664 
0 7115 6546147 0 0 8 0 0 0 18733 0 45672 
0 7116 6546150 0 0 7 0 0 0 18741 0 45680 
0 7117 6546151 0 0 7 0 0 0 18748 0 45687 
0 7118 6546154 0 0 8 0 0 0 18755 0 45694 
0 7119 6546155 0 0 8 0 0 0 18763 0 45702 
0 7120 6546156 0 0 8 0 0 0 18771 0 45710 
0 7121 6546157 0 0 8 0 0 0 18779 0 45718 
0 7122 6546158 0 0 8 0 0 0 18787 0 45726 
0 7123 6546159 0 0 8 0 0 0 18795 0 45734 
0 7124 6546170 0 0 8 0 0 0 18803 0 45742 
0 7125 6546171 0 0 8 0 0 0 18811 0 45750 
0 7126 6546174 0 0 7 0 0 0 18726 0 45758 
0 7127 6546175 0 0 7 0 0 0 18827 0 45765 
0 7128 6546209 0 0 3 0 0 0 18834 0 45772 
0 7129 6546210 0 0 5 0 0 0 18837 0 45775 
0 7130 6546211 0 0 7 0 0 0 18842 0 45780 
0 7131 6546214 0 0 6 0 0 0 18849 0 45787 
0 7132 6546215 0 0 6 0 0 0 18855 0 45793 
0 7133 6546217 0 0 4 0 0 0 18861 0 45799 
0 7134 6546218 0 0 8 0 0 0 18865 0 45803 
0 7135 6546219 0 0 8 0 0 0 18873 0 45811 
0 7136 6546220 0 0 8 0 0 0 18881 0 45819 
0 7137 6546221 0 0 8 0 0 0 18889 0 45827 
0 7138 6546222 0 0 8 0 0 0 19712 0 45835 
0 7139 6546223 0 0 8 0 0 0 20711 0 45843 
0 7140 6546233 0 0 7 0 0 0 20719 0 45851 
0 7141 6546234 0 0 8 0 0 0 20726 0 45858 
0 7142 6546235 0 0 8 0 0 0 20734 0 45866 
0 7143 6546238 0 0 7 0 0 0 20742 0 45874 
0 7144 6546239 0 0 7 0 0 0 20749 0 45881 
0 7145 6546282 0 0 7 0 0 0 20756 0 45888 
0 7146 6546283 0 0 7 0 0 0 20763 0 45895 
0 7147 6546284 0 0 7 0 0 0 20770 0 45902 
0 7148 6546285 0 0 7 0 0 0 20777 0 45909 
0 7149 6546286 0 0 7 0 0 0 20784 0 45916 
0 7150 6546287 0 0 7 0 0 0 20704 0 45923 
0 7151 6546289 0 0 3 0 0 0 20798 0 45930 
0 7152 6546290 0 0 8 0 0 0 20801 0 45933 
0 7153 6546291 0 0 8 0 0 0 20809 0 45941 
0 7154 6546294 0 0 6 0 0 0 20817 0 45949 
0 7155 6546295 0 0 6 0 0 0 20823 0 45955 
0 7156 6546297 0 0 4 0 0 0 20829 0 45961 
0 7157 6546298 0 0 8 0 0 0 20833 0 45965 
0 7158 6546299 0 0 8 0 0 0 20841 0 45973 
0 7159 6546300 0 0 8 0 0 0 20849 0 45981 
0 7160 6546301 0 0 8 0 0 0 20857 0 45989 
0 7161 6546302 0 0 8 0 0 0 20865 0 45997 
0 7162 6546303 0 0 8 0 0 0 20619 0 46005 
0 7163 6546425 0 0 3 0 0 0 20556 0 46013 
0 7164 6546426 0 0 7 0 0 0 20559 0 46016 
0 7165 6546427 0 0 7 0 0 0 20566 0 46023 
0 7166 6546430 0 0 6 0 0 0 20573 0 46030 
0 7167 6546431 0 0 6 0 0 0 20579 0 46036 
0 7168 6547022 0 0 5 0 0 0 20585 0 46042 
0 7169 6547023 0 0 5 0 0 0 20590 0 46047 
0 7170 6547030 0 0 6 0 0 0 20595 0 46052 
0 7171 6547031 0 0 6 0 0 0 20601 0 46058 
0 7172 6547038 0 0 6 0 0 0 20607 0 46064 
0 7173 6547039 0 0 6 0 0 0 20613 0 46070 
0 7174 6547041 0 0 7 0 0 0 20549 0 46076 
0 7175 6547042 0 0 7 0 0 0 20627 0 46083 
0 7176 6547043 0 0 7 0 0 0 20634 0 46090 
0 7177 6547044 0 0 7 0 0 0 20641 0 46097 
0 7178 6547045 0 0 7 0 0 0 20648 0 46104 
0 7179 6547046 0 0 7 0 0 0 20655 0 46111 
0 7180 6547047 0 0 7 0 0 0 20662 0 46118 
0 7181 6547049 0 0 7 0 0 0 20669 0 46125 
0 7182 6547050 0 0 7 0 0 0 20676 0 46132 
0 7183 6547051 0 0 7 0 0 0 20683 0 46139 
0 7184 6547052 0 0 7 0 0 0 20690 0 46146 
0 7185 6547053 0 0 7 0 0 0 20697 0 46153 
0 7186 6547054 0 0 7 0 0 0 20791 0 46160 
0 7187 6547055 0 0 7 0 0 0 21056 0 46167 
0 7188 6547056 0 0 4 0 0 0 21063 0 46174 
0 7189 6547057 0 0 7 0 0 0 21067 0 46178 
0 7190 6547058 0 0 7 0 0 0 21074 0 46185 
0 7191 6547059 0 0 7 0 0 0 21081 0 46192 
0 7192 6547060 0 0 7 0 0 0 21088 0 46199 
0 7193 6547061 0 0 7 0 0 0 21095 0 46206 
0 7194 6547062 0 0 7 0 0 0 21102 0 46213 
0 7195 6547063 0 0 7 0 0 0 21109 0 46220 
0 7196 6547064 0 0 4 0 0 0 21116 0 46227 
0 7197 6547065 0 0 7 0 0 0 21120 0 46231 
0 7198 6547066 0 0 7 0 0 0 21049 0 46238 
0 7199 6547067 0 0 7 0 0 0 21135 0 46245 
0 7200 6547068 0 0 7 0 0 0 21142 0 46252 
0 7201 6547069 0 0 7 0 0 0 21149 0 46259 
0 7202 6547070 0 0 7 0 0 0 21156 0 46266 
0 7203 6547071 0 0 7 0 0 0 21163 0 46273 
0 7204 6547102 0 0 5 0 0 0 21170 0 46280 
0 7205 6547103 0 0 5 0 0 0 21175 0 46285 
0 7206 6547104 0 0 6 0 0 0 21180 0 46290 
0 7207 6547105 0 0 6 0 0 0 21186 0 46296 
0 7208 6547106 0 0 8 0 0 0 21192 0 46302 
0 7209 6547107 0 0 8 0 0 0 21200 0 46310 
0 7210 6547110 0 0 6 0 0 0 20963 0 46318 
0 7211 6547111 0 0 6 0 0 0 20881 0 46324 
0 7212 6547112 0 0 8 0 0 0 20887 0 46330 
0 7213 6547113 0 0 8 0 0 0 20895 0 46338 
0 7214 6547114 0 0 8 0 0 0 20903 0 46346 
0 7215 6547115 0 0 8 0 0 0 20911 0 46354 
0 7216 6547116 0 0 8 0 0 0 20919 0 46362 
0 7217 6547117 0 0 8 0 0 0 20927 0 46370 
0 7218 6547118 0 0 8 0 0 0 20935 0 46378 
0 7219 6547119 0 0 8 0 0 0 20943 0 46386 
0 7220 6547128 0 0 6 0 0 0 20951 0 46394 
0 7221 6547129 0 0 6 0 0 0 20957 0 46400 
0 7222 6547130 0 0 8 0 0 0 20873 0 46406 
0 7223 6547131 0 0 8 0 0 0 20969 0 46414 
0 7224 6547134 0 0 6 0 0 0 20977 0 46422 
0 7225 6547135 0 0 6 0 0 0 20983 0 46428 
0 7226 6547166 0 0 6 0 0 0 20989 0 46434 
0 7227 6547167 0 0 6 0 0 0 20995 0 46440 
0 7228 6547168 0 0 8 0 0 0 21001 0 46446 
0 7229 6547169 0 0 8 0 0 0 21009 0 46454 
0 7230 6547170 0 0 8 0 0 0 21017 0 46462 
0 7231 6547171 0 0 8 0 0 0 21025 0 46470 
0 7232 6547172 0 0 8 0 0 0 21033 0 46478 
0 7233 6547173 0 0 8 0 0 0 21041 0 46486 
0 7234 6547174 0 0 8 0 0 0 20458 0 46494 
0 7235 6547175 0 0 8 0 0 0 19997 0 46502 
0 7236 6547176 0 0 8 0 0 0 20005 0 46510 
0 7237 6547177 0 0 8 0 0 0 20013 0 46518 
0 7238 6547178 0 0 8 0 0 0 20021 0 46526 
0 7239 6547179 0 0 8 0 0 0 20029 0 46534 
0 7240 6547180 0 0 8 0 0 0 20037 0 46542 
0 7241 6547181 0 0 8 0 0 0 20045 0 46550 
0 7242 6547182 0 0 8 0 0 0 20053 0 46558 
0 7243 6547183 0 0 8 0 0 0 20061 0 46566 
0 7244 6547184 0 0 8 0 0 0 20069 0 46574 
0 7245 6547185 0 0 8 0 0 0 20077 0 46582 
0 7246 6547186 0 0 8 0 0 0 19989 0 46590 
0 7247 6547187 0 0 8 0 0 0 20093 0 46598 
0 7248 6547188 0 0 8 0 0 0 20101 0 46606 
0 7249 6547189 0 0 8 0 0 0 20109 0 46614 
0 7250 6547190 0 0 8 0 0 0 20117 0 46622 
0 7251 6547191 0 0 8 0 0 0 20125 0 46630 
0 7252 6547192 0 0 8 0 0 0 20133 0 46638 
0 7253 6547193 0 0 8 0 0 0 20141 0 46646 
0 7254 6547194 0 0 8 0 0 0 20149 0 46654 
0 7255 6547195 0 0 8 0 0 0 20157 0 46662 
0 7256 6547196 0 0 8 0 0 0 20165 0 46670 
0 7257 6547197 0 0 8 0 0 0 20173 0 46678 
0 7258 6547198 0 0 8 0 0 0 19893 0 46686 
0 7259 6547199 0 0 8 0 0 0 19816 0 46694 
0 7260 6547232 0 0 4 0 0 0 19824 0 46702 
0 7261 6547233 0 0 7 0 0 0 19828 0 46706 
0 7262 6547234 0 0 7 0 0 0 19835 0 46713 
0 7263 6547235 0 0 7 0 0 0 19842 0 46720 
0 7264 6547236 0 0 7 0 0 0 19849 0 46727 
0 7265 6547237 0 0 7 0 0 0 19856 0 46734 
0 7266 6547238 0 0 7 0 0 0 19863 0 46741 
0 7267 6547239 0 0 7 0 0 0 19870 0 46748 
0 7268 6547240 0 0 8 0 0 0 19877 0 46755 
0 7269 6547241 0 0 8 0 0 0 19885 0 46763 
0 7270 6547242 0 0 8 0 0 0 19808 0 46771 
0 7271 6547243 0 0 8 0 0 0 19901 0 46779 
0 7272 6547244 0 0 8 0 0 0 19909 0 46787 
0 7273 6547245 0 0 8 0 0 0 19917 0 46795 
0 7274 6547246 0 0 8 0 0 0 19925 0 46803 
0 7275 6547247 0 0 8 0 0 0 19933 0 46811 
0 7276 6547248 0 0 8 0 0 0 19941 0 46819 
0 7277 6547249 0 0 8 0 0 0 19949 0 46827 
0 7278 6547250 0 0 8 0 0 0 19957 0 46835 
0 7279 6547251 0 0 8 0 0 0 19965 0 46843 
0 7280 6547252 0 0 8 0 0 0 19973 0 46851 
0 7281 6547253 0 0 8 0 0 0 19981 0 46859 
0 7282 6547254 0 0 8 0 0 0 20085 0 46867 
0 7283 6547255 0 0 8 0 0 0 20372 0 46875 
0 7284 6547256 0 0 8 0 0 0 20380 0 46883 
0 7285 6547257 0 0 8 0 0 0 20388 0 46891 
0 7286 6547258 0 0 8 0 0 0 20396 0 46899 
0 7287 6547259 0 0 8 0 0 0 20404 0 46907 
0 7288 6547260 0 0 8 0 0 0 20412 0 46915 
0 7289 6547261 0 0 8 0 0 0 20420 0 46923 
0 7290 6547262 0 0 8 0 0 0 20428 0 46931 
0 7291 6547263 0 0 8 0 0 0 20436 0 46939 
0 7292 6547304 0 0 7 0 0 0 20444 0 46947 
0 7293 6547305 0 0 7 0 0 0 20451 0 46954 
0 7294 6547306 0 0 7 0 0 0 20365 0 46961 
0 7295 6547307 0 0 7 0 0 0 20466 0 46968 
0 7296 6547308 0 0 7 0 0 0 20473 0 46975 
0 7297 6547309 0 0 7 0 0 0 20480 0 46982 
0 7298 6547310 0 0 7 0 0 0 20487 0 46989 
0 7299 6547311 0 0 7 0 0 0 20494 0 46996 
0 7300 6547312 0 0 8 0 0 0 20501 0 47003 
0 7301 6547313 0 0 8 0 0 0 20509 0 47011 
0 7302 6547314 0 0 8 0 0 0 20517 0 47019 
0 7303 6547315 0 0 8 0 0 0 20525 0 47027 
0 7304 6547316 0 0 8 0 0 0 20533 0 47035 
0 7305 6547317 0 0 8 0 0 0 20541 0 47043 
0 7306 6547318 0 0 8 0 0 0 20274 0 47051 
0 7307 6547319 0 0 8 0 0 0 20188 0 47059 
0 7308 6547320 0 0 8 0 0 0 20196 0 47067 
0 7309 6547321 0 0 8 0 0 0 20204 0 47075 
0 7310 6547322 0 0 8 0 0 0 20212 0 47083 
0 7311 6547323 0 0 8 0 0 0 20220 0 47091 
0 7312 6547324 0 0 8 0 0 0 20228 0 47099 
0 7313 6547325 0 0 8 0 0 0 20236 0 47107 
0 7314 6547326 0 0 8 0 0 0 20244 0 47115 
0 7315 6547327 0 0 8 0 0 0 20252 0 47123 
0 7316 6547376 0 0 7 0 0 0 20260 0 47131 
0 7317 6547377 0 0 7 0 0 0 20267 0 47138 
0 7318 6547378 0 0 7 0 0 0 20181 0 47145 
0 7319 6547379 0 0 7 0 0 0 20282 0 47152 
0 7320 6547380 0 0 7 0 0 0 20289 0 47159 
0 7321 6547381 0 0 7 0 0 0 20296 0 47166 
0 7322 6547382 0 0 7 0 0 0 20303 0 47173 
0 7323 6547383 0 0 7 0 0 0 20310 0 47180 
0 7324 6547384 0 0 8 0 0 0 20317 0 47187 
0 7325 6547385 0 0 8 0 0 0 20325 0 47195 
0 7326 6547386 0 0 8 0 0 0 20333 0 47203 
0 7327 6547387 0 0 8 0 0 0 20341 0 47211 
0 7328 6547388 0 0 8 0 0 0 20349 0 47219 
0 7329 6547389 0 0 8 0 0 0 20357 0 47227 
0 7330 6547390 0 0 8 0 0 0 18339 0 47235 
0 7331 6547391 0 0 8 0 0 0 16618 0 47243 
0 7332 6547448 0 0 7 0 0 0 16626 0 47251 
0 7333 6547449 0 0 7 0 0 0 16633 0 47258 
0 7334 6547450 0 0 7 0 0 0 16640 0 47265 
0 7335 6547451 0 0 7 0 0 0 16647 0 47272 
0 7336 6547452 0 0 7 0 0 0 16654 0 47279 
0 7337 6547453 0 0 7 0 0 0 16661 0 47286 
0 7338 6547454 0 0 7 0 0 0 16668 0 47293 
0 7339 6547455 0 0 7 0 0 0 16675 0 47300 
0 7340 6549214 0 0 4 0 0 0 16682 0 47307 
0 7341 6549215 0 0 4 0 0 0 16686 0 47311 
0 7342 6549216 0 0 6 0 0 0 16612 0 47315 
0 7343 6549217 0 0 6 0 0 0 16698 0 47321 
0 7344 6549218 0 0 7 0 0 0 16704 0 47327 
0 7345 6549219 0 0 7 0 0 0 16711 0 47334 
0 7346 6549222 0 0 6 0 0 0 16718 0 47341 
0 7347 6549223 0 0 6 0 0 0 16724 0 47347 
0 7348 6549224 0 0 7 0 0 0 16730 0 47353 
0 7349 6549225 0 0 7 0 0 0 16737 0 47360 
0 7350 6549226 0 0 7 0 0 0 16744 0 47367 
0 7351 6549227 0 0 7 0 0 0 16751 0 47374 
0 7352 6549228 0 0 7 0 0 0 16758 0 47381 
0 7353 6549229 0 0 7 0 0 0 16765 0 47388 
0 7354 6549230 0 0 7 0 0 0 16521 0 47395 
0 7355 6549231 0 0 7 0 0 0 16450 0 47402 
0 7356 6549240 0 0 6 0 0 0 16457 0 47409 
0 7357 6549241 0 0 6 0 0 0 16463 0 47415 
0 7358 6549242 0 0 7 0 0 0 16469 0 47421 
0 7359 6549243 0 0 7 0 0 0 16476 0 47428 
0 7360 6549246 0 0 6 0 0 0 16483 0 47435 
0 7361 6549247 0 0 6 0 0 0 16489 0 47441 
0 7362 6549280 0 0 6 0 0 0 16495 0 47447 
0 7363 6549281 0 0 6 0 0 0 16501 0 47453 
0 7364 6549282 0 0 7 0 0 0 16507 0 47459 
0 7365 6549283 0 0 7 0 0 0 16514 0 47466 
0 7366 6549286 0 0 6 0 0 0 16444 0 47473 
0 7367 6549287 0 0 6 0 0 0 16528 0 47479 
0 7368 6549288 0 0 8 0 0 0 16534 0 47485 
0 7369 6549289 0 0 8 0 0 0 16542 0 47493 
0 7370 6549290 0 0 8 0 0 0 16550 0 47501 
0 7371 6549291 0 0 8 0 0 0 16558 0 47509 
0 7372 6549292 0 0 8 0 0 0 16566 0 47517 
0 7373 6549293 0 0 8 0 0 0 16574 0 47525 
0 7374 6549294 0 0 8 0 0 0 16582 0 47533 
0 7375 6549295 0 0 8 0 0 0 16590 0 47541 
0 7376 6549304 0 0 7 0 0 0 16598 0 47549 
0 7377 6549305 0 0 7 0 0 0 16605 0 47556 
0 7378 6549306 0 0 8 0 0 0 16690 0 47563 
0 7379 6549307 0 0 8 0 0 0 16929 0 47571 
0 7380 6549310 0 0 7 0 0 0 16937 0 47579 
0 7381 6549311 0 0 7 0 0 0 16944 0 47586 
0 7382 6549352 0 0 7 0 0 0 16951 0 47593 
0 7383 6549353 0 0 7 0 0 0 16958 0 47600 
0 7384 6549354 0 0 7 0 0 0 16965 0 47607 
0 7385 6549355 0 0 7 0 0 0 16972 0 47614 
0 7386 6549356 0 0 7 0 0 0 16979 0 47621 
0 7387 6549357 0 0 7 0 0 0 16986 0 47628 
0 7388 6549358 0 0 7 0 0 0 16993 0 47635 
0 7389 6549359 0 0 7 0 0 0 17000 0 47642 
0 7390 6549360 0 0 6 0 0 0 16923 0 47649 
0 7391 6549361 0 0 6 0 0 0 17013 0 47655 
0 7392 6549362 0 0 8 0 0 0 17019 0 47661 
0 7393 6549363 0 0 8 0 0 0 17027 0 47669 
0 7394 6549366 0 0 6 0 0 0 17035 0 47677 
0 7395 6549367 0 0 6 0 0 0 17041 0 47683 
0 7396 6549368 0 0 8 0 0 0 17047 0 47689 
0 7397 6549369 0 0 8 0 0 0 17055 0 47697 
0 7398 6549370 0 0 8 0 0 0 17063 0 47705 
0 7399 6549371 0 0 8 0 0 0 17071 0 47713 
0 7400 6549372 0 0 8 0 0 0 17079 0 47721 
0 7401 6549373 0 0 8 0 0 0 17087 0 47729 
0 7402 6549374 0 0 8 0 0 0 16843 0 47737 
0 7403 6549375 0 0 8 0 0 0 16777 0 47745 
0 7404 6549496 0 0 6 0 0 0 16785 0 47753 
0 7405 6549497 0 0 6 0 0 0 16791 0 47759 
0 7406 6549498 0 0 7 0 0 0 16797 0 47765 
0 7407 6549499 0 0 7 0 0 0 16804 0 47772 
0 7408 6549502 0 0 6 0 0 0 16811 0 47779 
0 7409 6549503 0 0 6 0 0 0 16817 0 47785 
0 7410 6550305 0 0 5 0 0 0 16823 0 47791 
0 7411 6550306 0 0 4 0 0 0 16828 0 47796 
0 7412 6550307 0 0 6 0 0 0 16832 0 47800 
0 7413 6550310 0 0 5 0 0 0 16838 0 47806 
0 7414 6550311 0 0 5 0 0 0 16772 0 47811 
0 7415 6550312 0 0 4 0 0 0 16851 0 47816 
0 7416 6550313 0 0 7 0 0 0 16855 0 47820 
0 7417 6550314 0 0 7 0 0 0 16862 0 47827 
0 7418 6550315 0 0 7 0 0 0 16869 0 47834 
0 7419 6550316 0 0 7 0 0 0 16876 0 47841 
0 7420 6550317 0 0 7 0 0 0 16883 0 47848 
0 7421 6550318 0 0 7 0 0 0 16890 0 47855 
0 7422 6550319 0 0 7 0 0 0 16897 0 47862 
0 7423 6550328 0 0 6 0 0 0 16904 0 47869 
0 7424 6550329 0 0 6 0 0 0 16910 0 47875 
0 7425 6550330 0 0 7 0 0 0 16916 0 47881 
0 7426 6550331 0 0 7 0 0 0 16366 0 47888 
0 7427 6550334 0 0 6 0 0 0 16010 0 47895 
0 7428 6550335 0 0 6 0 0 0 16016 0 47901 
0 7429 6550376 0 0 7 0 0 0 16022 0 47907 
0 7430 6550377 0 0 7 0 0 0 16029 0 47914 
0 7431 6550378 0 0 7 0 0 0 16036 0 47921 
0 7432 6550379 0 0 7 0 0 0 16043 0 47928 
0 7433 6550380 0 0 7 0 0 0 16050 0 47935 
0 7434 6550381 0 0 7 0 0 0 16057 0 47942 
0 7435 6550382 0 0 7 0 0 0 16064 0 47949 
0 7436 6550383 0 0 7 0 0 0 16071 0 47956 
0 7437 6550384 0 0 6 0 0 0 16078 0 47963 
0 7438 6550385 0 0 6 0 0 0 16004 0 47969 
0 7439 6550386 0 0 8 0 0 0 16091 0 47975 
0 7440 6550387 0 0 8 0 0 0 16099 0 47983 
0 7441 6550390 0 0 6 0 0 0 16107 0 47991 
0 7442 6550391 0 0 6 0 0 0 16113 0 47997 
0 7443 6550392 0 0 8 0 0 0 16119 0 48003 
0 7444 6550393 0 0 8 0 0 0 16127 0 48011 
0 7445 6550394 0 0 8 0 0 0 16135 0 48019 
0 7446 6550395 0 0 8 0 0 0 16143 0 48027 
0 7447 6550396 0 0 8 0 0 0 16151 0 48035 
0 7448 6550397 0 0 8 0 0 0 16159 0 48043 
0 7449 6550398 0 0 8 0 0 0 16167 0 48051 
0 7450 6550399 0 0 8 0 0 0 15920 0 48059 
0 7451 6550520 0 0 6 0 0 0 15846 0 48067 
0 7452 6550521 0 0 6 0 0 0 15852 0 48073 
0 7453 6550522 0 0 7 0 0 0 15858 0 48079 
0 7454 6550523 0 0 7 0 0 0 15865 0 48086 
0 7455 6550526 0 0 6 0 0 0 15872 0 48093 
0 7456 6550527 0 0 6 0 0 0 15878 0 48099 
0 7457 6551400 0 0 6 0 0 0 15884 0 48105 
0 7458 6551401 0 0 6 0 0 0 15890 0 48111 
0 7459 6551402 0 0 6 0 0 0 15896 0 48117 
0 7460 6551403 0 0 6 0 0 0 15902 0 48123 
0 7461 6551404 0 0 6 0 0 0 15908 0 48129 
0 7462 6551405 0 0 6 0 0 0 15914 0 48135 
0 7463 6551406 0 0 6 0 0 0 15840 0 48141 
0 7464 6551407 0 0 6 0 0 0 15928 0 48147 
0 7465 6551408 0 0 7 0 0 0 15934 0 48153 
0 7466 6551409 0 0 7 0 0 0 15941 0 48160 
0 7467 6551410 0 0 7 0 0 0 15948 0 48167 
0 7468 6551411 0 0 7 0 0 0 15955 0 48174 
0 7469 6551412 0 0 7 0 0 0 15962 0 48181 
0 7470 6551413 0 0 7 0 0 0 15969 0 48188 
0 7471 6551414 0 0 7 0 0 0 15976 0 48195 
0 7472 6551415 0 0 7 0 0 0 15983 0 48202 
0 7473 6551416 0 0 7 0 0 0 15990 0 48209 
0 7474 6551417 0 0 7 0 0 0 15997 0 48216 
0 7475 6551418 0 0 7 0 0 0 16084 0 48223 
0 7476 6551419 0 0 7 0 0 0 16291 0 48230 
0 7477 6551420 0 0 7 0 0 0 16298 0 48237 
0 7478 6551421 0 0 7 0 0 0 16305 0 48244 
0 7479 6551422 0 0 7 0 0 0 16312 0 48251 
0 7480 6551423 0 0 7 0 0 0 16319 0 48258 
0 7481 6551480 0 0 6 0 0 0 16326 0 48265 
0 7482 6551481 0 0 6 0 0 0 16332 0 48271 
0 7483 6551482 0 0 8 0 0 0 16338 0 48277 
0 7484 6551483 0 0 8 0 0 0 16346 0 48285 
0 7485 6551486 0 0 6 0 0 0 16354 0 48293 
0 7486 6551487 0 0 6 0 0 0 16360 0 48299 
0 7487 6551544 0 0 7 0 0 0 16284 0 48305 
0 7488 6551545 0 0 7 0 0 0 16373 0 48312 
0 7489 6551546 0 0 7 0 0 0 16380 0 48319 
0 7490 6551547 0 0 7 0 0 0 16387 0 48326 
0 7491 6551548 0 0 7 0 0 0 16394 0 48333 
0 7492 6551549 0 0 7 0 0 0 16401 0 48340 
0 7493 6551550 0 0 7 0 0 0 16408 0 48347 
0 7494 6551551 0 0 7 0 0 0 16415 0 48354 
0 7495 6553592 0 0 5 0 0 0 16422 0 48361 
0 7496 6553593 0 0 5 0 0 0 16427 0 48366 
0 7497 6553594 0 0 6 0 0 0 16432 0 48371 
0 7498 6553595 0 0 6 0 0 0 16438 0 48377 
0 7499 6553598 0 0 5 0 0 0 16236 0 48383 
0 7500 6553599 0 0 5 0 0 0 16182 0 48388 
0 7501 6700992 0 0 3 0 0 0 16187 0 48393 
0 7502 6700993 0 0 5 0 0 0 16190 0 48396 
0 7503 6700994 0 0 4 0 0 0 16195 0 48401 
0 7504 6700995 0 0 7 0 0 0 16199 0 48405 
0 7505 6700998 0 0 6 0 0 0 16206 0 48412 
0 7506 6700999 0 0 6 0 0 0 16212 0 48418 
0 7507 6701003 0 0 6 0 0 0 16218 0 48424 
0 7508 6701004 0 0 3 0 0 0 16224 0 48430 
0 7509 6701005 0 0 5 0 0 0 16227 0 48433 
0 7510 6701006 0 0 4 0 0 0 16232 0 48438 
0 7511 6701007 0 0 7 0 0 0 16175 0 48442 
0 7512 6701022 0 0 3 0 0 0 16241 0 48449 
0 7513 6701023 0 0 5 0 0 0 16244 0 48452 
0 7514 6701025 0 0 3 0 0 0 16249 0 48457 
0 7515 6701027 0 0 4 0 0 0 16252 0 48460 
0 7516 6701031 0 0 6 0 0 0 16256 0 48464 
0 7517 6701037 0 0 3 0 0 0 16262 0 48470 
0 7518 6701039 0 0 4 0 0 0 16265 0 48473 
0 7519 6701055 0 0 3 0 0 0 16269 0 48477 
0 7520 6706529 0 0 3 0 0 0 16272 0 48480 
0 7521 6706531 0 0 3 0 0 0 16275 0 48483 
0 7522 6706533 0 0 6 0 0 0 16278 0 48486 
0 7523 6706535 0 0 6 0 0 0 17007 0 48492 
0 7524 6706541 0 0 4 0 0 0 17973 0 48498 
0 7525 6706543 0 0 4 0 0 0 17977 0 48502 
0 7526 6706545 0 0 4 0 0 0 17981 0 48506 
0 7527 6706547 0 0 4 0 0 0 17985 0 48510 
0 7528 6706549 0 0 7 0 0 0 17989 0 48514 
0 7529 6706551 0 0 7 0 0 0 17996 0 48521 
0 7530 6706557 0 0 4 0 0 0 18003 0 48528 
0 7531 6706559 0 0 4 0 0 0 18007 0 48532 
0 7532 6706593 0 0 5 0 0 0 18011 0 48536 
0 7533 6706594 0 0 5 0 0 0 18016 0 48541 
0 7534 6706595 0 0 7 0 0 0 18021 0 48546 
0 7535 6706598 0 0 5 0 0 0 17968 0 48553 
0 7536 6706599 0 0 5 0 0 0 18036 0 48558 
0 7537 6706600 0 0 8 0 0 0 18041 0 48563 
0 7538 6706601 0 0 8 0 0 0 18049 0 48571 
0 7539 6706602 0 0 8 0 0 0 18057 0 48579 
0 7540 6706603 0 0 8 0 0 0 18065 0 48587 
0 7541 6706604 0 0 8 0 0 0 18073 0 48595 
0 7542 6706605 0 0 8 0 0 0 18081 0 48603 
0 7543 6706606 0 0 8 0 0 0 18089 0 48611 
0 7544 6706607 0 0 8 0 0 0 18097 0 48619 
0 7545 6706616 0 0 6 0 0 0 18105 0 48627 
0 7546 6706617 0 0 6 0 0 0 18111 0 48633 
0 7547 6706618 0 0 8 0 0 0 17872 0 48639 
0 7548 6706619 0 0 8 0 0 0 17797 0 48647 
0 7549 6706622 0 0 6 0 0 0 17805 0 48655 
0 7550 6706623 0 0 6 0 0 0 17811 0 48661 
0 7551 6706657 0 0 7 0 0 0 17817 0 48667 
0 7552 6706658 0 0 5 0 0 0 17824 0 48674 
0 7553 6706659 0 0 7 0 0 0 17829 0 48679 
0 7554 6706660 0 0 7 0 0 0 17836 0 48686 
0 7555 6706661 0 0 7 0 0 0 17843 0 48693 
0 7556 6706662 0 0 7 0 0 0 17850 0 48700 
0 7557 6706663 0 0 7 0 0 0 17857 0 48707 
0 7558 6706664 0 0 8 0 0 0 17864 0 48714 
0 7559 6706665 0 0 8 0 0 0 17789 0 48722 
0 7560 6706666 0 0 8 0 0 0 17880 0 48730 
0 7561 6706667 0 0 8 0 0 0 17888 0 48738 
0 7562 6706668 0 0 8 0 0 0 17896 0 48746 
0 7563 6706669 0 0 8 0 0 0 17904 0 48754 
0 7564 6706670 0 0 8 0 0 0 17912 0 48762 
0 7565 6706671 0 0 8 0 0 0 17920 0 48770 
0 7566 6706672 0 0 8 0 0 0 17928 0 48778 
0 7567 6706673 0 0 8 0 0 0 17936 0 48786 
0 7568 6706674 0 0 8 0 0 0 17944 0 48794 
0 7569 6706675 0 0 8 0 0 0 17952 0 48802 
0 7570 6706676 0 0 8 0 0 0 17960 0 48810 
0 7571 6706677 0 0 8 0 0 0 18028 0 48818 
0 7572 6706678 0 0 8 0 0 0 18257 0 48826 
0 7573 6706679 0 0 8 0 0 0 18265 0 48834 
0 7574 6706680 0 0 8 0 0 0 18273 0 48842 
0 7575 6706681 0 0 8 0 0 0 18281 0 48850 
0 7576 6706682 0 0 8 0 0 0 18289 0 48858 
0 7577 6706683 0 0 8 0 0 0 18297 0 48866 
0 7578 6706684 0 0 8 0 0 0 18305 0 48874 
0 7579 6706685 0 0 8 0 0 0 18313 0 48882 
0 7580 6706686 0 0 8 0 0 0 18321 0 48890 
0 7581 6706687 0 0 8 0 0 0 18329 0 48898 
0 7582 6706820 0 0 2 0 0 0 18337 0 48906 
0 7583 6706821 0 0 6 0 0 0 18251 0 48908 
0 7584 6706822 0 0 8 0 0 0 18347 0 48914 
0 7585 6706823 0 0 8 0 0 0 18355 0 48922 
0 7586 6706827 0 0 8 0 0 0 18363 0 48930 
0 7587 6706828 0 0 3 0 0 0 18371 0 48938 
0 7588 6706829 0 0 5 0 0 0 18374 0 48941 
0 7589 6706830 0 0 5 0 0 0 18379 0 48946 
0 7590 6706831 0 0 8 0 0 0 18384 0 48951 
0 7591 6706834 0 0 3 0 0 0 18392 0 48959 
0 7592 6706835 0 0 5 0 0 0 18395 0 48962 
0 7593 6706838 0 0 4 0 0 0 18400 0 48967 
0 7594 6706839 0 0 8 0 0 0 18404 0 48971 
0 7595 6706846 0 0 3 0 0 0 18172 0 48979 
0 7596 6706847 0 0 5 0 0 0 18123 0 48982 
0 7597 6706849 0 0 3 0 0 0 18128 0 48987 
0 7598 6706851 0 0 5 0 0 0 18131 0 48990 
0 7599 6706853 0 0 4 0 0 0 18136 0 48995 
0 7600 6706855 0 0 8 0 0 0 18140 0 48999 
0 7601 6706861 0 0 3 0 0 0 18148 0 49007 
0 7602 6706863 0 0 5 0 0 0 18151 0 49010 
0 7603 6706867 0 0 3 0 0 0 18156 0 49015 
0 7604 6706871 0 0 4 0 0 0 18159 0 49018 
0 7605 6706879 0 0 3 0 0 0 18163 0 49022 
0 7606 6706886 0 0 6 0 0 0 18166 0 49025 
0 7607 6706887 0 0 6 0 0 0 18117 0 49031 
0 7608 6706888 0 0 4 0 0 0 18175 0 49037 
0 7609 6706889 0 0 6 0 0 0 18179 0 49041 
0 7610 6706890 0 0 8 0 0 0 18185 0 49047 
0 7611 6706891 0 0 8 0 0 0 18193 0 49055 
0 7612 6706892 0 0 8 0 0 0 18201 0 49063 
0 7613 6706893 0 0 8 0 0 0 18209 0 49071 
0 7614 6706894 0 0 8 0 0 0 18217 0 49079 
0 7615 6706895 0 0 8 0 0 0 18225 0 49087 
0 7616 6706896 0 0 5 0 0 0 18233 0 49095 
0 7617 6706897 0 0 5 0 0 0 18238 0 49100 
0 7618 6706898 0 0 8 0 0 0 18243 0 49105 
0 7619 6706899 0 0 8 0 0 0 17714 0 49113 
0 7620 6706900 0 0 8 0 0 0 17296 0 49121 
0 7621 6706901 0 0 8 0 0 0 17304 0 49129 
0 7622 6706902 0 0 8 0 0 0 17312 0 49137 
0 7623 6706903 0 0 8 0 0 0 17320 0 49145 
0 7624 6706904 0 0 8 0 0 0 17328 0 49153 
0 7625 6706905 0 0 8 0 0 0 17336 0 49161 
0 7626 6706906 0 0 8 0 0 0 17344 0 49169 
0 7627 6706907 0 0 8 0 0 0 17352 0 49177 
0 7628 6706908 0 0 8 0 0 0 17360 0 49185 
0 7629 6706909 0 0 8 0 0 0 17368 0 49193 
0 7630 6706910 0 0 8 0 0 0 17376 0 49201 
0 7631 6706911 0 0 8 0 0 0 17288 0 49209 
0 7632 6706913 0 0 8 0 0 0 17389 0 49217 
0 7633 6706915 0 0 8 0 0 0 17397 0 49225 
0 7634 6706916 0 0 8 0 0 0 17405 0 49233 
0 7635 6706917 0 0 8 0 0 0 17413 0 49241 
0 7636 6706918 0 0 8 0 0 0 17421 0 49249 
0 7637 6706919 0 0 8 0 0 0 17429 0 49257 
0 7638 6706920 0 0 6 0 0 0 17437 0 49265 
0 7639 6706921 0 0 8 0 0 0 17443 0 49271 
0 7640 6706922 0 0 8 0 0 0 17451 0 49279 
0 7641 6706923 0 0 8 0 0 0 17459 0 49287 
0 7642 6706924 0 0 8 0 0 0 17467 0 49295 
0 7643 6706925 0 0 8 0 0 0 17199 0 49303 
0 7644 6706926 0 0 8 0 0 0 17103 0 49311 
0 7645 6706927 0 0 8 0 0 0 17111 0 49319 
0 7646 6706928 0 0 8 0 0 0 17119 0 49327 
0 7647 6706929 0 0 8 0 0 0 17127 0 49335 
0 7648 6706930 0 0 8 0 0 0 17135 0 49343 
0 7649 6706931 0 0 8 0 0 0 17143 0 49351 
0 7650 6706932 0 0 8 0 0 0 17151 0 49359 
0 7651 6706933 0 0 8 0 0 0 17159 0 49367 
0 7652 6706934 0 0 8 0 0 0 17167 0 49375 
0 7653 6706935 0 0 8 0 0 0 17175 0 49383 
0 7654 6706936 0 0 8 0 0 0 17183 0 49391 
0 7655 6706937 0 0 8 0 0 0 17191 0 49399 
0 7656 6706938 0 0 8 0 0 0 17095 0 49407 
0 7657 6706939 0 0 8 0 0 0 17207 0 49415 
0 7658 6706940 0 0 8 0 0 0 17215 0 49423 
0 7659 6706941 0 0 8 0 0 0 17223 0 49431 
0 7660 6706942 0 0 8 0 0 0 17231 0 49439 
0 7661 6706943 0 0 8 0 0 0 17239 0 49447 
0 7662 6707142 0 0 6 0 0 0 17247 0 49455 
0 7663 6707143 0 0 6 0 0 0 17253 0 49461 
0 7664 6707145 0 0 8 0 0 0 17259 0 49467 
0 7665 6707147 0 0 8 0 0 0 17267 0 49475 
0 7666 6707148 0 0 5 0 0 0 17275 0 49483 
0 7667 6707149 0 0 8 0 0 0 17280 0 49488 
0 7668 6707150 0 0 5 0 0 0 17384 0 49496 
0 7669 6707151 0 0 8 0 0 0 17632 0 49501 
0 7670 6707152 0 0 5 0 0 0 17640 0 49509 
0 7671 6707153 0 0 8 0 0 0 17645 0 49514 
0 7672 6707154 0 0 5 0 0 0 17653 0 49522 
0 7673 6707155 0 0 8 0 0 0 17658 0 49527 
0 7674 6707156 0 0 8 0 0 0 17666 0 49535 
0 7675 6707157 0 0 8 0 0 0 17674 0 49543 
0 7676 6707158 0 0 8 0 0 0 17682 0 49551 
0 7677 6707159 0 0 8 0 0 0 17690 0 49559 
0 7678 6707161 0 0 8 0 0 0 17698 0 49567 
0 7679 6707163 0 0 8 0 0 0 17706 0 49575 
0 7680 6707164 0 0 5 0 0 0 17627 0 49583 
0 7681 6707165 0 0 8 0 0 0 17722 0 49588 
0 7682 6707166 0 0 5 0 0 0 17730 0 49596 
0 7683 6707167 0 0 8 0 0 0 17735 0 49601 
0 7684 6707169 0 0 5 0 0 0 17743 0 49609 
0 7685 6707171 0 0 5 0 0 0 17748 0 49614 
0 7686 6707173 0 0 8 0 0 0 17753 0 49619 
0 7687 6707175 0 0 8 0 0 0 17761 0 49627 
0 7688 6707181 0 0 5 0 0 0 17769 0 49635 
0 7689 6707183 0 0 5 0 0 0 17774 0 49640 
0 7690 6707185 0 0 5 0 0 0 17779 0 49645 
0 7691 6707187 0 0 5 0 0 0 17784 0 49650 
0 7692 6707189 0 0 8 0 0 0 17546 0 49655 
0 7693 6707191 0 0 8 0 0 0 17482 0 49663 
0 7694 6707197 0 0 5 0 0 0 17490 0 49671 
0 7695 6707199 0 0 5 0 0 0 17495 0 49676 
0 7696 6708704 0 0 5 0 0 0 17500 0 49681 
0 7697 6708705 0 0 5 0 0 0 17505 0 49686 
0 7698 6708706 0 0 6 0 0 0 17510 0 49691 
0 7699 6708707 0 0 6 0 0 0 17516 0 49697 
0 7700 6708710 0 0 5 0 0 0 17522 0 49703 
0 7701 6708711 0 0 5 0 0 0 17527 0 49708 
0 7702 6708712 0 0 7 0 0 0 17532 0 49713 
0 7703 6708713 0 0 7 0 0 0 17539 0 49720 
0 7704 6708714 0 0 7 0 0 0 17475 0 49727 
0 7705 6708715 0 0 7 0 0 0 17554 0 49734 
0 7706 6708716 0 0 7 0 0 0 17561 0 49741 
0 7707 6708717 0 0 7 0 0 0 17568 0 49748 
0 7708 6708718 0 0 7 0 0 0 17575 0 49755 
0 7709 6708719 0 0 7 0 0 0 17582 0 49762 
0 7710 6708728 0 0 6 0 0 0 17589 0 49769 
0 7711 6708729 0 0 6 0 0 0 17595 0 49775 
0 7712 6708730 0 0 7 0 0 0 17601 0 49781 
0 7713 6708731 0 0 7 0 0 0 17608 0 49788 
0 7714 6708734 0 0 6 0 0 0 17615 0 49795 
0 7715 6708735 0 0 6 0 0 0 17621 0 49801 
0 7716 6708934 0 0 5 0 0 0 10531 0 49807 
0 7717 6708935 0 0 5 0 0 0 3505 0 49812 
0 7718 6708938 0 0 6 0 0 0 3510 0 49817 
0 7719 6708939 0 0 6 0 0 0 3516 0 49823 
0 7720 6708940 0 0 5 0 0 0 3522 0 49829 
0 7721 6708941 0 0 5 0 0 0 3527 0 49834 
0 7722 6708942 0 0 8 0 0 0 3532 0 49839 
0 7723 6708943 0 0 8 0 0 0 3540 0 49847 
0 7724 6708958 0 0 5 0 0 0 3548 0 49855 
0 7725 6708959 0 0 5 0 0 0 3553 0 49860 
0 7726 6708960 0 0 5 0 0 0 3558 0 49865 
0 7727 6708961 0 0 5 0 0 0 3563 0 49870 
0 7728 6708962 0 0 8 0 0 0 3497 0 49875 
0 7729 6708963 0 0 8 0 0 0 3572 0 49883 
0 7730 6708966 0 0 7 0 0 0 3580 0 49891 
0 7731 6708967 0 0 7 0 0 0 3587 0 49898 
0 7732 6708970 0 0 6 0 0 0 3594 0 49905 
0 7733 6708971 0 0 6 0 0 0 3600 0 49911 
0 7734 6708972 0 0 5 0 0 0 3606 0 49917 
0 7735 6708973 0 0 5 0 0 0 3611 0 49922 
0 7736 6708974 0 0 8 0 0 0 3616 0 49927 
0 7737 6708975 0 0 8 0 0 0 3624 0 49935 
0 7738 6708990 0 0 5 0 0 0 3632 0 49943 
0 7739 6708991 0 0 5 0 0 0 3637 0 49948 
0 7740 6709058 0 0 2 0 0 0 3415 0 49953 
0 7741 6709059 0 0 6 0 0 0 3343 0 49955 
0 7742 6709060 0 0 5 0 0 0 3349 0 49961 
0 7743 6709061 0 0 5 0 0 0 3354 0 49966 
0 7744 6709062 0 0 8 0 0 0 3359 0 49971 
0 7745 6709063 0 0 8 0 0 0 3367 0 49979 
0 7746 6709065 0 0 8 0 0 0 3375 0 49987 
0 7747 6709067 0 0 8 0 0 0 3383 0 49995 
0 7748 6709068 0 0 4 0 0 0 3391 0 50003 
0 7749 6709069 0 0 8 0 0 0 3395 0 50007 
0 7750 6709070 0 0 4 0 0 0 3403 0 50015 
0 7751 6709071 0 0 8 0 0 0 3407 0 50019 
0 7752 6709072 0 0 4 0 0 0 3339 0 50027 
0 7753 6709073 0 0 8 0 0 0 3417 0 50031 
0 7754 6709074 0 0 4 0 0 0 3425 0 50039 
0 7755 6709075 0 0 8 0 0 0 3429 0 50043 
0 7756 6709076 0 0 8 0 0 0 3437 0 50051 
0 7757 6709077 0 0 8 0 0 0 3445 0 50059 
0 7758 6709078 0 0 8 0 0 0 3453 0 50067 
0 7759 6709079 0 0 8 0 0 0 3461 0 50075 
0 7760 6709081 0 0 8 0 0 0 3469 0 50083 
0 7761 6709083 0 0 8 0 0 0 3477 0 50091 
0 7762 6709084 0 0 4 0 0 0 3485 0 50099 
0 7763 6709085 0 0 8 0 0 0 3489 0 50103 
0 7764 6709086 0 0 4 0 0 0 3568 0 50111 
0 7765 6709087 0 0 8 0 0 0 3828 0 50115 
0 7766 6709089 0 0 4 0 0 0 3836 0 50123 
0 7767 6709091 0 0 4 0 0 0 3840 0 50127 
0 7768 6709093 0 0 8 0 0 0 3844 0 50131 
0 7769 6709095 0 0 8 0 0 0 3852 0 50139 
0 7770 6709101 0 0 4 0 0 0 3860 0 50147 
0 7771 6709103 0 0 4 0 0 0 3864 0 50151 
0 7772 6709105 0 0 4 0 0 0 3868 0 50155 
0 7773 6709107 0 0 4 0 0 0 3872 0 50159 
0 7774 6709109 0 0 8 0 0 0 3876 0 50163 
0 7775 6709111 0 0 8 0 0 0 3884 0 50171 
0 7776 6709117 0 0 4 0 0 0 3824 0 50179 
0 7777 6709119 0 0 4 0 0 0 3899 0 50183 
0 7778 6709190 0 0 5 0 0 0 3903 0 50187 
0 7779 6709191 0 0 5 0 0 0 3908 0 50192 
0 7780 6709192 0 0 8 0 0 0 3913 0 50197 
0 7781 6709193 0 0 8 0 0 0 3921 0 50205 
0 7782 6709194 0 0 8 0 0 0 3929 0 50213 
0 7783 6709195 0 0 8 0 0 0 3937 0 50221 
0 7784 6709196 0 0 8 0 0 0 3945 0 50229 
0 7785 6709197 0 0 8 0 0 0 3953 0 50237 
0 7786 6709198 0 0 8 0 0 0 3961 0 50245 
0 7787 6709199 0 0 8 0 0 0 3969 0 50253 
0 7788 6709208 0 0 7 0 0 0 3731 0 50261 
0 7789 6709209 0 0 7 0 0 0 3650 0 50268 
0 7790 6709210 0 0 8 0 0 0 3657 0 50275 
0 7791 6709211 0 0 8 0 0 0 3665 0 50283 
0 7792 6709214 0 0 7 0 0 0 3673 0 50291 
0 7793 6709215 0 0 7 0 0 0 3680 0 50298 
0 7794 6709216 0 0 7 0 0 0 3687 0 50305 
0 7795 6709217 0 0 7 0 0 0 3694 0 50312 
0 7796 6709218 0 0 8 0 0 0 3701 0 50319 
0 7797 6709219 0 0 8 0 0 0 3709 0 50327 
0 7798 6709222 0 0 7 0 0 0 3717 0 50335 
0 7799 6709223 0 0 7 0 0 0 3724 0 50342 
0 7800 6709224 0 0 8 0 0 0 3642 0 50349 
0 7801 6709225 0 0 8 0 0 0 3738 0 50357 
0 7802 6709226 0 0 8 0 0 0 3746 0 50365 
0 7803 6709227 0 0 8 0 0 0 3754 0 50373 
0 7804 6709228 0 0 8 0 0 0 3762 0 50381 
0 7805 6709229 0 0 8 0 0 0 3770 0 50389 
0 7806 6709230 0 0 8 0 0 0 3778 0 50397 
0 7807 6709231 0 0 8 0 0 0 3786 0 50405 
0 7808 6709240 0 0 7 0 0 0 3794 0 50413 
0 7809 6709241 0 0 7 0 0 0 3801 0 50420 
0 7810 6709242 0 0 8 0 0 0 3808 0 50427 
0 7811 6709243 0 0 8 0 0 0 3816 0 50435 
0 7812 6709246 0 0 7 0 0 0 3260 0 50443 
0 7813 6709247 0 0 7 0 0 0 2926 0 50450 
0 7814 6717376 0 0 3 0 0 0 2933 0 50457 
0 7815 6717377 0 0 5 0 0 0 2936 0 50460 
0 7816 6717378 0 0 4 0 0 0 2941 0 50465 
0 7817 6717379 0 0 7 0 0 0 2945 0 50469 
0 7818 6717382 0 0 6 0 0 0 2952 0 50476 
0 7819 6717383 0 0 6 0 0 0 2958 0 50482 
0 7820 6717387 0 0 6 0 0 0 2964 0 50488 
0 7821 6717388 0 0 3 0 0 0 2970 0 50494 
0 7822 6717389 0 0 5 0 0 0 2973 0 50497 
0 7823 6717390 0 0 4 0 0 0 2978 0 50502 
0 7824 6717391 0 0 7 0 0 0 2919 0 50506 
0 7825 6717406 0 0 3 0 0 0 2988 0 50513 
0 7826 6717407 0 0 5 0 0 0 2991 0 50516 
0 7827 6717409 0 0 3 0 0 0 2996 0 50521 
0 7828 6717411 0 0 4 0 0 0 2999 0 50524 
0 7829 6717415 0 0 6 0 0 0 3003 0 50528 
0 7830 6717421 0 0 3 0 0 0 3009 0 50534 
0 7831 6717423 0 0 4 0 0 0 3012 0 50537 
0 7832 6717439 0 0 3 0 0 0 3016 0 50541 
0 7833 6731585 0 0 4 0 0 0 3019 0 50544 
0 7834 6731587 0 0 5 0 0 0 3023 0 50548 
0 7835 6731588 0 0 4 0 0 0 3028 0 50553 
0 7836 6731589 0 0 6 0 0 0 2858 0 50557 
0 7837 6731590 0 0 4 0 0 0 2793 0 50563 
0 7838 6731591 0 0 6 0 0 0 2797 0 50567 
0 7839 6731595 0 0 4 0 0 0 2803 0 50573 
0 7840 6731596 0 0 6 0 0 0 2807 0 50577 
0 7841 6731597 0 0 6 0 0 0 2813 0 50583 
0 7842 6731598 0 0 6 0 0 0 2819 0 50589 
0 7843 6731599 0 0 6 0 0 0 2825 0 50595 
0 7844 6731604 0 0 5 0 0 0 2831 0 50601 
0 7845 6731605 0 0 5 0 0 0 2836 0 50606 
0 7846 6731606 0 0 6 0 0 0 2841 0 50611 
0 7847 6731607 0 0 6 0 0 0 2847 0 50617 
0 7848 6731614 0 0 5 0 0 0 2853 0 50623 
0 7849 6731615 0 0 5 0 0 0 2788 0 50628 
0 7850 6731617 0 0 4 0 0 0 2864 0 50633 
0 7851 6731619 0 0 5 0 0 0 2868 0 50637 
0 7852 6731621 0 0 6 0 0 0 2873 0 50642 
0 7853 6731623 0 0 6 0 0 0 2879 0 50648 
0 7854 6731627 0 0 4 0 0 0 2885 0 50654 
0 7855 6731628 0 0 4 0 0 0 2889 0 50658 
0 7856 6731629 0 0 6 0 0 0 2893 0 50662 
0 7857 6731630 0 0 4 0 0 0 2899 0 50668 
0 7858 6731631 0 0 6 0 0 0 2903 0 50672 
0 7859 6731636 0 0 5 0 0 0 2909 0 50678 
0 7860 6731637 0 0 5 0 0 0 2914 0 50683 
0 7861 6731638 0 0 6 0 0 0 2982 0 50688 
0 7862 6731639 0 0 6 0 0 0 3193 0 50694 
0 7863 6731646 0 0 5 0 0 0 3199 0 50700 
0 7864 6731647 0 0 5 0 0 0 3204 0 50705 
0 7865 6731648 0 0 3 0 0 0 3209 0 50710 
0 7866 6731649 0 0 6 0 0 0 3212 0 50713 
0 7867 6731650 0 0 7 0 0 0 3218 0 50719 
0 7868 6731651 0 0 7 0 0 0 3225 0 50726 
0 7869 6731652 0 0 7 0 0 0 3232 0 50733 
0 7870 6731653 0 0 7 0 0 0 3239 0 50740 
0 7871 6731654 0 0 7 0 0 0 3246 0 50747 
0 7872 6731655 0 0 7 0 0 0 3253 0 50754 
0 7873 6731658 0 0 6 0 0 0 3187 0 50761 
0 7874 6731659 0 0 6 0 0 0 3267 0 50767 
0 7875 6731660 0 0 7 0 0 0 3273 0 50773 
0 7876 6731661 0 0 7 0 0 0 3280 0 50780 
0 7877 6731662 0 0 7 0 0 0 3287 0 50787 
0 7878 6731663 0 0 7 0 0 0 3294 0 50794 
0 7879 6731668 0 0 6 0 0 0 3301 0 50801 
0 7880 6731669 0 0 6 0 0 0 3307 0 50807 
0 7881 6731670 0 0 7 0 0 0 3313 0 50813 
0 7882 6731671 0 0 7 0 0 0 3320 0 50820 
0 7883 6731678 0 0 6 0 0 0 3327 0 50827 
0 7884 6731679 0 0 6 0 0 0 3333 0 50833 
0 7885 6731680 0 0 6 0 0 0 3113 0 50839 
0 7886 6731681 0 0 6 0 0 0 3039 0 50845 
0 7887 6731682 0 0 7 0 0 0 3045 0 50851 
0 7888 6731683 0 0 7 0 0 0 3052 0 50858 
0 7889 6731684 0 0 7 0 0 0 3059 0 50865 
0 7890 6731685 0 0 7 0 0 0 3066 0 50872 
0 7891 6731686 0 0 7 0 0 0 3073 0 50879 
0 7892 6731687 0 0 7 0 0 0 3080 0 50886 
0 7893 6731690 0 0 6 0 0 0 3087 0 50893 
0 7894 6731691 0 0 6 0 0 0 3093 0 50899 
0 7895 6731692 0 0 7 0 0 0 3099 0 50905 
0 7896 6731693 0 0 7 0 0 0 3106 0 50912 
0 7897 6731694 0 0 7 0 0 0 3032 0 50919 
0 7898 6731695 0 0 7 0 0 0 3119 0 50926 
0 7899 6731700 0 0 6 0 0 0 3126 0 50933 
0 7900 6731701 0 0 6 0 0 0 3132 0 50939 
0 7901 6731702 0 0 7 0 0 0 3138 0 50945 
0 7902 6731703 0 0 7 0 0 0 3145 0 50952 
0 7903 6731710 0 0 6 0 0 0 3152 0 50959 
0 7904 6731711 0 0 6 0 0 0 3158 0 50965 
0 7905 6731712 0 0 3 0 0 0 3164 0 50971 
0 7906 6731713 0 0 6 0 0 0 3167 0 50974 
0 7907 6731714 0 0 7 0 0 0 3173 0 50980 
0 7908 6731715 0 0 7 0 0 0 3180 0 50987 
0 7909 6731716 0 0 7 0 0 0 3892 0 50994 
0 7910 6731717 0 0 7 0 0 0 4767 0 51001 
0 7911 6731718 0 0 7 0 0 0 4774 0 51008 
0 7912 6731719 0 0 7 0 0 0 4781 0 51015 
0 7913 6731722 0 0 6 0 0 0 4788 0 51022 
0 7914 6731723 0 0 6 0 0 0 4794 0 51028 
0 7915 6731724 0 0 7 0 0 0 4800 0 51034 
0 7916 6731725 0 0 7 0 0 0 4807 0 51041 
0 7917 6731726 0 0 7 0 0 0 4814 0 51048 
0 7918 6731727 0 0 7 0 0 0 4821 0 51055 
0 7919 6731732 0 0 6 0 0 0 4828 0 51062 
0 7920 6731733 0 0 6 0 0 0 4834 0 51068 
0 7921 6731734 0 0 7 0 0 0 4760 0 51074 
0 7922 6731735 0 0 7 0 0 0 4845 0 51081 
0 7923 6731742 0 0 6 0 0 0 4852 0 51088 
0 7924 6731743 0 0 6 0 0 0 4858 0 51094 
0 7925 6731744 0 0 6 0 0 0 4864 0 51100 
0 7926 6731745 0 0 6 0 0 0 4870 0 51106 
0 7927 6731746 0 0 7 0 0 0 4876 0 51112 
0 7928 6731747 0 0 7 0 0 0 4883 0 51119 
0 7929 6731748 0 0 7 0 0 0 4890 0 51126 
0 7930 6731749 0 0 7 0 0 0 4897 0 51133 
0 7931 6731750 0 0 7 0 0 0 4904 0 51140 
0 7932 6731751 0 0 7 0 0 0 4911 0 51147 
0 7933 6731754 0 0 6 0 0 0 4681 0 51154 
0 7934 6731755 0 0 6 0 0 0 4609 0 51160 
0 7935 6731756 0 0 7 0 0 0 4615 0 51166 
0 7936 6731757 0 0 7 0 0 0 4622 0 51173 
0 7937 6731758 0 0 7 0 0 0 4629 0 51180 
0 7938 6731759 0 0 7 0 0 0 4636 0 51187 
0 7939 6731764 0 0 6 0 0 0 4643 0 51194 
0 7940 6731765 0 0 6 0 0 0 4649 0 51200 
0 7941 6731766 0 0 7 0 0 0 4655 0 51206 
0 7942 6731767 0 0 7 0 0 0 4662 0 51213 
0 7943 6731774 0 0 6 0 0 0 4669 0 51220 
0 7944 6731775 0 0 6 0 0 0 4675 0 51226 
0 7945 6732736 0 0 5 0 0 0 4604 0 51232 
0 7946 6732737 0 0 5 0 0 0 4687 0 51237 
0 7947 6732738 0 0 8 0 0 0 4692 0 51242 
0 7948 6732739 0 0 8 0 0 0 4700 0 51250 
0 7949 6732742 0 0 6 0 0 0 4708 0 51258 
0 7950 6732743 0 0 6 0 0 0 4714 0 51264 
0 7951 6732746 0 0 7 0 0 0 4720 0 51270 
0 7952 6732747 0 0 7 0 0 0 4727 0 51277 
0 7953 6732748 0 0 5 0 0 0 4734 0 51284 
0 7954 6732749 0 0 5 0 0 0 4739 0 51289 
0 7955 6732750 0 0 8 0 0 0 4744 0 51294 
0 7956 6732751 0 0 8 0 0 0 4752 0 51302 
0 7957 6732766 0 0 5 0 0 0 4840 0 51310 
0 7958 6732767 0 0 5 0 0 0 5084 0 51315 
0 7959 6732768 0 0 5 0 0 0 5089 0 51320 
0 7960 6732769 0 0 5 0 0 0 5094 0 51325 
0 7961 6732770 0 0 8 0 0 0 5099 0 51330 
0 7962 6732771 0 0 8 0 0 0 5107 0 51338 
0 7963 6732774 0 0 6 0 0 0 5115 0 51346 
0 7964 6732775 0 0 6 0 0 0 5121 0 51352 
0 7965 6732778 0 0 7 0 0 0 5127 0 51358 
0 7966 6732779 0 0 7 0 0 0 5134 0 51365 
0 7967 6732780 0 0 5 0 0 0 5141 0 51372 
0 7968 6732781 0 0 5 0 0 0 5146 0 51377 
0 7969 6732782 0 0 8 0 0 0 5076 0 51382 
0 7970 6732783 0 0 8 0 0 0 5157 0 51390 
0 7971 6732798 0 0 5 0 0 0 5165 0 51398 
0 7972 6732799 0 0 5 0 0 0 5170 0 51403 
0 7973 6733760 0 0 6 0 0 0 5175 0 51408 
0 7974 6733761 0 0 6 0 0 0 5181 0 51414 
0 7975 6733762 0 0 7 0 0 0 5187 0 51420 
0 7976 6733763 0 0 7 0 0 0 5194 0 51427 
0 7977 6733764 0 0 7 0 0 0 5201 0 51434 
0 7978 6733765 0 0 7 0 0 0 5208 0 51441 
0 7979 6733766 0 0 7 0 0 0 5215 0 51448 
0 7980 6733767 0 0 7 0 0 0 5222 0 51455 
0 7981 6733770 0 0 6 0 0 0 4996 0 51462 
0 7982 6733771 0 0 6 0 0 0 4924 0 51468 
0 7983 6733772 0 0 7 0 0 0 4930 0 51474 
0 7984 6733773 0 0 7 0 0 0 4937 0 51481 
0 7985 6733774 0 0 7 0 0 0 4944 0 51488 
0 7986 6733775 0 0 7 0 0 0 4951 0 51495 
0 7987 6733780 0 0 6 0 0 0 4958 0 51502 
0 7988 6733781 0 0 6 0 0 0 4964 0 51508 
0 7989 6733782 0 0 7 0 0 0 4970 0 51514 
0 7990 6733783 0 0 7 0 0 0 4977 0 51521 
0 7991 6733790 0 0 6 0 0 0 4984 0 51528 
0 7992 6733791 0 0 6 0 0 0 4990 0 51534 
0 7993 6733792 0 0 6 0 0 0 4918 0 51540 
0 7994 6733793 0 0 6 0 0 0 5002 0 51546 
0 7995 6733794 0 0 7 0 0 0 5008 0 51552 
0 7996 6733795 0 0 7 0 0 0 5015 0 51559 
0 7997 6733796 0 0 7 0 0 0 5022 0 51566 
0 7998 6733797 0 0 7 0 0 0 5029 0 51573 
0 7999 6733798 0 0 7 0 0 0 5036 0 51580 
0 8000 6733799 0 0 7 0 0 0 5043 0 51587 
0 8001 6733802 0 0 6 0 0 0 5050 0 51594 
0 8002 6733803 0 0 6 0 0 0 5056 0 51600 
0 8003 6733804 0 0 7 0 0 0 5062 0 51606 
0 8004 6733805 0 0 7 0 0 0 5069 0 51613 
0 8005 6733806 0 0 7 0 0 0 4526 0 51620 
0 8006 6733807 0 0 7 0 0 0 4144 0 51627 
0 8007 6733812 0 0 6 0 0 0 4151 0 51634 
0 8008 6733813 0 0 6 0 0 0 4157 0 51640 
0 8009 6733814 0 0 7 0 0 0 4163 0 51646 
0 8010 6733815 0 0 7 0 0 0 4170 0 51653 
0 8011 6733822 0 0 6 0 0 0 4177 0 51660 
0 8012 6733823 0 0 6 0 0 0 4183 0 51666 
0 8013 6739305 0 0 4 0 0 0 4189 0 51672 
0 8014 6739307 0 0 4 0 0 0 4193 0 51676 
0 8015 6739308 0 0 3 0 0 0 4197 0 51680 
0 8016 6739309 0 0 5 0 0 0 4200 0 51683 
0 8017 6739310 0 0 3 0 0 0 4141 0 51688 
0 8018 6739311 0 0 5 0 0 0 4211 0 51691 
0 8019 6739312 0 0 7 0 0 0 4216 0 51696 
0 8020 6739313 0 0 7 0 0 0 4223 0 51703 
0 8021 6739314 0 0 7 0 0 0 4230 0 51710 
0 8022 6739315 0 0 7 0 0 0 4237 0 51717 
0 8023 6739316 0 0 7 0 0 0 4244 0 51724 
0 8024 6739317 0 0 7 0 0 0 4251 0 51731 
0 8025 6739318 0 0 7 0 0 0 4258 0 51738 
0 8026 6739319 0 0 7 0 0 0 4265 0 51745 
0 8027 6739320 0 0 7 0 0 0 4272 0 51752 
0 8028 6739321 0 0 7 0 0 0 4279 0 51759 
0 8029 6739322 0 0 7 0 0 0 4056 0 51766 
0 8030 6739323 0 0 7 0 0 0 3985 0 51773 
0 8031 6739324 0 0 7 0 0 0 3992 0 51780 
0 8032 6739325 0 0 7 0 0 0 3999 0 51787 
0 8033 6739326 0 0 7 0 0 0 4006 0 51794 
0 8034 6739327 0 0 7 0 0 0 4013 0 51801 
0 8035 6739376 0 0 4 0 0 0 4020 0 51808 
0 8036 6739377 0 0 4 0 0 0 4024 0 51812 
0 8037 6739378 0 0 6 0 0 0 4028 0 51816 
0 8038 6739379 0 0 6 0 0 0 4034 0 51822 
0 8039 6739382 0 0 4 0 0 0 4040 0 51828 
0 8040 6739383 0 0 4 0 0 0 4044 0 51832 
0 8041 6739384 0 0 8 0 0 0 4048 0 51836 
0 8042 6739385 0 0 8 0 0 0 3977 0 51844 
0 8043 6739386 0 0 8 0 0 0 4063 0 51852 
0 8044 6739387 0 0 8 0 0 0 4071 0 51860 
0 8045 6739388 0 0 8 0 0 0 4079 0 51868 
0 8046 6739389 0 0 8 0 0 0 4087 0 51876 
0 8047 6739390 0 0 8 0 0 0 4095 0 51884 
0 8048 6739391 0 0 8 0 0 0 4103 0 51892 
0 8049 6739448 0 0 6 0 0 0 4111 0 51900 
0 8050 6739449 0 0 6 0 0 0 4117 0 51906 
0 8051 6739450 0 0 6 0 0 0 4123 0 51912 
0 8052 6739451 0 0 6 0 0 0 4129 0 51918 
0 8053 6739452 0 0 6 0 0 0 4135 0 51924 
0 8054 6739453 0 0 6 0 0 0 4205 0 51930 
0 8055 6739454 0 0 6 0 0 0 4459 0 51936 
0 8056 6739455 0 0 6 0 0 0 4465 0 51942 
0 8057 6739531 0 0 3 0 0 0 4471 0 51948 
0 8058 6739532 0 0 6 0 0 0 4474 0 51951 
0 8059 6739533 0 0 6 0 0 0 4480 0 51957 
0 8060 6739534 0 0 6 0 0 0 4486 0 51963 
0 8061 6739535 0 0 6 0 0 0 4492 0 51969 
0 8062 6739540 0 0 6 0 0 0 4498 0 51975 
0 8063 6739541 0 0 6 0 0 0 4504 0 51981 
0 8064 6739542 0 0 8 0 0 0 4510 0 51987 
0 8065 6739543 0 0 8 0 0 0 4518 0 51995 
0 8066 6739550 0 0 6 0 0 0 4453 0 52003 
0 8067 6739551 0 0 6 0 0 0 4533 0 52009 
0 8068 6739553 0 0 5 0 0 0 4539 0 52015 
0 8069 6739555 0 0 7 0 0 0 4544 0 52020 
0 8070 6739556 0 0 4 0 0 0 4551 0 52027 
0 8071 6739557 0 0 8 0 0 0 4555 0 52031 
0 8072 6739558 0 0 4 0 0 0 4563 0 52039 
0 8073 6739559 0 0 8 0 0 0 4567 0 52043 
0 8074 6739563 0 0 5 0 0 0 4575 0 52051 
0 8075 6739564 0 0 8 0 0 0 4580 0 52056 
0 8076 6739565 0 0 8 0 0 0 4588 0 52064 
0 8077 6739566 0 0 8 0 0 0 4596 0 52072 
0 8078 6739567 0 0 8 0 0 0 4366 0 52080 
0 8079 6739572 0 0 6 0 0 0 4294 0 52088 
0 8080 6739573 0 0 6 0 0 0 4300 0 52094 
0 8081 6739574 0 0 8 0 0 0 4306 0 52100 
0 8082 6739575 0 0 8 0 0 0 4314 0 52108 
0 8083 6739582 0 0 6 0 0 0 4322 0 52116 
0 8084 6739583 0 0 6 0 0 0 4328 0 52122 
0 8085 6739602 0 0 6 0 0 0 4334 0 52128 
0 8086 6739603 0 0 6 0 0 0 4340 0 52134 
0 8087 6739606 0 0 6 0 0 0 4346 0 52140 
0 8088 6739607 0 0 6 0 0 0 4352 0 52146 
0 8089 6739610 0 0 8 0 0 0 4358 0 52152 
0 8090 6739611 0 0 8 0 0 0 4286 0 52160 
0 8091 6739612 0 0 5 0 0 0 4374 0 52168 
0 8092 6739613 0 0 5 0 0 0 4379 0 52173 
0 8093 6739614 0 0 8 0 0 0 4384 0 52178 
0 8094 6739615 0 0 8 0 0 0 4392 0 52186 
0 8095 6739616 0 0 5 0 0 0 4400 0 52194 
0 8096 6739617 0 0 8 0 0 0 4405 0 52199 
0 8097 6739618 0 0 8 0 0 0 4413 0 52207 
0 8098 6739619 0 0 8 0 0 0 4421 0 52215 
0 8099 6739620 0 0 8 0 0 0 4429 0 52223 
0 8100 6739621 0 0 8 0 0 0 4437 0 52231 
0 8101 6739622 0 0 8 0 0 0 4445 0 52239 
0 8102 6739623 0 0 8 0 0 0 2698 0 52247 
0 8103 6739624 0 0 8 0 0 0 854 0 52255 
0 8104 6739625 0 0 8 0 0 0 862 0 52263 
0 8105 6739626 0 0 8 0 0 0 870 0 52271 
0 8106 6739627 0 0 8 0 0 0 878 0 52279 
0 8107 6739628 0 0 8 0 0 0 886 0 52287 
0 8108 6739629 0 0 8 0 0 0 894 0 52295 
0 8109 6739630 0 0 8 0 0 0 902 0 52303 
0 8110 6739631 0 0 8 0 0 0 910 0 52311 
0 8111 6739632 0 0 8 0 0 0 918 0 52319 
0 8112 6739633 0 0 8 0 0 0 926 0 52327 
0 8113 6739634 0 0 8 0 0 0 934 0 52335 
0 8114 6739635 0 0 8 0 0 0 846 0 52343 
0 8115 6739636 0 0 8 0 0 0 950 0 52351 
0 8116 6739637 0 0 8 0 0 0 958 0 52359 
0 8117 6739638 0 0 8 0 0 0 966 0 52367 
0 8118 6739639 0 0 8 0 0 0 974 0 52375 
0 8119 6739640 0 0 8 0 0 0 982 0 52383 
0 8120 6739641 0 0 8 0 0 0 990 0 52391 
0 8121 6739642 0 0 8 0 0 0 998 0 52399 
0 8122 6739643 0 0 8 0 0 0 1006 0 52407 
0 8123 6739644 0 0 8 0 0 0 1014 0 52415 
0 8124 6739645 0 0 8 0 0 0 1022 0 52423 
0 8125 6739646 0 0 8 0 0 0 1030 0 52431 
0 8126 6739647 0 0 8 0 0 0 750 0 52439 
0 8127 6739674 0 0 6 0 0 0 677 0 52447 
0 8128 6739675 0 0 6 0 0 0 683 0 52453 
0 8129 6739676 0 0 6 0 0 0 689 0 52459 
0 8130 6739677 0 0 6 0 0 0 695 0 52465 
0 8131 6739678 0 0 6 0 0 0 701 0 52471 
0 8132 6739679 0 0 6 0 0 0 707 0 52477 
0 8133 6739680 0 0 5 0 0 0 713 0 52483 
0 8134 6739681 0 0 8 0 0 0 718 0 52488 
0 8135 6739682 0 0 8 0 0 0 726 0 52496 
0 8136 6739683 0 0 8 0 0 0 734 0 52504 
0 8137 6739684 0 0 8 0 0 0 742 0 52512 
0 8138 6739685 0 0 8 0 0 0 669 0 52520 
0 8139 6739686 0 0 8 0 0 0 758 0 52528 
0 8140 6739687 0 0 8 0 0 0 766 0 52536 
0 8141 6739688 0 0 8 0 0 0 774 0 52544 
0 8142 6739689 0 0 8 0 0 0 782 0 52552 
0 8143 6739690 0 0 8 0 0 0 790 0 52560 
0 8144 6739691 0 0 8 0 0 0 798 0 52568 
0 8145 6739692 0 0 8 0 0 0 806 0 52576 
0 8146 6739693 0 0 8 0 0 0 814 0 52584 
0 8147 6739694 0 0 8 0 0 0 822 0 52592 
0 8148 6739695 0 0 8 0 0 0 830 0 52600 
0 8149 6739696 0 0 8 0 0 0 838 0 52608 
0 8150 6739697 0 0 8 0 0 0 942 0 52616 
0 8151 6739698 0 0 8 0 0 0 1214 0 52624 
0 8152 6739699 0 0 8 0 0 0 1222 0 52632 
0 8153 6739700 0 0 8 0 0 0 1230 0 52640 
0 8154 6739701 0 0 8 0 0 0 1238 0 52648 
0 8155 6739702 0 0 8 0 0 0 1246 0 52656 
0 8156 6739703 0 0 8 0 0 0 1254 0 52664 
0 8157 6739704 0 0 8 0 0 0 1262 0 52672 
0 8158 6739705 0 0 8 0 0 0 1270 0 52680 
0 8159 6739706 0 0 8 0 0 0 1278 0 52688 
0 8160 6739707 0 0 8 0 0 0 1286 0 52696 
0 8161 6739708 0 0 8 0 0 0 1294 0 52704 
0 8162 6739709 0 0 8 0 0 0 1206 0 52712 
0 8163 6739710 0 0 8 0 0 0 1310 0 52720 
0 8164 6739711 0 0 8 0 0 0 1318 0 52728 
0 8165 6739745 0 0 5 0 0 0 1326 0 52736 
0 8166 6739747 0 0 5 0 0 0 1331 0 52741 
0 8167 6739749 0 0 6 0 0 0 1336 0 52746 
0 8168 6739751 0 0 6 0 0 0 1342 0 52752 
0 8169 6739753 0 0 7 0 0 0 1348 0 52758 
0 8170 6739755 0 0 7 0 0 0 1355 0 52765 
0 8171 6739757 0 0 8 0 0 0 1362 0 52772 
0 8172 6739759 0 0 8 0 0 0 1370 0 52780 
0 8173 6739761 0 0 8 0 0 0 1378 0 52788 
0 8174 6739762 0 0 5 0 0 0 1131 0 52796 
0 8175 6739763 0 0 8 0 0 0 1046 0 52801 
0 8176 6739764 0 0 8 0 0 0 1054 0 52809 
0 8177 6739765 0 0 8 0 0 0 1062 0 52817 
0 8178 6739766 0 0 8 0 0 0 1070 0 52825 
0 8179 6739767 0 0 8 0 0 0 1078 0 52833 
0 8180 6739769 0 0 8 0 0 0 1086 0 52841 
0 8181 6739770 0 0 5 0 0 0 1094 0 52849 
0 8182 6739771 0 0 8 0 0 0 1099 0 52854 
0 8183 6739772 0 0 8 0 0 0 1107 0 52862 
0 8184 6739773 0 0 8 0 0 0 1115 0 52870 
0 8185 6739774 0 0 8 0 0 0 1123 0 52878 
0 8186 6739775 0 0 8 0 0 0 1038 0 52886 
0 8187 6739817 0 0 5 0 0 0 1136 0 52894 
0 8188 6739819 0 0 5 0 0 0 1141 0 52899 
0 8189 6739820 0 0 4 0 0 0 1146 0 52904 
0 8190 6739821 0 0 6 0 0 0 1150 0 52908 
0 8191 6739822 0 0 4 0 0 0 1156 0 52914 
0 8192 6739823 0 0 6 0 0 0 1160 0 52918 
0 8193 6739824 0 0 8 0 0 0 1166 0 52924 
0 8194 6739825 0 0 8 0 0 0 1174 0 52932 
0 8195 6739826 0 0 8 0 0 0 1182 0 52940 
0 8196 6739827 0 0 8 0 0 0 1190 0 52948 
0 8197 6739828 0 0 8 0 0 0 1198 0 52956 
0 8198 6739829 0 0 8 0 0 0 577 0 52964 
0 8199 6739830 0 0 8 0 0 0 162 0 52972 
0 8200 6739831 0 0 8 0 0 0 170 0 52980 
0 8201 6739832 0 0 8 0 0 0 178 0 52988 
0 8202 6739833 0 0 8 0 0 0 186 0 52996 
0 8203 6739834 0 0 8 0 0 0 194 0 53004 
0 8204 6739835 0 0 8 0 0 0 202 0 53012 
0 8205 6739836 0 0 8 0 0 0 210 0 53020 
0 8206 6739837 0 0 8 0 0 0 218 0 53028 
0 8207 6739838 0 0 8 0 0 0 226 0 53036 
0 8208 6739839 0 0 8 0 0 0 234 0 53044 
0 8209 6739888 0 0 6 0 0 0 242 0 53052 
0 8210 6739889 0 0 6 0 0 0 156 0 53058 
0 8211 6739890 0 0 6 0 0 0 253 0 53064 
0 8212 6739891 0 0 6 0 0 0 259 0 53070 
0 8213 6739892 0 0 6 0 0 0 265 0 53076 
0 8214 6739893 0 0 6 0 0 0 271 0 53082 
0 8215 6739894 0 0 6 0 0 0 277 0 53088 
0 8216 6739895 0 0 6 0 0 0 283 0 53094 
0 8217 6739896 0 0 8 0 0 0 289 0 53100 
0 8218 6739897 0 0 8 0 0 0 297 0 53108 
0 8219 6739898 0 0 8 0 0 0 305 0 53116 
0 8220 6739899 0 0 8 0 0 0 313 0 53124 
0 8221 6739900 0 0 8 0 0 0 321 0 53132 
0 8222 6739901 0 0 8 0 0 0 78 0 53140 
0 8223 6739902 0 0 8 0 0 0 6 0 53148 
0 8224 6739903 0 0 8 0 0 0 14 0 53156 
0 8225 6739960 0 0 6 0 0 0 22 0 53164 
0 8226 6739961 0 0 6 0 0 0 28 0 53170 
0 8227 6739962 0 0 6 0 0 0 34 0 53176 
0 8228 6739963 0 0 6 0 0 0 40 0 53182 
0 8229 6739964 0 0 6 0 0 0 46 0 53188 
0 8230 6739965 0 0 6 0 0 0 52 0 53194 
0 8231 6739966 0 0 6 0 0 0 58 0 53200 
0 8232 6739967 0 0 6 0 0 0 64 0 53206 
0 8233 6740392 0 0 4 0 0 0 70 0 53212 
0 8234 6740393 0 0 4 0 0 0 74 0 53216 
0 8235 6740394 0 0 6 0 0 0 0 0 53220 
0 8236 6740395 0 0 6 0 0 0 86 0 53226 
0 8237 6740398 0 0 4 0 0 0 92 0 53232 
0 8238 6740399 0 0 4 0 0 0 96 0 53236 
0 8239 6740408 0 0 7 0 0 0 100 0 53240 
0 8240 6740409 0 0 7 0 0 0 107 0 53247 
0 8241 6740410 0 0 7 0 0 0 114 0 53254 
0 8242 6740411 0 0 7 0 0 0 121 0 53261 
0 8243 6740412 0 0 7 0 0 0 128 0 53268 
0 8244 6740413 0 0 7 0 0 0 135 0 53275 
0 8245 6740414 0 0 7 0 0 0 142 0 53282 
0 8246 6740415 0 0 7 0 0 0 149 0 53289 
0 8247 6740472 0 0 5 0 0 0 248 0 53296 
0 8248 6740473 0 0 5 0 0 0 515 0 53301 
0 8249 6740474 0 0 8 0 0 0 520 0 53306 
0 8250 6740475 0 0 8 0 0 0 528 0 53314 
0 8251 6740478 0 0 5 0 0 0 536 0 53322 
0 8252 6740479 0 0 5 0 0 0 541 0 53327 
0 8253 6740622 0 0 5 0 0 0 546 0 53332 
0 8254 6740623 0 0 5 0 0 0 551 0 53337 
0 8255 6740638 0 0 6 0 0 0 556 0 53342 
0 8256 6740639 0 0 6 0 0 0 562 0 53348 
0 8257 6740640 0 0 3 0 0 0 568 0 53354 
0 8258 6740641 0 0 6 0 0 0 571 0 53357 
0 8259 6740642 0 0 8 0 0 0 507 0 53363 
0 8260 6740643 0 0 8 0 0 0 585 0 53371 
0 8261 6740644 0 0 8 0 0 0 593 0 53379 
0 8262 6740645 0 0 8 0 0 0 601 0 53387 
0 8263 6740646 0 0 8 0 0 0 609 0 53395 
0 8264 6740647 0 0 8 0 0 0 617 0 53403 
0 8265 6740650 0 0 6 0 0 0 625 0 53411 
0 8266 6740651 0 0 6 0 0 0 631 0 53417 
0 8267 6740652 0 0 8 0 0 0 637 0 53423 
0 8268 6740653 0 0 8 0 0 0 645 0 53431 
0 8269 6740654 0 0 8 0 0 0 653 0 53439 
0 8270 6740655 0 0 8 0 0 0 661 0 53447 
0 8271 6740660 0 0 6 0 0 0 413 0 53455 
0 8272 6740661 0 0 6 0 0 0 337 0 53461 
0 8273 6740662 0 0 8 0 0 0 343 0 53467 
0 8274 6740663 0 0 8 0 0 0 351 0 53475 
0 8275 6740670 0 0 6 0 0 0 359 0 53483 
0 8276 6740671 0 0 6 0 0 0 365 0 53489 
0 8277 6740698 0 0 8 0 0 0 371 0 53495 
0 8278 6740699 0 0 8 0 0 0 379 0 53503 
0 8279 6740702 0 0 5 0 0 0 387 0 53511 
0 8280 6740703 0 0 5 0 0 0 392 0 53516 
0 8281 6740704 0 0 8 0 0 0 397 0 53521 
0 8282 6740705 0 0 8 0 0 0 405 0 53529 
0 8283 6740706 0 0 8 0 0 0 329 0 53537 
0 8284 6740707 0 0 8 0 0 0 419 0 53545 
0 8285 6740708 0 0 8 0 0 0 427 0 53553 
0 8286 6740709 0 0 8 0 0 0 435 0 53561 
0 8287 6740710 0 0 8 0 0 0 443 0 53569 
0 8288 6740711 0 0 8 0 0 0 451 0 53577 
0 8289 6740712 0 0 8 0 0 0 459 0 53585 
0 8290 6740713 0 0 8 0 0 0 467 0 53593 
0 8291 6740714 0 0 8 0 0 0 475 0 53601 
0 8292 6740715 0 0 8 0 0 0 483 0 53609 
0 8293 6740716 0 0 8 0 0 0 491 0 53617 
0 8294 6740717 0 0 8 0 0 0 499 0 53625 
0 8295 6740718 0 0 8 0 0 0 1302 0 53633 
0 8296 6740719 0 0 8 0 0 0 2286 0 53641 
0 8297 6740720 0 0 8 0 0 0 2294 0 53649 
0 8298 6740721 0 0 8 0 0 0 2302 0 53657 
0 8299 6740722 0 0 8 0 0 0 2310 0 53665 
0 8300 6740723 0 0 8 0 0 0 2318 0 53673 
0 8301 6740724 0 0 8 0 0 0 2326 0 53681 
0 8302 6740725 0 0 8 0 0 0 2334 0 53689 
0 8303 6740726 0 0 8 0 0 0 2342 0 53697 
0 8304 6740727 0 0 8 0 0 0 2350 0 53705 
0 8305 6740728 0 0 8 0 0 0 2358 0 53713 
0 8306 6740729 0 0 8 0 0 0 2366 0 53721 
0 8307 6740730 0 0 8 0 0 0 2278 0 53729 
0 8308 6740731 0 0 8 0 0 0 2382 0 53737 
0 8309 6740732 0 0 8 0 0 0 2390 0 53745 
0 8310 6740733 0 0 8 0 0 0 2398 0 53753 
0 8311 6740734 0 0 8 0 0 0 2406 0 53761 
0 8312 6740735 0 0 8 0 0 0 2414 0 53769 
0 8313 6740769 0 0 5 0 0 0 2422 0 53777 
0 8314 6740770 0 0 5 0 0 0 2427 0 53782 
0 8315 6740771 0 0 8 0 0 0 2432 0 53787 
0 8316 6740774 0 0 5 0 0 0 2440 0 53795 
0 8317 6740775 0 0 5 0 0 0 2445 0 53800 
0 8318 6740776 0 0 4 0 0 0 2450 0 53805 
0 8319 6740777 0 0 8 0 0 0 2182 0 53809 
0 8320 6740778 0 0 8 0 0 0 2094 0 53817 
0 8321 6740779 0 0 8 0 0 0 2102 0 53825 
0 8322 6740780 0 0 8 0 0 0 2110 0 53833 
0 8323 6740781 0 0 8 0 0 0 2118 0 53841 
0 8324 6740782 0 0 8 0 0 0 2126 0 53849 
0 8325 6740783 0 0 8 0 0 0 2134 0 53857 
0 8326 6740784 0 0 8 0 0 0 2142 0 53865 
0 8327 6740785 0 0 8 0 0 0 2150 0 53873 
0 8328 6740786 0 0 8 0 0 0 2158 0 53881 
0 8329 6740787 0 0 8 0 0 0 2166 0 53889 
0 8330 6740788 0 0 8 0 0 0 2174 0 53897 
0 8331 6740789 0 0 8 0 0 0 2086 0 53905 
0 8332 6740790 0 0 8 0 0 0 2190 0 53913 
0 8333 6740791 0 0 8 0 0 0 2198 0 53921 
0 8334 6740792 0 0 8 0 0 0 2206 0 53929 
0 8335 6740793 0 0 8 0 0 0 2214 0 53937 
0 8336 6740794 0 0 8 0 0 0 2222 0 53945 
0 8337 6740795 0 0 8 0 0 0 2230 0 53953 
0 8338 6740796 0 0 8 0 0 0 2238 0 53961 
0 8339 6740797 0 0 8 0 0 0 2246 0 53969 
0 8340 6740798 0 0 8 0 0 0 2254 0 53977 
0 8341 6740799 0 0 8 0 0 0 2262 0 53985 
0 8342 6740840 0 0 8 0 0 0 2270 0 53993 
0 8343 6740841 0 0 8 0 0 0 2374 0 54001 
0 8344 6740842 0 0 8 0 0 0 2619 0 54009 
0 8345 6740843 0 0 8 0 0 0 2627 0 54017 
0 8346 6740844 0 0 8 0 0 0 2635 0 54025 
0 8347 6740845 0 0 8 0 0 0 2643 0 54033 
0 8348 6740846 0 0 8 0 0 0 2651 0 54041 
0 8349 6740847 0 0 8 0 0 0 2659 0 54049 
0 8350 6740848 0 0 5 0 0 0 2667 0 54057 
0 8351 6740849 0 0 5 0 0 0 2672 0 54062 
0 8352 6740850 0 0 8 0 0 0 2677 0 54067 
0 8353 6740851 0 0 8 0 0 0 2685 0 54075 
0 8354 6740854 0 0 5 0 0 0 2693 0 54083 
0 8355 6740855 0 0 5 0 0 0 2614 0 54088 
0 8356 6740856 0 0 8 0 0 0 2706 0 54093 
0 8357 6740857 0 0 8 0 0 0 2714 0 54101 
0 8358 6740858 0 0 8 0 0 0 2722 0 54109 
0 8359 6740859 0 0 8 0 0 0 2730 0 54117 
0 8360 6740860 0 0 8 0 0 0 2738 0 54125 
0 8361 6740861 0 0 8 0 0 0 2746 0 54133 
0 8362 6740862 0 0 8 0 0 0 2754 0 54141 
0 8363 6740863 0 0 8 0 0 0 2762 0 54149 
0 8364 6740904 0 0 5 0 0 0 2770 0 54157 
0 8365 6740905 0 0 5 0 0 0 2775 0 54162 
0 8366 6740906 0 0 8 0 0 0 2780 0 54167 
0 8367 6740907 0 0 8 0 0 0 2538 0 54175 
0 8368 6740910 0 0 5 0 0 0 2459 0 54183 
0 8369 6740911 0 0 5 0 0 0 2464 0 54188 
0 8370 6740920 0 0 8 0 0 0 2469 0 54193 
0 8371 6740921 0 0 8 0 0 0 2477 0 54201 
0 8372 6740922 0 0 8 0 0 0 2485 0 54209 
0 8373 6740923 0 0 8 0 0 0 2493 0 54217 
0 8374 6740924 0 0 8 0 0 0 2501 0 54225 
0 8375 6740925 0 0 8 0 0 0 2509 0 54233 
0 8376 6740926 0 0 8 0 0 0 2517 0 54241 
0 8377 6740927 0 0 8 0 0 0 2525 0 54249 
0 8378 6740984 0 0 5 0 0 0 2533 0 54257 
0 8379 6740985 0 0 5 0 0 0 2454 0 54262 
0 8380 6740986 0 0 8 0 0 0 2546 0 54267 
0 8381 6740987 0 0 8 0 0 0 2554 0 54275 
0 8382 6740990 0 0 5 0 0 0 2562 0 54283 
0 8383 6740991 0 0 5 0 0 0 2567 0 54288 
0 8384 6741480 0 0 6 0 0 0 2572 0 54293 
0 8385 6741481 0 0 6 0 0 0 2578 0 54299 
0 8386 6741482 0 0 6 0 0 0 2584 0 54305 
0 8387 6741483 0 0 6 0 0 0 2590 0 54311 
0 8388 6741484 0 0 6 0 0 0 2596 0 54317 
0 8389 6741485 0 0 6 0 0 0 2602 0 54323 
0 8390 6741486 0 0 6 0 0 0 2608 0 54329 
0 8391 6741487 0 0 6 0 0 0 1999 0 54335 
0 8392 6741488 0 0 5 0 0 0 1574 0 54341 
0 8393 6741489 0 0 5 0 0 0 1579 0 54346 
0 8394 6741490 0 0 7 0 0 0 1584 0 54351 
0 8395 6741491 0 0 7 0 0 0 1591 0 54358 
0 8396 6741494 0 0 5 0 0 0 1598 0 54365 
0 8397 6741495 0 0 5 0 0 0 1603 0 54370 
0 8398 6741496 0 0 7 0 0 0 1608 0 54375 
0 8399 6741497 0 0 7 0 0 0 1615 0 54382 
0 8400 6741498 0 0 7 0 0 0 1622 0 54389 
0 8401 6741499 0 0 7 0 0 0 1629 0 54396 
0 8402 6741500 0 0 7 0 0 0 1636 0 54403 
0 8403 6741501 0 0 7 0 0 0 1567 0 54410 
0 8404 6741502 0 0 7 0 0 0 1648 0 54417 
0 8405 6741503 0 0 7 0 0 0 1655 0 54424 
0 8406 6741710 0 0 6 0 0 0 1662 0 54431 
0 8407 6741711 0 0 6 0 0 0 1668 0 54437 
0 8408 6741718 0 0 5 0 0 0 1674 0 54443 
0 8409 6741719 0 0 5 0 0 0 1679 0 54448 
0 8410 6741726 0 0 6 0 0 0 1684 0 54453 
0 8411 6741727 0 0 6 0 0 0 1690 0 54459 
0 8412 6741728 0 0 6 0 0 0 1696 0 54465 
0 8413 6741729 0 0 6 0 0 0 1702 0 54471 
0 8414 6741730 0 0 8 0 0 0 1708 0 54477 
0 8415 6741731 0 0 8 0 0 0 1482 0 54485 
0 8416 6741732 0 0 8 0 0 0 1394 0 54493 
0 8417 6741733 0 0 8 0 0 0 1402 0 54501 
0 8418 6741734 0 0 8 0 0 0 1410 0 54509 
0 8419 6741735 0 0 8 0 0 0 1418 0 54517 
0 8420 6741738 0 0 6 0 0 0 1426 0 54525 
0 8421 6741739 0 0 6 0 0 0 1432 0 54531 
0 8422 6741740 0 0 8 0 0 0 1438 0 54537 
0 8423 6741741 0 0 8 0 0 0 1446 0 54545 
0 8424 6741742 0 0 8 0 0 0 1454 0 54553 
0 8425 6741743 0 0 8 0 0 0 1462 0 54561 
0 8426 6741748 0 0 6 0 0 0 1470 0 54569 
0 8427 6741749 0 0 6 0 0 0 1476 0 54575 
0 8428 6741750 0 0 8 0 0 0 1386 0 54581 
0 8429 6741751 0 0 8 0 0 0 1490 0 54589 
0 8430 6741758 0 0 6 0 0 0 1498 0 54597 
0 8431 6741759 0 0 6 0 0 0 1504 0 54603 
0 8432 6741768 0 0 3 0 0 0 1510 0 54609 
0 8433 6741769 0 0 6 0 0 0 1513 0 54612 
0 8434 6741770 0 0 8 0 0 0 1519 0 54618 
0 8435 6741771 0 0 8 0 0 0 1527 0 54626 
0 8436 6741772 0 0 8 0 0 0 1535 0 54634 
0 8437 6741773 0 0 8 0 0 0 1543 0 54642 
0 8438 6741774 0 0 8 0 0 0 1551 0 54650 
0 8439 6741775 0 0 8 0 0 0 1559 0 54658 
0 8440 6741776 0 0 5 0 0 0 1643 0 54666 
0 8441 6741777 0 0 5 0 0 0 1914 0 54671 
0 8442 6741778 0 0 8 0 0 0 1919 0 54676 
0 8443 6741779 0 0 8 0 0 0 1927 0 54684 
0 8444 6741780 0 0 8 0 0 0 1935 0 54692 
0 8445 6741781 0 0 8 0 0 0 1943 0 54700 
0 8446 6741782 0 0 8 0 0 0 1951 0 54708 
0 8447 6741783 0 0 8 0 0 0 1959 0 54716 
0 8448 6741784 0 0 8 0 0 0 1967 0 54724 
0 8449 6741785 0 0 8 0 0 0 1975 0 54732 
0 8450 6741786 0 0 8 0 0 0 1983 0 54740 
0 8451 6741787 0 0 8 0 0 0 1991 0 54748 
0 8452 6741788 0 0 8 0 0 0 1906 0 54756 
0 8453 6741789 0 0 8 0 0 0 2005 0 54764 
0 8454 6741790 0 0 8 0 0 0 2013 0 54772 
0 8455 6741791 0 0 8 0 0 0 2021 0 54780 
0 8456 6741793 0 0 8 0 0 0 2029 0 54788 
0 8457 6741794 0 0 5 0 0 0 2037 0 54796 
0 8458 6741795 0 0 8 0 0 0 2042 0 54801 
0 8459 6741796 0 0 8 0 0 0 2050 0 54809 
0 8460 6741797 0 0 8 0 0 0 2058 0 54817 
0 8461 6741798 0 0 8 0 0 0 2066 0 54825 
0 8462 6741799 0 0 8 0 0 0 2074 0 54833 
0 8463 6741800 0 0 4 0 0 0 2082 0 54841 
0 8464 6741801 0 0 8 0 0 0 1812 0 54845 
0 8465 6741802 0 0 8 0 0 0 1724 0 54853 
0 8466 6741803 0 0 8 0 0 0 1732 0 54861 
0 8467 6741804 0 0 8 0 0 0 1740 0 54869 
0 8468 6741805 0 0 8 0 0 0 1748 0 54877 
0 8469 6741806 0 0 8 0 0 0 1756 0 54885 
0 8470 6741807 0 0 8 0 0 0 1764 0 54893 
0 8471 6741808 0 0 8 0 0 0 1772 0 54901 
0 8472 6741809 0 0 8 0 0 0 1780 0 54909 
0 8473 6741810 0 0 8 0 0 0 1788 0 54917 
0 8474 6741811 0 0 8 0 0 0 1796 0 54925 
0 8475 6741812 0 0 8 0 0 0 1804 0 54933 
0 8476 6741813 0 0 8 0 0 0 1716 0 54941 
0 8477 6741814 0 0 8 0 0 0 1820 0 54949 
0 8478 6741815 0 0 8 0 0 0 1828 0 54957 
0 8479 6741816 0 0 8 0 0 0 1836 0 54965 
0 8480 6741817 0 0 8 0 0 0 1844 0 54973 
0 8481 6741818 0 0 8 0 0 0 1852 0 54981 
0 8482 6741819 0 0 8 0 0 0 1860 0 54989 
0 8483 6741820 0 0 8 0 0 0 1868 0 54997 
0 8484 6741821 0 0 8 0 0 0 1876 0 55005 
0 8485 6741822 0 0 8 0 0 0 1884 0 55013 
0 8486 6741823 0 0 8 0 0 0 1892 0 55021 
0 8487 6741834 0 0 6 0 0 0 1900 0 55029 
0 8488 6741835 0 0 6 0 0 0 5151 0 55035 
0 8489 6741836 0 0 8 0 0 0 8677 0 55041 
0 8490 6741837 0 0 8 0 0 0 8685 0 55049 
0 8491 6741838 0 0 8 0 0 0 8693 0 55057 
0 8492 6741839 0 0 8 0 0 0 8701 0 55065 
0 8493 6741842 0 0 8 0 0 0 8709 0 55073 
0 8494 6741843 0 0 8 0 0 0 8717 0 55081 
0 8495 6741844 0 0 5 0 0 0 8725 0 55089 
0 8496 6741845 0 0 5 0 0 0 8730 0 55094 
0 8497 6741846 0 0 8 0 0 0 8735 0 55099 
0 8498 6741847 0 0 8 0 0 0 8743 0 55107 
0 8499 6741848 0 0 8 0 0 0 8751 0 55115 
0 8500 6741849 0 0 8 0 0 0 8669 0 55123 
0 8501 6741850 0 0 8 0 0 0 8767 0 55131 
0 8502 6741851 0 0 8 0 0 0 8775 0 55139 
0 8503 6741852 0 0 8 0 0 0 8783 0 55147 
0 8504 6741853 0 0 8 0 0 0 8791 0 55155 
0 8505 6741854 0 0 8 0 0 0 8799 0 55163 
0 8506 6741855 0 0 8 0 0 0 8807 0 55171 
0 8507 6741856 0 0 8 0 0 0 8815 0 55179 
0 8508 6741857 0 0 8 0 0 0 8823 0 55187 
0 8509 6741858 0 0 8 0 0 0 8831 0 55195 
0 8510 6741859 0 0 8 0 0 0 8839 0 55203 
0 8511 6741860 0 0 8 0 0 0 8847 0 55211 
0 8512 6741861 0 0 8 0 0 0 8573 0 55219 
0 8513 6741862 0 0 8 0 0 0 8485 0 55227 
0 8514 6741863 0 0 8 0 0 0 8493 0 55235 
0 8515 6741864 0 0 8 0 0 0 8501 0 55243 
0 8516 6741865 0 0 8 0 0 0 8509 0 55251 
0 8517 6741866 0 0 8 0 0 0 8517 0 55259 
0 8518 6741867 0 0 8 0 0 0 8525 0 55267 
0 8519 6741868 0 0 8 0 0 0 8533 0 55275 
0 8520 6741869 0 0 8 0 0 0 8541 0 55283 
0 8521 6741870 0 0 8 0 0 0 8549 0 55291 
0 8522 6741871 0 0 8 0 0 0 8557 0 55299 
0 8523 6741872 0 0 8 0 0 0 8565 0 55307 
0 8524 6741873 0 0 8 0 0 0 8477 0 55315 
0 8525 6741874 0 0 8 0 0 0 8581 0 55323 
0 8526 6741875 0 0 8 0 0 0 8589 0 55331 
0 8527 6741876 0 0 8 0 0 0 8597 0 55339 
0 8528 6741877 0 0 8 0 0 0 8605 0 55347 
0 8529 6741878 0 0 8 0 0 0 8613 0 55355 
0 8530 6741879 0 0 8 0 0 0 8621 0 55363 
0 8531 6741880 0 0 8 0 0 0 8629 0 55371 
0 8532 6741881 0 0 8 0 0 0 8637 0 55379 
0 8533 6741882 0 0 8 0 0 0 8645 0 55387 
0 8534 6741883 0 0 8 0 0 0 8653 0 55395 
0 8535 6741884 0 0 8 0 0 0 8661 0 55403 
0 8536 6741885 0 0 8 0 0 0 8759 0 55411 
0 8537 6741886 0 0 8 0 0 0 9055 0 55419 
0 8538 6741887 0 0 8 0 0 0 9063 0 55427 
0 8539 6741900 0 0 6 0 0 0 9071 0 55435 
0 8540 6741901 0 0 6 0 0 0 9077 0 55441 
0 8541 6741902 0 0 8 0 0 0 9083 0 55447 
0 8542 6741903 0 0 8 0 0 0 9091 0 55455 
0 8543 6741906 0 0 5 0 0 0 9099 0 55463 
0 8544 6741907 0 0 5 0 0 0 9104 0 55468 
0 8545 6741910 0 0 8 0 0 0 9109 0 55473 
0 8546 6741911 0 0 8 0 0 0 9117 0 55481 
0 8547 6741912 0 0 8 0 0 0 9125 0 55489 
0 8548 6741913 0 0 8 0 0 0 9047 0 55497 
0 8549 6741914 0 0 8 0 0 0 9140 0 55505 
0 8550 6741915 0 0 8 0 0 0 9148 0 55513 
0 8551 6741916 0 0 8 0 0 0 9156 0 55521 
0 8552 6741917 0 0 8 0 0 0 9164 0 55529 
0 8553 6741918 0 0 8 0 0 0 9172 0 55537 
0 8554 6741919 0 0 8 0 0 0 9180 0 55545 
0 8555 6741920 0 0 8 0 0 0 9188 0 55553 
0 8556 6741921 0 0 8 0 0 0 9196 0 55561 
0 8557 6741922 0 0 8 0 0 0 9204 0 55569 
0 8558 6741923 0 0 8 0 0 0 9212 0 55577 
0 8559 6741924 0 0 8 0 0 0 9220 0 55585 
0 8560 6741925 0 0 8 0 0 0 8951 0 55593 
0 8561 6741926 0 0 8 0 0 0 8863 0 55601 
0 8562 6741927 0 0 8 0 0 0 8871 0 55609 
0 8563 6741928 0 0 8 0 0 0 8879 0 55617 
0 8564 6741929 0 0 8 0 0 0 8887 0 55625 
0 8565 6741930 0 0 8 0 0 0 8895 0 55633 
0 8566 6741931 0 0 8 0 0 0 8903 0 55641 
0 8567 6741932 0 0 8 0 0 0 8911 0 55649 
0 8568 6741933 0 0 8 0 0 0 8919 0 55657 
0 8569 6741934 0 0 8 0 0 0 8927 0 55665 
0 8570 6741935 0 0 8 0 0 0 8935 0 55673 
0 8571 6741936 0 0 8 0 0 0 8943 0 55681 
0 8572 6741937 0 0 8 0 0 0 8855 0 55689 
0 8573 6741938 0 0 8 0 0 0 8959 0 55697 
0 8574 6741939 0 0 8 0 0 0 8967 0 55705 
0 8575 6741940 0 0 8 0 0 0 8975 0 55713 
0 8576 6741941 0 0 8 0 0 0 8983 0 55721 
0 8577 6741942 0 0 8 0 0 0 8991 0 55729 
0 8578 6741943 0 0 8 0 0 0 8999 0 55737 
0 8579 6741944 0 0 8 0 0 0 9007 0 55745 
0 8580 6741945 0 0 8 0 0 0 9015 0 55753 
0 8581 6741946 0 0 8 0 0 0 9023 0 55761 
0 8582 6741947 0 0 8 0 0 0 9031 0 55769 
0 8583 6741948 0 0 8 0 0 0 9039 0 55777 
0 8584 6741949 0 0 8 0 0 0 8400 0 55785 
0 8585 6741950 0 0 8 0 0 0 7978 0 55793 
0 8586 6741951 0 0 8 0 0 0 7986 0 55801 
0 8587 6741966 0 0 6 0 0 0 7994 0 55809 
0 8588 6741967 0 0 6 0 0 0 8000 0 55815 
0 8589 6741974 0 0 5 0 0 0 8006 0 55821 
0 8590 6741975 0 0 5 0 0 0 8011 0 55826 
0 8591 6741976 0 0 8 0 0 0 8016 0 55831 
0 8592 6741977 0 0 8 0 0 0 8024 0 55839 
0 8593 6741978 0 0 8 0 0 0 8032 0 55847 
0 8594 6741979 0 0 8 0 0 0 8040 0 55855 
0 8595 6741980 0 0 8 0 0 0 8048 0 55863 
0 8596 6741981 0 0 8 0 0 0 7970 0 55871 
0 8597 6741982 0 0 8 0 0 0 8063 0 55879 
0 8598 6741983 0 0 8 0 0 0 8071 0 55887 
0 8599 6741984 0 0 8 0 0 0 8079 0 55895 
0 8600 6741985 0 0 8 0 0 0 8087 0 55903 
0 8601 6741986 0 0 8 0 0 0 8095 0 55911 
0 8602 6741987 0 0 8 0 0 0 8103 0 55919 
0 8603 6741988 0 0 8 0 0 0 8111 0 55927 
0 8604 6741989 0 0 8 0 0 0 8119 0 55935 
0 8605 6741990 0 0 8 0 0 0 8127 0 55943 
0 8606 6741991 0 0 8 0 0 0 8135 0 55951 
0 8607 6741992 0 0 8 0 0 0 8143 0 55959 
0 8608 6741993 0 0 8 0 0 0 7879 0 55967 
0 8609 6741994 0 0 8 0 0 0 7783 0 55975 
0 8610 6741995 0 0 8 0 0 0 7791 0 55983 
0 8611 6741996 0 0 8 0 0 0 7799 0 55991 
0 8612 6741997 0 0 8 0 0 0 7807 0 55999 
0 8613 6741998 0 0 8 0 0 0 7815 0 56007 
0 8614 6741999 0 0 8 0 0 0 7823 0 56015 
0 8615 6742000 0 0 8 0 0 0 7831 0 56023 
0 8616 6742001 0 0 8 0 0 0 7839 0 56031 
0 8617 6742002 0 0 8 0 0 0 7847 0 56039 
0 8618 6742003 0 0 8 0 0 0 7855 0 56047 
0 8619 6742004 0 0 8 0 0 0 7863 0 56055 
0 8620 6742005 0 0 8 0 0 0 7871 0 56063 
0 8621 6742006 0 0 8 0 0 0 7775 0 56071 
0 8622 6742007 0 0 8 0 0 0 7887 0 56079 
0 8623 6742008 0 0 8 0 0 0 7895 0 56087 
0 8624 6742009 0 0 8 0 0 0 7903 0 56095 
0 8625 6742010 0 0 8 0 0 0 7911 0 56103 
0 8626 6742011 0 0 8 0 0 0 7919 0 56111 
0 8627 6742012 0 0 8 0 0 0 7927 0 56119 
0 8628 6742013 0 0 8 0 0 0 7935 0 56127 
0 8629 6742014 0 0 8 0 0 0 7943 0 56135 
0 8630 6742015 0 0 8 0 0 0 7951 0 56143 
0 8631 6746881 0 0 5 0 0 0 7959 0 56151 
0 8632 6746883 0 0 6 0 0 0 7964 0 56156 
0 8633 6746885 0 0 7 0 0 0 8056 0 56162 
0 8634 6746887 0 0 7 0 0 0 8333 0 56169 
0 8635 6746891 0 0 5 0 0 0 8340 0 56176 
0 8636 6746893 0 0 7 0 0 0 8345 0 56181 
0 8637 6746895 0 0 7 0 0 0 8352 0 56188 
0 8638 6746900 0 0 4 0 0 0 8359 0 56195 
0 8639 6746901 0 0 6 0 0 0 8363 0 56199 
0 8640 6746902 0 0 7 0 0 0 8369 0 56205 
0 8641 6746903 0 0 7 0 0 0 8376 0 56212 
0 8642 6746910 0 0 6 0 0 0 8383 0 56219 
0 8643 6746911 0 0 6 0 0 0 8389 0 56225 
0 8644 6746913 0 0 5 0 0 0 8395 0 56231 
0 8645 6746915 0 0 6 0 0 0 8327 0 56236 
0 8646 6746917 0 0 7 0 0 0 8408 0 56242 
0 8647 6746919 0 0 7 0 0 0 8415 0 56249 
0 8648 6746923 0 0 5 0 0 0 8422 0 56256 
0 8649 6746925 0 0 7 0 0 0 8427 0 56261 
0 8650 6746927 0 0 7 0 0 0 8434 0 56268 
0 8651 6746932 0 0 4 0 0 0 8441 0 56275 
0 8652 6746933 0 0 6 0 0 0 8445 0 56279 
0 8653 6746934 0 0 7 0 0 0 8451 0 56285 
0 8654 6746935 0 0 7 0 0 0 8458 0 56292 
0 8655 6746942 0 0 6 0 0 0 8465 0 56299 
0 8656 6746943 0 0 6 0 0 0 8471 0 56305 
0 8657 6746945 0 0 6 0 0 0 8240 0 56311 
0 8658 6746947 0 0 7 0 0 0 8158 0 56317 
0 8659 6746949 0 0 8 0 0 0 8165 0 56324 
0 8660 6746951 0 0 8 0 0 0 8173 0 56332 
0 8661 6746955 0 0 6 0 0 0 8181 0 56340 
0 8662 6746957 0 0 8 0 0 0 8187 0 56346 
0 8663 6746959 0 0 8 0 0 0 8195 0 56354 
0 8664 6746964 0 0 7 0 0 0 8203 0 56362 
0 8665 6746965 0 0 7 0 0 0 8210 0 56369 
0 8666 6746966 0 0 8 0 0 0 8217 0 56376 
0 8667 6746967 0 0 8 0 0 0 8225 0 56384 
0 8668 6746974 0 0 7 0 0 0 8233 0 56392 
0 8669 6746975 0 0 7 0 0 0 8151 0 56399 
0 8670 6746977 0 0 6 0 0 0 8246 0 56406 
0 8671 6746979 0 0 7 0 0 0 8252 0 56412 
0 8672 6746981 0 0 8 0 0 0 8259 0 56419 
0 8673 6746983 0 0 8 0 0 0 8267 0 56427 
0 8674 6746987 0 0 6 0 0 0 8275 0 56435 
0 8675 6746989 0 0 8 0 0 0 8281 0 56441 
0 8676 6746991 0 0 8 0 0 0 8289 0 56449 
0 8677 6746996 0 0 7 0 0 0 8297 0 56457 
0 8678 6746997 0 0 7 0 0 0 8304 0 56464 
0 8679 6746998 0 0 8 0 0 0 8311 0 56471 
0 8680 6746999 0 0 8 0 0 0 8319 0 56479 
0 8681 6747006 0 0 7 0 0 0 9133 0 56487 
0 8682 6747007 0 0 7 0 0 0 10123 0 56494 
0 8683 6747009 0 0 7 0 0 0 10130 0 56501 
0 8684 6747011 0 0 8 0 0 0 10137 0 56508 
0 8685 6747013 0 0 8 0 0 0 10145 0 56516 
0 8686 6747014 0 0 8 0 0 0 10153 0 56524 
0 8687 6747015 0 0 8 0 0 0 10161 0 56532 
0 8688 6747018 0 0 4 0 0 0 10169 0 56540 
0 8689 6747019 0 0 7 0 0 0 10173 0 56544 
0 8690 6747020 0 0 8 0 0 0 10180 0 56551 
0 8691 6747021 0 0 8 0 0 0 10188 0 56559 
0 8692 6747022 0 0 8 0 0 0 10196 0 56567 
0 8693 6747023 0 0 8 0 0 0 10115 0 56575 
0 8694 6747028 0 0 7 0 0 0 10212 0 56583 
0 8695 6747029 0 0 7 0 0 0 10219 0 56590 
0 8696 6747030 0 0 8 0 0 0 10226 0 56597 
0 8697 6747031 0 0 8 0 0 0 10234 0 56605 
0 8698 6747038 0 0 7 0 0 0 10242 0 56613 
0 8699 6747039 0 0 7 0 0 0 10249 0 56620 
0 8700 6747041 0 0 7 0 0 0 10256 0 56627 
0 8701 6747043 0 0 8 0 0 0 10263 0 56634 
0 8702 6747044 0 0 5 0 0 0 10271 0 56642 
0 8703 6747045 0 0 8 0 0 0 10276 0 56647 
0 8704 6747046 0 0 8 0 0 0 10284 0 56655 
0 8705 6747047 0 0 8 0 0 0 10025 0 56663 
0 8706 6747050 0 0 4 0 0 0 9945 0 56671 
0 8707 6747051 0 0 7 0 0 0 9949 0 56675 
0 8708 6747052 0 0 8 0 0 0 9956 0 56682 
0 8709 6747053 0 0 8 0 0 0 9964 0 56690 
0 8710 6747054 0 0 8 0 0 0 9972 0 56698 
0 8711 6747055 0 0 8 0 0 0 9980 0 56706 
0 8712 6747060 0 0 7 0 0 0 9988 0 56714 
0 8713 6747061 0 0 7 0 0 0 9995 0 56721 
0 8714 6747062 0 0 8 0 0 0 10002 0 56728 
0 8715 6747063 0 0 8 0 0 0 10010 0 56736 
0 8716 6747070 0 0 7 0 0 0 10018 0 56744 
0 8717 6747071 0 0 7 0 0 0 9938 0 56751 
0 8718 6747073 0 0 7 0 0 0 10033 0 56758 
0 8719 6747075 0 0 8 0 0 0 10040 0 56765 
0 8720 6747076 0 0 8 0 0 0 10048 0 56773 
0 8721 6747077 0 0 8 0 0 0 10056 0 56781 
0 8722 6747078 0 0 8 0 0 0 10064 0 56789 
0 8723 6747079 0 0 8 0 0 0 10072 0 56797 
0 8724 6747082 0 0 4 0 0 0 10080 0 56805 
0 8725 6747083 0 0 7 0 0 0 10084 0 56809 
0 8726 6747084 0 0 8 0 0 0 10091 0 56816 
0 8727 6747085 0 0 8 0 0 0 10099 0 56824 
0 8728 6747086 0 0 8 0 0 0 10107 0 56832 
0 8729 6747087 0 0 8 0 0 0 10204 0 56840 
0 8730 6747092 0 0 7 0 0 0 10448 0 56848 
0 8731 6747093 0 0 7 0 0 0 10455 0 56855 
0 8732 6747094 0 0 8 0 0 0 10462 0 56862 
0 8733 6747095 0 0 8 0 0 0 10470 0 56870 
0 8734 6747102 0 0 7 0 0 0 10478 0 56878 
0 8735 6747103 0 0 7 0 0 0 10485 0 56885 
0 8736 6747105 0 0 7 0 0 0 10492 0 56892 
0 8737 6747107 0 0 8 0 0 0 10499 0 56899 
0 8738 6747108 0 0 8 0 0 0 10507 0 56907 
0 8739 6747109 0 0 8 0 0 0 10515 0 56915 
0 8740 6747110 0 0 8 0 0 0 10523 0 56923 
0 8741 6747111 0 0 8 0 0 0 10440 0 56931 
0 8742 6747114 0 0 4 0 0 0 10536 0 56939 
0 8743 6747115 0 0 7 0 0 0 10540 0 56943 
0 8744 6747116 0 0 8 0 0 0 10547 0 56950 
0 8745 6747117 0 0 8 0 0 0 10555 0 56958 
0 8746 6747118 0 0 8 0 0 0 10563 0 56966 
0 8747 6747119 0 0 8 0 0 0 10571 0 56974 
0 8748 6747124 0 0 7 0 0 0 10579 0 56982 
0 8749 6747125 0 0 7 0 0 0 10586 0 56989 
0 8750 6747126 0 0 8 0 0 0 10593 0 56996 
0 8751 6747127 0 0 8 0 0 0 10601 0 57004 
0 8752 6747134 0 0 7 0 0 0 10609 0 57012 
0 8753 6747135 0 0 7 0 0 0 10366 0 57019 
0 8754 6747969 0 0 5 0 0 0 10298 0 57026 
0 8755 6747971 0 0 6 0 0 0 10303 0 57031 
0 8756 6747972 0 0 5 0 0 0 10309 0 57037 
0 8757 6747973 0 0 7 0 0 0 10314 0 57042 
0 8758 6747974 0 0 5 0 0 0 10321 0 57049 
0 8759 6747975 0 0 7 0 0 0 10326 0 57054 
0 8760 6747979 0 0 5 0 0 0 10333 0 57061 
0 8761 6747980 0 0 7 0 0 0 10338 0 57066 
0 8762 6747981 0 0 7 0 0 0 10345 0 57073 
0 8763 6747982 0 0 7 0 0 0 10352 0 57080 
0 8764 6747983 0 0 7 0 0 0 10359 0 57087 
0 8765 6747988 0 0 6 0 0 0 10292 0 57094 
0 8766 6747989 0 0 6 0 0 0 10373 0 57100 
0 8767 6747990 0 0 7 0 0 0 10379 0 57106 
0 8768 6747991 0 0 7 0 0 0 10386 0 57113 
0 8769 6747998 0 0 6 0 0 0 10393 0 57120 
0 8770 6747999 0 0 6 0 0 0 10399 0 57126 
0 8771 6748001 0 0 5 0 0 0 10405 0 57132 
0 8772 6748003 0 0 6 0 0 0 10410 0 57137 
0 8773 6748005 0 0 7 0 0 0 10416 0 57143 
0 8774 6748007 0 0 7 0 0 0 10423 0 57150 
0 8775 6748011 0 0 5 0 0 0 10430 0 57157 
0 8776 6748012 0 0 5 0 0 0 10435 0 57162 
0 8777 6748013 0 0 7 0 0 0 9848 0 57167 
0 8778 6748014 0 0 5 0 0 0 9425 0 57174 
0 8779 6748015 0 0 7 0 0 0 9430 0 57179 
0 8780 6748020 0 0 6 0 0 0 9437 0 57186 
0 8781 6748021 0 0 6 0 0 0 9443 0 57192 
0 8782 6748022 0 0 7 0 0 0 9449 0 57198 
0 8783 6748023 0 0 7 0 0 0 9456 0 57205 
0 8784 6748030 0 0 6 0 0 0 9463 0 57212 
0 8785 6748031 0 0 6 0 0 0 9469 0 57218 
0 8786 6748033 0 0 7 0 0 0 9475 0 57224 
0 8787 6748034 0 0 4 0 0 0 9482 0 57231 
0 8788 6748035 0 0 8 0 0 0 9486 0 57235 
0 8789 6748036 0 0 8 0 0 0 9417 0 57243 
0 8790 6748037 0 0 8 0 0 0 9498 0 57251 
0 8791 6748038 0 0 8 0 0 0 9506 0 57259 
0 8792 6748039 0 0 8 0 0 0 9514 0 57267 
0 8793 6748042 0 0 7 0 0 0 9522 0 57275 
0 8794 6748043 0 0 7 0 0 0 9529 0 57282 
0 8795 6748044 0 0 8 0 0 0 9536 0 57289 
0 8796 6748045 0 0 8 0 0 0 9544 0 57297 
0 8797 6748046 0 0 8 0 0 0 9552 0 57305 
0 8798 6748047 0 0 8 0 0 0 9560 0 57313 
0 8799 6748052 0 0 7 0 0 0 9568 0 57321 
0 8800 6748053 0 0 7 0 0 0 9575 0 57328 
0 8801 6748054 0 0 8 0 0 0 9326 0 57335 
0 8802 6748055 0 0 8 0 0 0 9235 0 57343 
0 8803 6748062 0 0 7 0 0 0 9243 0 57351 
0 8804 6748063 0 0 7 0 0 0 9250 0 57358 
0 8805 6748064 0 0 7 0 0 0 9257 0 57365 
0 8806 6748065 0 0 7 0 0 0 9264 0 57372 
0 8807 6748066 0 0 8 0 0 0 9271 0 57379 
0 8808 6748067 0 0 8 0 0 0 9279 0 57387 
0 8809 6748068 0 0 8 0 0 0 9287 0 57395 
0 8810 6748069 0 0 8 0 0 0 9295 0 57403 
0 8811 6748070 0 0 8 0 0 0 9303 0 57411 
0 8812 6748071 0 0 8 0 0 0 9311 0 57419 
0 8813 6748074 0 0 7 0 0 0 9319 0 57427 
0 8814 6748075 0 0 7 0 0 0 9228 0 57434 
0 8815 6748076 0 0 8 0 0 0 9334 0 57441 
0 8816 6748077 0 0 8 0 0 0 9342 0 57449 
0 8817 6748078 0 0 8 0 0 0 9350 0 57457 
0 8818 6748079 0 0 8 0 0 0 9358 0 57465 
0 8819 6748084 0 0 7 0 0 0 9366 0 57473 
0 8820 6748085 0 0 7 0 0 0 9373 0 57480 
0 8821 6748086 0 0 8 0 0 0 9380 0 57487 
0 8822 6748087 0 0 8 0 0 0 9388 0 57495 
0 8823 6748094 0 0 7 0 0 0 9396 0 57503 
0 8824 6748095 0 0 7 0 0 0 9403 0 57510 
0 8825 6748097 0 0 7 0 0 0 9410 0 57517 
0 8826 6748098 0 0 4 0 0 0 9494 0 57524 
0 8827 6748099 0 0 8 0 0 0 9762 0 57528 
0 8828 6748100 0 0 8 0 0 0 9770 0 57536 
0 8829 6748101 0 0 8 0 0 0 9778 0 57544 
0 8830 6748102 0 0 8 0 0 0 9786 0 57552 
0 8831 6748103 0 0 8 0 0 0 9794 0 57560 
0 8832 6748106 0 0 7 0 0 0 9802 0 57568 
0 8833 6748107 0 0 7 0 0 0 9809 0 57575 
0 8834 6748108 0 0 8 0 0 0 9816 0 57582 
0 8835 6748109 0 0 8 0 0 0 9824 0 57590 
0 8836 6748110 0 0 8 0 0 0 9832 0 57598 
0 8837 6748111 0 0 8 0 0 0 9840 0 57606 
0 8838 6748116 0 0 7 0 0 0 9755 0 57614 
0 8839 6748117 0 0 7 0 0 0 9855 0 57621 
0 8840 6748118 0 0 8 0 0 0 9862 0 57628 
0 8841 6748119 0 0 8 0 0 0 9870 0 57636 
0 8842 6748126 0 0 7 0 0 0 9878 0 57644 
0 8843 6748127 0 0 7 0 0 0 9885 0 57651 
0 8844 6748128 0 0 7 0 0 0 9892 0 57658 
0 8845 6748129 0 0 7 0 0 0 9899 0 57665 
0 8846 6748130 0 0 8 0 0 0 9906 0 57672 
0 8847 6748131 0 0 8 0 0 0 9914 0 57680 
0 8848 6748132 0 0 8 0 0 0 9922 0 57688 
0 8849 6748133 0 0 8 0 0 0 9930 0 57696 
0 8850 6748134 0 0 8 0 0 0 9673 0 57704 
0 8851 6748135 0 0 8 0 0 0 9589 0 57712 
0 8852 6748138 0 0 7 0 0 0 9597 0 57720 
0 8853 6748139 0 0 7 0 0 0 9604 0 57727 
0 8854 6748140 0 0 8 0 0 0 9611 0 57734 
0 8855 6748141 0 0 8 0 0 0 9619 0 57742 
0 8856 6748142 0 0 8 0 0 0 9627 0 57750 
0 8857 6748143 0 0 8 0 0 0 9635 0 57758 
0 8858 6748148 0 0 7 0 0 0 9643 0 57766 
0 8859 6748149 0 0 7 0 0 0 9650 0 57773 
0 8860 6748150 0 0 8 0 0 0 9657 0 57780 
0 8861 6748151 0 0 8 0 0 0 9665 0 57788 
0 8862 6748158 0 0 7 0 0 0 9582 0 57796 
0 8863 6748159 0 0 7 0 0 0 9681 0 57803 
0 8864 6749057 0 0 6 0 0 0 9688 0 57810 
0 8865 6749058 0 0 7 0 0 0 9694 0 57816 
0 8866 6749059 0 0 7 0 0 0 9701 0 57823 
0 8867 6749061 0 0 7 0 0 0 9708 0 57830 
0 8868 6749062 0 0 7 0 0 0 9715 0 57837 
0 8869 6749063 0 0 7 0 0 0 9722 0 57844 
0 8870 6749066 0 0 6 0 0 0 9729 0 57851 
0 8871 6749067 0 0 6 0 0 0 9735 0 57857 
0 8872 6749068 0 0 7 0 0 0 9741 0 57863 
0 8873 6749069 0 0 7 0 0 0 9748 0 57870 
0 8874 6749070 0 0 7 0 0 0 7684 0 57877 
0 8875 6749071 0 0 7 0 0 0 5980 0 57884 
0 8876 6749076 0 0 6 0 0 0 5987 0 57891 
0 8877 6749077 0 0 6 0 0 0 5993 0 57897 
0 8878 6749078 0 0 7 0 0 0 5999 0 57903 
0 8879 6749079 0 0 7 0 0 0 6006 0 57910 
0 8880 6749086 0 0 6 0 0 0 6013 0 57917 
0 8881 6749087 0 0 6 0 0 0 6019 0 57923 
0 8882 6749088 0 0 3 0 0 0 6025 0 57929 
0 8883 6749089 0 0 6 0 0 0 6028 0 57932 
0 8884 6749090 0 0 7 0 0 0 6034 0 57938 
0 8885 6749091 0 0 7 0 0 0 6041 0 57945 
0 8886 6749092 0 0 7 0 0 0 5973 0 57952 
0 8887 6749093 0 0 7 0 0 0 6055 0 57959 
0 8888 6749094 0 0 7 0 0 0 6062 0 57966 
0 8889 6749095 0 0 7 0 0 0 6069 0 57973 
0 8890 6749098 0 0 6 0 0 0 6076 0 57980 
0 8891 6749099 0 0 6 0 0 0 6082 0 57986 
0 8892 6749100 0 0 7 0 0 0 6088 0 57992 
0 8893 6749101 0 0 7 0 0 0 6095 0 57999 
0 8894 6749102 0 0 7 0 0 0 6102 0 58006 
0 8895 6749103 0 0 7 0 0 0 6109 0 58013 
0 8896 6749108 0 0 6 0 0 0 6116 0 58020 
0 8897 6749109 0 0 6 0 0 0 6122 0 58026 
0 8898 6749110 0 0 7 0 0 0 5883 0 58032 
0 8899 6749111 0 0 7 0 0 0 5802 0 58039 
0 8900 6749118 0 0 6 0 0 0 5809 0 58046 
0 8901 6749119 0 0 6 0 0 0 5815 0 58052 
0 8902 6749120 0 0 7 0 0 0 5821 0 58058 
0 8903 6749121 0 0 7 0 0 0 5828 0 58065 
0 8904 6749122 0 0 8 0 0 0 5835 0 58072 
0 8905 6749123 0 0 8 0 0 0 5843 0 58080 
0 8906 6749124 0 0 8 0 0 0 5851 0 58088 
0 8907 6749125 0 0 8 0 0 0 5859 0 58096 
0 8908 6749126 0 0 8 0 0 0 5867 0 58104 
0 8909 6749127 0 0 8 0 0 0 5875 0 58112 
0 8910 6749130 0 0 7 0 0 0 5795 0 58120 
0 8911 6749131 0 0 7 0 0 0 5890 0 58127 
0 8912 6749132 0 0 8 0 0 0 5897 0 58134 
0 8913 6749133 0 0 8 0 0 0 5905 0 58142 
0 8914 6749134 0 0 8 0 0 0 5913 0 58150 
0 8915 6749135 0 0 8 0 0 0 5921 0 58158 
0 8916 6749140 0 0 7 0 0 0 5929 0 58166 
0 8917 6749141 0 0 7 0 0 0 5936 0 58173 
0 8918 6749142 0 0 8 0 0 0 5943 0 58180 
0 8919 6749143 0 0 8 0 0 0 5951 0 58188 
0 8920 6749150 0 0 7 0 0 0 5959 0 58196 
0 8921 6749151 0 0 7 0 0 0 5966 0 58203 
0 8922 6749152 0 0 7 0 0 0 6048 0 58210 
0 8923 6749153 0 0 7 0 0 0 6296 0 58217 
0 8924 6749154 0 0 8 0 0 0 6303 0 58224 
0 8925 6749155 0 0 8 0 0 0 6311 0 58232 
0 8926 6749156 0 0 8 0 0 0 6319 0 58240 
0 8927 6749157 0 0 8 0 0 0 6327 0 58248 
0 8928 6749158 0 0 8 0 0 0 6335 0 58256 
0 8929 6749159 0 0 8 0 0 0 6343 0 58264 
0 8930 6749162 0 0 7 0 0 0 6351 0 58272 
0 8931 6749163 0 0 7 0 0 0 6358 0 58279 
0 8932 6749164 0 0 8 0 0 0 6365 0 58286 
0 8933 6749165 0 0 8 0 0 0 6373 0 58294 
0 8934 6749166 0 0 8 0 0 0 6288 0 58302 
0 8935 6749167 0 0 8 0 0 0 6389 0 58310 
0 8936 6749172 0 0 7 0 0 0 6397 0 58318 
0 8937 6749173 0 0 7 0 0 0 6404 0 58325 
0 8938 6749174 0 0 8 0 0 0 6411 0 58332 
0 8939 6749175 0 0 8 0 0 0 6419 0 58340 
0 8940 6749182 0 0 7 0 0 0 6427 0 58348 
0 8941 6749183 0 0 7 0 0 0 6434 0 58355 
0 8942 6750144 0 0 6 0 0 0 6441 0 58362 
0 8943 6750145 0 0 6 0 0 0 6447 0 58368 
0 8944 6750146 0 0 7 0 0 0 6453 0 58374 
0 8945 6750147 0 0 7 0 0 0 6460 0 58381 
0 8946 6750148 0 0 7 0 0 0 6208 0 58388 
0 8947 6750149 0 0 7 0 0 0 6135 0 58395 
0 8948 6750150 0 0 7 0 0 0 6142 0 58402 
0 8949 6750151 0 0 7 0 0 0 6149 0 58409 
0 8950 6750154 0 0 6 0 0 0 6156 0 58416 
0 8951 6750155 0 0 6 0 0 0 6162 0 58422 
0 8952 6750156 0 0 7 0 0 0 6168 0 58428 
0 8953 6750157 0 0 7 0 0 0 6175 0 58435 
0 8954 6750158 0 0 7 0 0 0 6182 0 58442 
0 8955 6750159 0 0 7 0 0 0 6189 0 58449 
0 8956 6750164 0 0 6 0 0 0 6196 0 58456 
0 8957 6750165 0 0 6 0 0 0 6202 0 58462 
0 8958 6750166 0 0 7 0 0 0 6128 0 58468 
0 8959 6750167 0 0 7 0 0 0 6215 0 58475 
0 8960 6750174 0 0 6 0 0 0 6222 0 58482 
0 8961 6750175 0 0 6 0 0 0 6228 0 58488 
0 8962 6750176 0 0 6 0 0 0 6234 0 58494 
0 8963 6750177 0 0 6 0 0 0 6240 0 58500 
0 8964 6750178 0 0 7 0 0 0 6246 0 58506 
0 8965 6750179 0 0 7 0 0 0 6253 0 58513 
0 8966 6750180 0 0 7 0 0 0 6260 0 58520 
0 8967 6750181 0 0 7 0 0 0 6267 0 58527 
0 8968 6750182 0 0 7 0 0 0 6274 0 58534 
0 8969 6750183 0 0 7 0 0 0 6281 0 58541 
0 8970 6750186 0 0 6 0 0 0 5717 0 58548 
0 8971 6750187 0 0 6 0 0 0 5346 0 58554 
0 8972 6750188 0 0 7 0 0 0 5352 0 58560 
0 8973 6750189 0 0 7 0 0 0 5359 0 58567 
0 8974 6750190 0 0 7 0 0 0 5366 0 58574 
0 8975 6750191 0 0 7 0 0 0 5373 0 58581 
0 8976 6750196 0 0 6 0 0 0 5380 0 58588 
0 8977 6750197 0 0 6 0 0 0 5386 0 58594 
0 8978 6750198 0 0 7 0 0 0 5392 0 58600 
0 8979 6750199 0 0 7 0 0 0 5399 0 58607 
0 8980 6750206 0 0 6 0 0 0 5406 0 58614 
0 8981 6750207 0 0 6 0 0 0 5412 0 58620 
0 8982 6799296 0 0 4 0 0 0 5342 0 58626 
0 8983 6799297 0 0 4 0 0 0 5423 0 58630 
0 8984 6799298 0 0 6 0 0 0 5427 0 58634 
0 8985 6799299 0 0 6 0 0 0 5433 0 58640 
0 8986 6799302 0 0 5 0 0 0 5439 0 58646 
0 8987 6799303 0 0 5 0 0 0 5444 0 58651 
0 8988 6799306 0 0 5 0 0 0 5449 0 58656 
0 8989 6799307 0 0 5 0 0 0 5454 0 58661 
0 8990 6799308 0 0 4 0 0 0 5459 0 58666 
0 8991 6799309 0 0 4 0 0 0 5463 0 58670 
0 8992 6799310 0 0 6 0 0 0 5467 0 58674 
0 8993 6799311 0 0 6 0 0 0 5473 0 58680 
0 8994 6799326 0 0 4 0 0 0 5293 0 58686 
0 8995 6799327 0 0 4 0 0 0 5235 0 58690 
0 8996 6799328 0 0 4 0 0 0 5239 0 58694 
0 8997 6799329 0 0 4 0 0 0 5243 0 58698 
0 8998 6799330 0 0 6 0 0 0 5247 0 58702 
0 8999 6799331 0 0 6 0 0 0 5253 0 58708 
0 9000 6799334 0 0 5 0 0 0 5259 0 58714 
0 9001 6799335 0 0 5 0 0 0 5264 0 58719 
0 9002 6799338 0 0 5 0 0 0 5269 0 58724 
0 9003 6799339 0 0 5 0 0 0 5274 0 58729 
0 9004 6799340 0 0 4 0 0 0 5279 0 58734 
0 9005 6799341 0 0 4 0 0 0 5283 0 58738 
0 9006 6799342 0 0 6 0 0 0 5287 0 58742 
0 9007 6799343 0 0 6 0 0 0 5229 0 58748 
0 9008 6799358 0 0 4 0 0 0 5297 0 58754 
0 9009 6799359 0 0 4 0 0 0 5301 0 58758 
0 9010 6807032 0 0 4 0 0 0 5305 0 58762 
0 9011 6807033 0 0 4 0 0 0 5309 0 58766 
0 9012 6807034 0 0 5 0 0 0 5313 0 58770 
0 9013 6807035 0 0 5 0 0 0 5318 0 58775 
0 9014 6807038 0 0 4 0 0 0 5323 0 58780 
0 9015 6807039 0 0 4 0 0 0 5327 0 58784 
0 9016 6807262 0 0 3 0 0 0 5331 0 58788 
0 9017 6807263 0 0 3 0 0 0 5334 0 58791 
0 9018 6807264 0 0 5 0 0 0 5337 0 58794 
0 9019 6807265 0 0 5 0 0 0 5418 0 58799 
0 9020 6807266 0 0 8 0 0 0 5644 0 58804 
0 9021 6807267 0 0 8 0 0 0 5652 0 58812 
0 9022 6807270 0 0 7 0 0 0 5660 0 58820 
0 9023 6807271 0 0 7 0 0 0 5667 0 58827 
0 9024 6807274 0 0 6 0 0 0 5674 0 58834 
0 9025 6807275 0 0 6 0 0 0 5680 0 58840 
0 9026 6807276 0 0 5 0 0 0 5686 0 58846 
0 9027 6807277 0 0 5 0 0 0 5691 0 58851 
0 9028 6807278 0 0 8 0 0 0 5696 0 58856 
0 9029 6807279 0 0 8 0 0 0 5704 0 58864 
0 9030 6807294 0 0 5 0 0 0 5712 0 58872 
0 9031 6807295 0 0 5 0 0 0 5639 0 58877 
0 9032 6807328 0 0 5 0 0 0 5723 0 58882 
0 9033 6807329 0 0 5 0 0 0 5728 0 58887 
0 9034 6807330 0 0 6 0 0 0 5733 0 58892 
0 9035 6807331 0 0 6 0 0 0 5739 0 58898 
0 9036 6807334 0 0 5 0 0 0 5745 0 58904 
0 9037 6807335 0 0 5 0 0 0 5750 0 58909 
0 9038 6807336 0 0 8 0 0 0 5755 0 58914 
0 9039 6807337 0 0 8 0 0 0 5763 0 58922 
0 9040 6807338 0 0 8 0 0 0 5771 0 58930 
0 9041 6807339 0 0 8 0 0 0 5779 0 58938 
0 9042 6807340 0 0 8 0 0 0 5787 0 58946 
0 9043 6807341 0 0 8 0 0 0 5563 0 58954 
0 9044 6807342 0 0 8 0 0 0 5485 0 58962 
0 9045 6807343 0 0 8 0 0 0 5493 0 58970 
0 9046 6807352 0 0 7 0 0 0 5501 0 58978 
0 9047 6807353 0 0 7 0 0 0 5508 0 58985 
0 9048 6807354 0 0 8 0 0 0 5515 0 58992 
0 9049 6807355 0 0 8 0 0 0 5523 0 59000 
0 9050 6807358 0 0 7 0 0 0 5531 0 59008 
0 9051 6807359 0 0 7 0 0 0 5538 0 59015 
0 9052 6807400 0 0 6 0 0 0 5545 0 59022 
0 9053 6807401 0 0 6 0 0 0 5551 0 59028 
0 9054 6807402 0 0 6 0 0 0 5557 0 59034 
0 9055 6807403 0 0 6 0 0 0 5479 0 59040 
0 9056 6807404 0 0 6 0 0 0 5571 0 59046 
0 9057 6807405 0 0 6 0 0 0 5577 0 59052 
0 9058 6807406 0 0 6 0 0 0 5583 0 59058 
0 9059 6807407 0 0 6 0 0 0 5589 0 59064 
0 9060 6807408 0 0 5 0 0 0 5595 0 59070 
0 9061 6807409 0 0 5 0 0 0 5600 0 59075 
0 9062 6807410 0 0 8 0 0 0 5605 0 59080 
0 9063 6807411 0 0 8 0 0 0 5613 0 59088 
0 9064 6807414 0 0 5 0 0 0 5621 0 59096 
0 9065 6807415 0 0 5 0 0 0 5626 0 59101 
0 9066 6807416 0 0 8 0 0 0 5631 0 59106 
0 9067 6807417 0 0 8 0 0 0 6381 0 59114 
0 9068 6807418 0 0 8 0 0 0 7284 0 59122 
0 9069 6807419 0 0 8 0 0 0 7292 0 59130 
0 9070 6807420 0 0 8 0 0 0 7300 0 59138 
0 9071 6807421 0 0 8 0 0 0 7308 0 59146 
0 9072 6807422 0 0 8 0 0 0 7316 0 59154 
0 9073 6807423 0 0 8 0 0 0 7324 0 59162 
0 9074 6807544 0 0 5 0 0 0 7332 0 59170 
0 9075 6807545 0 0 5 0 0 0 7337 0 59175 
0 9076 6807546 0 0 6 0 0 0 7342 0 59180 
0 9077 6807547 0 0 6 0 0 0 7348 0 59186 
0 9078 6807550 0 0 5 0 0 0 7354 0 59192 
0 9079 6807551 0 0 5 0 0 0 7279 0 59197 
0 9080 6812417 0 0 5 0 0 0 7367 0 59202 
0 9081 6812419 0 0 7 0 0 0 7372 0 59207 
0 9082 6812422 0 0 6 0 0 0 7379 0 59214 
0 9083 6812423 0 0 6 0 0 0 7385 0 59220 
0 9084 6812426 0 0 4 0 0 0 7391 0 59226 
0 9085 6812427 0 0 6 0 0 0 7395 0 59230 
0 9086 6812428 0 0 5 0 0 0 7401 0 59236 
0 9087 6812429 0 0 5 0 0 0 7406 0 59241 
0 9088 6812430 0 0 7 0 0 0 7411 0 59246 
0 9089 6812431 0 0 7 0 0 0 7418 0 59253 
0 9090 6812446 0 0 5 0 0 0 7425 0 59260 
0 9091 6812447 0 0 5 0 0 0 7189 0 59265 
0 9092 6812449 0 0 5 0 0 0 7126 0 59270 
0 9093 6812451 0 0 7 0 0 0 7131 0 59275 
0 9094 6812454 0 0 6 0 0 0 7138 0 59282 
0 9095 6812455 0 0 6 0 0 0 7144 0 59288 
0 9096 6812458 0 0 4 0 0 0 7150 0 59294 
0 9097 6812459 0 0 6 0 0 0 7154 0 59298 
0 9098 6812460 0 0 5 0 0 0 7160 0 59304 
0 9099 6812461 0 0 5 0 0 0 7165 0 59309 
0 9100 6812462 0 0 7 0 0 0 7170 0 59314 
0 9101 6812463 0 0 7 0 0 0 7177 0 59321 
0 9102 6812478 0 0 5 0 0 0 7184 0 59328 
0 9103 6812479 0 0 5 0 0 0 7121 0 59333 
0 9104 6812481 0 0 7 0 0 0 7194 0 59338 
0 9105 6812483 0 0 8 0 0 0 7201 0 59345 
0 9106 6812484 0 0 8 0 0 0 7209 0 59353 
0 9107 6812485 0 0 8 0 0 0 7217 0 59361 
0 9108 6812486 0 0 8 0 0 0 7225 0 59369 
0 9109 6812487 0 0 8 0 0 0 7233 0 59377 
0 9110 6812490 0 0 7 0 0 0 7241 0 59385 
0 9111 6812491 0 0 7 0 0 0 7248 0 59392 
0 9112 6812492 0 0 8 0 0 0 7255 0 59399 
0 9113 6812493 0 0 8 0 0 0 7263 0 59407 
0 9114 6812494 0 0 8 0 0 0 7271 0 59415 
0 9115 6812495 0 0 8 0 0 0 7359 0 59423 
0 9116 6812500 0 0 7 0 0 0 7604 0 59431 
0 9117 6812501 0 0 7 0 0 0 7611 0 59438 
0 9118 6812502 0 0 8 0 0 0 7618 0 59445 
0 9119 6812503 0 0 8 0 0 0 7626 0 59453 
0 9120 6812510 0 0 7 0 0 0 7634 0 59461 
0 9121 6812511 0 0 7 0 0 0 7641 0 59468 
0 9122 6812513 0 0 7 0 0 0 7648 0 59475 
0 9123 6812514 0 0 5 0 0 0 7655 0 59482 
0 9124 6812515 0 0 8 0 0 0 7660 0 59487 
0 9125 6812516 0 0 8 0 0 0 7668 0 59495 
0 9126 6812517 0 0 8 0 0 0 7676 0 59503 
0 9127 6812518 0 0 8 0 0 0 7596 0 59511 
0 9128 6812519 0 0 8 0 0 0 7691 0 59519 
0 9129 6812522 0 0 7 0 0 0 7699 0 59527 
0 9130 6812523 0 0 7 0 0 0 7706 0 59534 
0 9131 6812524 0 0 8 0 0 0 7713 0 59541 
0 9132 6812525 0 0 8 0 0 0 7721 0 59549 
0 9133 6812526 0 0 8 0 0 0 7729 0 59557 
0 9134 6812527 0 0 8 0 0 0 7737 0 59565 
0 9135 6812532 0 0 7 0 0 0 7745 0 59573 
0 9136 6812533 0 0 7 0 0 0 7752 0 59580 
0 9137 6812534 0 0 8 0 0 0 7759 0 59587 
0 9138 6812535 0 0 8 0 0 0 7767 0 59595 
0 9139 6812542 0 0 7 0 0 0 7513 0 59603 
0 9140 6812543 0 0 7 0 0 0 7438 0 59610 
0 9141 6812608 0 0 6 0 0 0 7445 0 59617 
0 9142 6812609 0 0 6 0 0 0 7451 0 59623 
0 9143 6812610 0 0 8 0 0 0 7457 0 59629 
0 9144 6812611 0 0 8 0 0 0 7465 0 59637 
0 9145 6812614 0 0 7 0 0 0 7473 0 59645 
0 9146 6812615 0 0 7 0 0 0 7480 0 59652 
0 9147 6812618 0 0 7 0 0 0 7487 0 59659 
0 9148 6812619 0 0 7 0 0 0 7494 0 59666 
0 9149 6812620 0 0 6 0 0 0 7501 0 59673 
0 9150 6812621 0 0 6 0 0 0 7507 0 59679 
0 9151 6812622 0 0 8 0 0 0 7430 0 59685 
0 9152 6812623 0 0 8 0 0 0 7520 0 59693 
0 9153 6812638 0 0 6 0 0 0 7528 0 59701 
0 9154 6812639 0 0 6 0 0 0 7534 0 59707 
0 9155 6812640 0 0 6 0 0 0 7540 0 59713 
0 9156 6812641 0 0 6 0 0 0 7546 0 59719 
0 9157 6812642 0 0 8 0 0 0 7552 0 59725 
0 9158 6812643 0 0 8 0 0 0 7560 0 59733 
0 9159 6812646 0 0 7 0 0 0 7568 0 59741 
0 9160 6812647 0 0 7 0 0 0 7575 0 59748 
0 9161 6812650 0 0 7 0 0 0 7582 0 59755 
0 9162 6812651 0 0 7 0 0 0 7589 0 59762 
0 9163 6812652 0 0 6 0 0 0 7046 0 59769 
0 9164 6812653 0 0 6 0 0 0 6634 0 59775 
0 9165 6812654 0 0 8 0 0 0 6640 0 59781 
0 9166 6812655 0 0 8 0 0 0 6648 0 59789 
0 9167 6812670 0 0 6 0 0 0 6656 0 59797 
0 9168 6812671 0 0 6 0 0 0 6662 0 59803 
0 9169 6813505 0 0 6 0 0 0 6668 0 59809 
0 9170 6813507 0 0 7 0 0 0 6674 0 59815 
0 9171 6813508 0 0 7 0 0 0 6681 0 59822 
0 9172 6813509 0 0 7 0 0 0 6688 0 59829 
0 9173 6813510 0 0 7 0 0 0 6695 0 59836 
0 9174 6813511 0 0 7 0 0 0 6702 0 59843 
0 9175 6813514 0 0 6 0 0 0 6628 0 59850 
0 9176 6813515 0 0 6 0 0 0 6715 0 59856 
0 9177 6813516 0 0 7 0 0 0 6721 0 59862 
0 9178 6813517 0 0 7 0 0 0 6728 0 59869 
0 9179 6813518 0 0 7 0 0 0 6735 0 59876 
0 9180 6813519 0 0 7 0 0 0 6742 0 59883 
0 9181 6813524 0 0 6 0 0 0 6749 0 59890 
0 9182 6813525 0 0 6 0 0 0 6755 0 59896 
0 9183 6813526 0 0 7 0 0 0 6761 0 59902 
0 9184 6813527 0 0 7 0 0 0 6768 0 59909 
0 9185 6813534 0 0 6 0 0 0 6775 0 59916 
0 9186 6813535 0 0 6 0 0 0 6781 0 59922 
0 9187 6813536 0 0 3 0 0 0 6555 0 59928 
0 9188 6813537 0 0 6 0 0 0 6474 0 59931 
0 9189 6813538 0 0 7 0 0 0 6480 0 59937 
0 9190 6813539 0 0 7 0 0 0 6487 0 59944 
0 9191 6813540 0 0 7 0 0 0 6494 0 59951 
0 9192 6813541 0 0 7 0 0 0 6501 0 59958 
0 9193 6813542 0 0 7 0 0 0 6508 0 59965 
0 9194 6813543 0 0 7 0 0 0 6515 0 59972 
0 9195 6813546 0 0 6 0 0 0 6522 0 59979 
0 9196 6813547 0 0 6 0 0 0 6528 0 59985 
0 9197 6813548 0 0 7 0 0 0 6534 0 59991 
0 9198 6813549 0 0 7 0 0 0 6541 0 59998 
0 9199 6813550 0 0 7 0 0 0 6548 0 60005 
0 9200 6813551 0 0 7 0 0 0 6467 0 60012 
0 9201 6813556 0 0 6 0 0 0 6558 0 60019 
0 9202 6813557 0 0 6 0 0 0 6564 0 60025 
0 9203 6813558 0 0 7 0 0 0 6570 0 60031 
0 9204 6813559 0 0 7 0 0 0 6577 0 60038 
0 9205 6813566 0 0 6 0 0 0 6584 0 60045 
0 9206 6813567 0 0 6 0 0 0 6590 0 60051 
0 9207 6813568 0 0 5 0 0 0 6596 0 60057 
0 9208 6813569 0 0 5 0 0 0 6601 0 60062 
0 9209 6813570 0 0 8 0 0 0 6606 0 60067 
0 9210 6813571 0 0 8 0 0 0 6614 0 60075 
0 9211 6813574 0 0 6 0 0 0 6622 0 60083 
0 9212 6813575 0 0 6 0 0 0 6709 0 60089 
0 9213 6813578 0 0 7 0 0 0 6978 0 60095 
0 9214 6813579 0 0 7 0 0 0 6985 0 60102 
0 9215 6813580 0 0 5 0 0 0 6992 0 60109 
0 9216 6813581 0 0 5 0 0 0 6997 0 60114 
0 9217 6813582 0 0 8 0 0 0 7002 0 60119 
0 9218 6813583 0 0 8 0 0 0 7010 0 60127 
0 9219 6813598 0 0 5 0 0 0 7018 0 60135 
0 9220 6813599 0 0 5 0 0 0 7023 0 60140 
0 9221 6813600 0 0 5 0 0 0 7028 0 60145 
0 9222 6813601 0 0 5 0 0 0 7033 0 60150 
0 9223 6813602 0 0 8 0 0 0 7038 0 60155 
0 9224 6813603 0 0 8 0 0 0 6970 0 60163 
0 9225 6813606 0 0 6 0 0 0 7052 0 60171 
0 9226 6813607 0 0 6 0 0 0 7058 0 60177 
0 9227 6813610 0 0 7 0 0 0 7064 0 60183 
0 9228 6813611 0 0 7 0 0 0 7071 0 60190 
0 9229 6813612 0 0 5 0 0 0 7078 0 60197 
0 9230 6813613 0 0 5 0 0 0 7083 0 60202 
0 9231 6813614 0 0 8 0 0 0 7088 0 60207 
0 9232 6813615 0 0 8 0 0 0 7096 0 60215 
0 9233 6813630 0 0 5 0 0 0 7104 0 60223 
0 9234 6813631 0 0 5 0 0 0 7109 0 60228 
0 9235 6813632 0 0 7 0 0 0 7114 0 60233 
0 9236 6813633 0 0 7 0 0 0 6881 0 60240 
0 9237 6813634 0 0 8 0 0 0 6795 0 60247 
0 9238 6813635 0 0 8 0 0 0 6803 0 60255 
0 9239 6813636 0 0 8 0 0 0 6811 0 60263 
0 9240 6813637 0 0 8 0 0 0 6819 0 60271 
0 9241 6813638 0 0 8 0 0 0 6827 0 60279 
0 9242 6813639 0 0 8 0 0 0 6835 0 60287 
0 9243 6813642 0 0 7 0 0 0 6843 0 60295 
0 9244 6813643 0 0 7 0 0 0 6850 0 60302 
0 9245 6813644 0 0 8 0 0 0 6857 0 60309 
0 9246 6813645 0 0 8 0 0 0 6865 0 60317 
0 9247 6813646 0 0 8 0 0 0 6873 0 60325 
0 9248 6813647 0 0 8 0 0 0 6787 0 60333 
0 9249 6813652 0 0 7 0 0 0 6888 0 60341 
0 9250 6813653 0 0 7 0 0 0 6895 0 60348 
0 9251 6813654 0 0 8 0 0 0 6902 0 60355 
0 9252 6813655 0 0 8 0 0 0 6910 0 60363 
0 9253 6813662 0 0 7 0 0 0 6918 0 60371 
0 9254 6813663 0 0 7 0 0 0 6925 0 60378 
0 9255 6813664 0 0 7 0 0 0 6932 0 60385 
0 9256 6813665 0 0 7 0 0 0 6939 0 60392 
0 9257 6813666 0 0 8 0 0 0 6946 0 60399 
0 9258 6813667 0 0 8 0 0 0 6954 0 60407 
0 9259 6813668 0 0 8 0 0 0 6962 0 60415 
0 9260 6813669 0 0 8 0 0 0 21127 0 60423 
0 9261 6813670 0 0 8 0 0 0 33468 0 60431 
0 9262 6813671 0 0 8 0 0 0 33476 0 60439 
0 9263 6813674 0 0 7 0 0 0 33484 0 60447 
0 9264 6813675 0 0 7 0 0 0 33491 0 60454 
0 9265 6813676 0 0 8 0 0 0 33498 0 60461 
0 9266 6813677 0 0 8 0 0 0 33506 0 60469 
0 9267 6813678 0 0 8 0 0 0 33514 0 60477 
0 9268 6813679 0 0 8 0 0 0 33522 0 60485 
0 9269 6813684 0 0 7 0 0 0 33530 0 60493 
0 9270 6813685 0 0 7 0 0 0 33537 0 60500 
0 9271 6813686 0 0 8 0 0 0 33544 0 60507 
0 9272 6813687 0 0 8 0 0 0 33460 0 60515 
0 9273 6813694 0 0 7 0 0 0 33559 0 60523 
0 9274 6813695 0 0 7 0 0 0 33566 0 60530 
0 9275 6815680 0 0 5 0 0 0 33573 0 60537 
0 9276 6815681 0 0 5 0 0 0 33578 0 60542 
0 9277 6815682 0 0 7 0 0 0 33583 0 60547 
0 9278 6815683 0 0 7 0 0 0 33590 0 60554 
0 9279 6815686 0 0 6 0 0 0 33597 0 60561 
0 9280 6815687 0 0 6 0 0 0 33603 0 60567 
0 9281 6815690 0 0 6 0 0 0 33609 0 60573 
0 9282 6815691 0 0 6 0 0 0 33615 0 60579 
0 9283 6815692 0 0 5 0 0 0 33621 0 60585 
0 9284 6815693 0 0 5 0 0 0 33398 0 60590 
0 9285 6815694 0 0 7 0 0 0 33332 0 60595 
0 9286 6815695 0 0 7 0 0 0 33339 0 60602 
0 9287 6815710 0 0 5 0 0 0 33346 0 60609 
0 9288 6815711 0 0 5 0 0 0 33351 0 60614 
0 9289 6815712 0 0 5 0 0 0 33356 0 60619 
0 9290 6815713 0 0 5 0 0 0 33361 0 60624 
0 9291 6815714 0 0 7 0 0 0 33366 0 60629 
0 9292 6815715 0 0 7 0 0 0 33373 0 60636 
0 9293 6815718 0 0 6 0 0 0 33380 0 60643 
0 9294 6815719 0 0 6 0 0 0 33386 0 60649 
0 9295 6815722 0 0 6 0 0 0 33392 0 60655 
0 9296 6815723 0 0 6 0 0 0 33326 0 60661 
0 9297 6815724 0 0 5 0 0 0 33403 0 60667 
0 9298 6815725 0 0 5 0 0 0 33408 0 60672 
0 9299 6815726 0 0 7 0 0 0 33413 0 60677 
0 9300 6815727 0 0 7 0 0 0 33420 0 60684 
0 9301 6815742 0 0 5 0 0 0 33427 0 60691 
0 9302 6815743 0 0 5 0 0 0 33432 0 60696 
0 9303 7237921 0 0 3 0 0 0 33437 0 60701 
0 9304 7237923 0 0 4 0 0 0 33440 0 60704 
0 9305 7237927 0 0 4 0 0 0 33444 0 60708 
0 9306 7237929 0 0 6 0 0 0 33448 0 60712 
0 9307 7237931 0 0 6 0 0 0 33454 0 60718 
0 9308 7237933 0 0 7 0 0 0 33552 0 60724 
0 9309 7237935 0 0 7 0 0 0 33754 0 60731 
0 9310 7237945 0 0 6 0 0 0 33761 0 60738 
0 9311 7237947 0 0 7 0 0 0 33767 0 60744 
0 9312 7237950 0 0 6 0 0 0 33774 0 60751 
0 9313 7237951 0 0 6 0 0 0 33780 0 60757 
0 9314 7237993 0 0 5 0 0 0 33786 0 60763 
0 9315 7237995 0 0 5 0 0 0 33791 0 60768 
0 9316 7237997 0 0 6 0 0 0 33796 0 60773 
0 9317 7237999 0 0 6 0 0 0 33802 0 60779 
0 9318 7238001 0 0 5 0 0 0 33808 0 60785 
0 9319 7238003 0 0 7 0 0 0 33813 0 60790 
0 9320 7238006 0 0 5 0 0 0 33749 0 60797 
0 9321 7238007 0 0 5 0 0 0 33828 0 60802 
0 9322 7238009 0 0 7 0 0 0 33833 0 60807 
0 9323 7238011 0 0 7 0 0 0 33840 0 60814 
0 9324 7238012 0 0 7 0 0 0 33847 0 60821 
0 9325 7238013 0 0 7 0 0 0 33854 0 60828 
0 9326 7238014 0 0 7 0 0 0 33861 0 60835 
0 9327 7238015 0 0 7 0 0 0 33868 0 60842 
0 9328 7238136 0 0 5 0 0 0 33875 0 60849 
0 9329 7238137 0 0 5 0 0 0 33880 0 60854 
0 9330 7238138 0 0 6 0 0 0 33885 0 60859 
0 9331 7238139 0 0 6 0 0 0 33891 0 60865 
0 9332 7238142 0 0 5 0 0 0 33687 0 60871 
0 9333 7238143 0 0 5 0 0 0 33632 0 60876 
0 9334 7238433 0 0 3 0 0 0 33637 0 60881 
0 9335 7238435 0 0 5 0 0 0 33640 0 60884 
0 9336 7238439 0 0 5 0 0 0 33645 0 60889 
0 9337 7238443 0 0 5 0 0 0 33650 0 60894 
0 9338 7238445 0 0 5 0 0 0 33655 0 60899 
0 9339 7238447 0 0 7 0 0 0 33660 0 60904 
0 9340 7238462 0 0 5 0 0 0 33667 0 60911 
0 9341 7238463 0 0 5 0 0 0 33672 0 60916 
0 9342 7238507 0 0 4 0 0 0 33677 0 60921 
0 9343 7238509 0 0 6 0 0 0 33681 0 60925 
0 9344 7238511 0 0 6 0 0 0 33626 0 60931 
0 9345 7238518 0 0 5 0 0 0 33692 0 60937 
0 9346 7238519 0 0 5 0 0 0 33697 0 60942 
0 9347 7238526 0 0 6 0 0 0 33702 0 60947 
0 9348 7238527 0 0 6 0 0 0 33708 0 60953 
0 9349 7238654 0 0 4 0 0 0 33714 0 60959 
0 9350 7238655 0 0 4 0 0 0 33718 0 60963 
0 9351 7238953 0 0 5 0 0 0 33722 0 60967 
0 9352 7238955 0 0 5 0 0 0 33727 0 60972 
0 9353 7238957 0 0 6 0 0 0 33732 0 60977 
0 9354 7238959 0 0 6 0 0 0 33738 0 60983 
0 9355 7238961 0 0 5 0 0 0 33744 0 60989 
0 9356 7238963 0 0 8 0 0 0 33243 0 60994 
0 9357 7238966 0 0 5 0 0 0 32834 0 61002 
0 9358 7238967 0 0 5 0 0 0 32839 0 61007 
0 9359 7238969 0 0 8 0 0 0 32844 0 61012 
0 9360 7238971 0 0 8 0 0 0 32852 0 61020 
0 9361 7238972 0 0 8 0 0 0 32860 0 61028 
0 9362 7238973 0 0 8 0 0 0 32868 0 61036 
0 9363 7238974 0 0 8 0 0 0 32876 0 61044 
0 9364 7238975 0 0 8 0 0 0 32884 0 61052 
0 9365 7239017 0 0 6 0 0 0 32892 0 61060 
0 9366 7239019 0 0 6 0 0 0 32898 0 61066 
0 9367 7239021 0 0 7 0 0 0 32904 0 61072 
0 9368 7239023 0 0 7 0 0 0 32827 0 61079 
0 9369 7239025 0 0 8 0 0 0 32917 0 61086 
0 9370 7239027 0 0 8 0 0 0 32925 0 61094 
0 9371 7239028 0 0 8 0 0 0 32933 0 61102 
0 9372 7239029 0 0 8 0 0 0 32941 0 61110 
0 9373 7239030 0 0 8 0 0 0 32949 0 61118 
0 9374 7239031 0 0 8 0 0 0 32957 0 61126 
0 9375 7239033 0 0 8 0 0 0 32965 0 61134 
0 9376 7239035 0 0 8 0 0 0 32973 0 61142 
0 9377 7239036 0 0 8 0 0 0 32981 0 61150 
0 9378 7239037 0 0 8 0 0 0 32989 0 61158 
0 9379 7239038 0 0 8 0 0 0 32997 0 61166 
0 9380 7239039 0 0 8 0 0 0 32742 0 61174 
0 9381 7239089 0 0 7 0 0 0 32655 0 61182 
0 9382 7239090 0 0 7 0 0 0 32662 0 61189 
0 9383 7239091 0 0 7 0 0 0 32669 0 61196 
0 9384 7239092 0 0 5 0 0 0 32676 0 61203 
0 9385 7239093 0 0 7 0 0 0 32681 0 61208 
0 9386 7239094 0 0 7 0 0 0 32688 0 61215 
0 9387 7239095 0 0 7 0 0 0 32695 0 61222 
0 9388 7239096 0 0 8 0 0 0 32702 0 61229 
0 9389 7239097 0 0 8 0 0 0 32710 0 61237 
0 9390 7239098 0 0 8 0 0 0 32718 0 61245 
0 9391 7239099 0 0 8 0 0 0 32726 0 61253 
0 9392 7239100 0 0 8 0 0 0 32734 0 61261 
0 9393 7239101 0 0 8 0 0 0 32647 0 61269 
0 9394 7239102 0 0 8 0 0 0 32750 0 61277 
0 9395 7239103 0 0 8 0 0 0 32758 0 61285 
0 9396 7239160 0 0 7 0 0 0 32766 0 61293 
0 9397 7239161 0 0 7 0 0 0 32773 0 61300 
0 9398 7239162 0 0 7 0 0 0 32780 0 61307 
0 9399 7239163 0 0 7 0 0 0 32787 0 61314 
0 9400 7239164 0 0 7 0 0 0 32794 0 61321 
0 9401 7239165 0 0 7 0 0 0 32801 0 61328 
0 9402 7239166 0 0 7 0 0 0 32808 0 61335 
0 9403 7239167 0 0 7 0 0 0 32815 0 61342 
0 9404 7239457 0 0 5 0 0 0 32822 0 61349 
0 9405 7239459 0 0 6 0 0 0 32911 0 61354 
0 9406 7239461 0 0 7 0 0 0 33165 0 61360 
0 9407 7239463 0 0 7 0 0 0 33172 0 61367 
0 9408 7239467 0 0 6 0 0 0 33179 0 61374 
0 9409 7239469 0 0 8 0 0 0 33185 0 61380 
0 9410 7239471 0 0 8 0 0 0 33193 0 61388 
0 9411 7239477 0 0 7 0 0 0 33201 0 61396 
0 9412 7239478 0 0 8 0 0 0 33208 0 61403 
0 9413 7239479 0 0 8 0 0 0 33216 0 61411 
0 9414 7239486 0 0 7 0 0 0 33224 0 61419 
0 9415 7239487 0 0 7 0 0 0 33231 0 61426 
0 9416 7239531 0 0 5 0 0 0 33238 0 61433 
0 9417 7239533 0 0 7 0 0 0 33158 0 61438 
0 9418 7239535 0 0 7 0 0 0 33251 0 61445 
0 9419 7239540 0 0 7 0 0 0 33258 0 61452 
0 9420 7239541 0 0 7 0 0 0 33265 0 61459 
0 9421 7239542 0 0 8 0 0 0 33272 0 61466 
0 9422 7239543 0 0 8 0 0 0 33280 0 61474 
0 9423 7239550 0 0 7 0 0 0 33288 0 61482 
0 9424 7239551 0 0 7 0 0 0 33295 0 61489 
0 9425 7239604 0 0 4 0 0 0 33302 0 61496 
0 9426 7239605 0 0 6 0 0 0 33306 0 61500 
0 9427 7239606 0 0 7 0 0 0 33312 0 61506 
0 9428 7239607 0 0 7 0 0 0 33319 0 61513 
0 9429 7239614 0 0 7 0 0 0 33075 0 61520 
0 9430 7239615 0 0 7 0 0 0 33012 0 61527 
0 9431 7239678 0 0 6 0 0 0 33019 0 61534 
0 9432 7239679 0 0 6 0 0 0 33025 0 61540 
0 9433 7241016 0 0 5 0 0 0 33031 0 61546 
0 9434 7241017 0 0 5 0 0 0 33036 0 61551 
0 9435 7241018 0 0 6 0 0 0 33041 0 61556 
0 9436 7241019 0 0 6 0 0 0 33047 0 61562 
0 9437 7241022 0 0 5 0 0 0 33053 0 61568 
0 9438 7241023 0 0 5 0 0 0 33058 0 61573 
0 9439 7241065 0 0 7 0 0 0 33063 0 61578 
0 9440 7241066 0 0 5 0 0 0 33070 0 61585 
0 9441 7241067 0 0 7 0 0 0 33005 0 61590 
0 9442 7241068 0 0 7 0 0 0 33082 0 61597 
0 9443 7241069 0 0 7 0 0 0 33089 0 61604 
0 9444 7241070 0 0 7 0 0 0 33096 0 61611 
0 9445 7241071 0 0 7 0 0 0 33103 0 61618 
0 9446 7241072 0 0 6 0 0 0 33110 0 61625 
0 9447 7241073 0 0 6 0 0 0 33116 0 61631 
0 9448 7241074 0 0 8 0 0 0 33122 0 61637 
0 9449 7241075 0 0 8 0 0 0 33130 0 61645 
0 9450 7241078 0 0 6 0 0 0 33138 0 61653 
0 9451 7241079 0 0 6 0 0 0 33144 0 61659 
0 9452 7241080 0 0 8 0 0 0 33150 0 61665 
0 9453 7241081 0 0 8 0 0 0 33820 0 61673 
0 9454 7241082 0 0 8 0 0 0 34644 0 61681 
0 9455 7241083 0 0 8 0 0 0 34652 0 61689 
0 9456 7241084 0 0 8 0 0 0 34660 0 61697 
0 9457 7241085 0 0 8 0 0 0 34668 0 61705 
0 9458 7241086 0 0 8 0 0 0 34676 0 61713 
0 9459 7241087 0 0 8 0 0 0 34684 0 61721 
0 9460 7241208 0 0 6 0 0 0 34692 0 61729 
0 9461 7241209 0 0 6 0 0 0 34698 0 61735 
0 9462 7241210 0 0 7 0 0 0 34704 0 61741 
0 9463 7241211 0 0 7 0 0 0 34711 0 61748 
0 9464 7241214 0 0 6 0 0 0 34718 0 61755 
0 9465 7241215 0 0 6 0 0 0 34638 0 61761 
0 9466 7241505 0 0 5 0 0 0 34731 0 61767 
0 9467 7241507 0 0 7 0 0 0 34736 0 61772 
0 9468 7241510 0 0 6 0 0 0 34743 0 61779 
0 9469 7241511 0 0 6 0 0 0 34749 0 61785 
0 9470 7241515 0 0 7 0 0 0 34755 0 61791 
0 9471 7241516 0 0 6 0 0 0 34762 0 61798 
0 9472 7241517 0 0 6 0 0 0 34768 0 61804 
0 9473 7241518 0 0 8 0 0 0 34774 0 61810 
0 9474 7241519 0 0 8 0 0 0 34782 0 61818 
0 9475 7241534 0 0 6 0 0 0 34790 0 61826 
0 9476 7241535 0 0 6 0 0 0 34796 0 61832 
0 9477 7241578 0 0 4 0 0 0 34575 0 61838 
0 9478 7241579 0 0 6 0 0 0 34505 0 61842 
0 9479 7241580 0 0 7 0 0 0 34511 0 61848 
0 9480 7241581 0 0 7 0 0 0 34518 0 61855 
0 9481 7241582 0 0 7 0 0 0 34525 0 61862 
0 9482 7241583 0 0 7 0 0 0 34532 0 61869 
0 9483 7241590 0 0 6 0 0 0 34539 0 61876 
0 9484 7241591 0 0 6 0 0 0 34545 0 61882 
0 9485 7241598 0 0 7 0 0 0 34551 0 61888 
0 9486 7241599 0 0 7 0 0 0 34558 0 61895 
0 9487 7241726 0 0 5 0 0 0 34565 0 61902 
0 9488 7241727 0 0 5 0 0 0 34570 0 61907 
0 9489 7271785 0 0 4 0 0 0 34501 0 61912 
0 9490 7271787 0 0 4 0 0 0 34579 0 61916 
0 9491 7271788 0 0 3 0 0 0 34583 0 61920 
0 9492 7271789 0 0 5 0 0 0 34586 0 61923 
0 9493 7271790 0 0 3 0 0 0 34591 0 61928 
0 9494 7271791 0 0 5 0 0 0 34594 0 61931 
0 9495 7271792 0 0 4 0 0 0 34599 0 61936 
0 9496 7271793 0 0 7 0 0 0 34603 0 61940 
0 9497 7271794 0 0 7 0 0 0 34610 0 61947 
0 9498 7271795 0 0 7 0 0 0 34617 0 61954 
0 9499 7271796 0 0 7 0 0 0 34624 0 61961 
0 9500 7271797 0 0 7 0 0 0 34631 0 61968 
0 9501 7271798 0 0 7 0 0 0 34724 0 61975 
0 9502 7271799 0 0 7 0 0 0 34948 0 61982 
0 9503 7271800 0 0 4 0 0 0 34955 0 61989 
0 9504 7271801 0 0 7 0 0 0 34959 0 61993 
0 9505 7271802 0 0 7 0 0 0 34966 0 62000 
0 9506 7271803 0 0 7 0 0 0 34973 0 62007 
0 9507 7271804 0 0 7 0 0 0 34980 0 62014 
0 9508 7271805 0 0 7 0 0 0 34987 0 62021 
0 9509 7271806 0 0 7 0 0 0 34994 0 62028 
0 9510 7271807 0 0 7 0 0 0 35001 0 62035 
0 9511 7271856 0 0 4 0 0 0 35008 0 62042 
0 9512 7271857 0 0 4 0 0 0 35012 0 62046 
0 9513 7271858 0 0 6 0 0 0 34942 0 62050 
0 9514 7271859 0 0 6 0 0 0 35018 0 62056 
0 9515 7271862 0 0 4 0 0 0 35024 0 62062 
0 9516 7271863 0 0 4 0 0 0 35028 0 62066 
0 9517 7271864 0 0 7 0 0 0 35032 0 62070 
0 9518 7271865 0 0 7 0 0 0 35039 0 62077 
0 9519 7271866 0 0 7 0 0 0 35046 0 62084 
0 9520 7271867 0 0 7 0 0 0 35053 0 62091 
0 9521 7271868 0 0 7 0 0 0 35060 0 62098 
0 9522 7271869 0 0 7 0 0 0 35067 0 62105 
0 9523 7271870 0 0 7 0 0 0 35074 0 62112 
0 9524 7271871 0 0 7 0 0 0 35081 0 62119 
0 9525 7271928 0 0 6 0 0 0 34870 0 62126 
0 9526 7271929 0 0 6 0 0 0 34807 0 62132 
0 9527 7271930 0 0 6 0 0 0 34813 0 62138 
0 9528 7271931 0 0 6 0 0 0 34819 0 62144 
0 9529 7271932 0 0 6 0 0 0 34825 0 62150 
0 9530 7271933 0 0 6 0 0 0 34831 0 62156 
0 9531 7271934 0 0 6 0 0 0 34837 0 62162 
0 9532 7271935 0 0 6 0 0 0 34843 0 62168 
0 9533 7272225 0 0 4 0 0 0 34849 0 62174 
0 9534 7272227 0 0 5 0 0 0 34853 0 62178 
0 9535 7272229 0 0 6 0 0 0 34858 0 62183 
0 9536 7272231 0 0 6 0 0 0 34864 0 62189 
0 9537 7272235 0 0 5 0 0 0 34802 0 62195 
0 9538 7272237 0 0 7 0 0 0 34876 0 62200 
0 9539 7272239 0 0 7 0 0 0 34883 0 62207 
0 9540 7272244 0 0 6 0 0 0 34890 0 62214 
0 9541 7272245 0 0 6 0 0 0 34896 0 62220 
0 9542 7272246 0 0 7 0 0 0 34902 0 62226 
0 9543 7272247 0 0 7 0 0 0 34909 0 62233 
0 9544 7272254 0 0 6 0 0 0 34916 0 62240 
0 9545 7272255 0 0 6 0 0 0 34922 0 62246 
0 9546 7272299 0 0 4 0 0 0 34928 0 62252 
0 9547 7272300 0 0 4 0 0 0 34932 0 62256 
0 9548 7272301 0 0 6 0 0 0 34936 0 62260 
0 9549 7272302 0 0 4 0 0 0 34430 0 62266 
0 9550 7272303 0 0 6 0 0 0 34059 0 62270 
0 9551 7272308 0 0 6 0 0 0 34065 0 62276 
0 9552 7272309 0 0 6 0 0 0 34071 0 62282 
0 9553 7272310 0 0 7 0 0 0 34077 0 62288 
0 9554 7272311 0 0 7 0 0 0 34084 0 62295 
0 9555 7272318 0 0 6 0 0 0 34091 0 62302 
0 9556 7272319 0 0 6 0 0 0 34097 0 62308 
0 9557 7272372 0 0 5 0 0 0 34103 0 62314 
0 9558 7272373 0 0 5 0 0 0 34108 0 62319 
0 9559 7272374 0 0 6 0 0 0 34113 0 62324 
0 9560 7272375 0 0 6 0 0 0 34119 0 62330 
0 9561 7272382 0 0 6 0 0 0 34053 0 62336 
0 9562 7272383 0 0 6 0 0 0 34131 0 62342 
0 9563 7272446 0 0 5 0 0 0 34137 0 62348 
0 9564 7272447 0 0 5 0 0 0 34142 0 62353 
0 9565 7272816 0 0 4 0 0 0 34147 0 62358 
0 9566 7272817 0 0 4 0 0 0 34151 0 62362 
0 9567 7272818 0 0 6 0 0 0 34155 0 62366 
0 9568 7272819 0 0 6 0 0 0 34161 0 62372 
0 9569 7272822 0 0 4 0 0 0 34167 0 62378 
0 9570 7272823 0 0 4 0 0 0 34171 0 62382 
0 9571 7272824 0 0 8 0 0 0 34175 0 62386 
0 9572 7272825 0 0 8 0 0 0 34183 0 62394 
0 9573 7272826 0 0 8 0 0 0 33982 0 62402 
0 9574 7272827 0 0 8 0 0 0 33904 0 62410 
0 9575 7272828 0 0 8 0 0 0 33912 0 62418 
0 9576 7272829 0 0 8 0 0 0 33920 0 62426 
0 9577 7272830 0 0 8 0 0 0 33928 0 62434 
0 9578 7272831 0 0 8 0 0 0 33936 0 62442 
0 9579 7272952 0 0 5 0 0 0 33944 0 62450 
0 9580 7272953 0 0 5 0 0 0 33949 0 62455 
0 9581 7272954 0 0 7 0 0 0 33954 0 62460 
0 9582 7272955 0 0 7 0 0 0 33961 0 62467 
0 9583 7272958 0 0 5 0 0 0 33968 0 62474 
0 9584 7272959 0 0 5 0 0 0 33973 0 62479 
0 9585 7273249 0 0 4 0 0 0 33978 0 62484 
0 9586 7273251 0 0 7 0 0 0 33897 0 62488 
0 9587 7273254 0 0 5 0 0 0 33990 0 62495 
0 9588 7273255 0 0 5 0 0 0 33995 0 62500 
0 9589 7273258 0 0 4 0 0 0 34000 0 62505 
0 9590 7273259 0 0 7 0 0 0 34004 0 62509 
0 9591 7273260 0 0 5 0 0 0 34011 0 62516 
0 9592 7273261 0 0 5 0 0 0 34016 0 62521 
0 9593 7273262 0 0 8 0 0 0 34021 0 62526 
0 9594 7273263 0 0 8 0 0 0 34029 0 62534 
0 9595 7273278 0 0 5 0 0 0 34037 0 62542 
0 9596 7273279 0 0 5 0 0 0 34042 0 62547 
0 9597 7273322 0 0 6 0 0 0 34047 0 62552 
0 9598 7273323 0 0 6 0 0 0 34125 0 62558 
0 9599 7273324 0 0 7 0 0 0 34364 0 62564 
0 9600 7273325 0 0 7 0 0 0 34371 0 62571 
0 9601 7273326 0 0 7 0 0 0 34378 0 62578 
0 9602 7273327 0 0 7 0 0 0 34385 0 62585 
0 9603 7273334 0 0 5 0 0 0 34392 0 62592 
0 9604 7273335 0 0 5 0 0 0 34397 0 62597 
0 9605 7273342 0 0 7 0 0 0 34402 0 62602 
0 9606 7273343 0 0 7 0 0 0 34409 0 62609 
0 9607 7273470 0 0 4 0 0 0 34416 0 62616 
0 9608 7273471 0 0 4 0 0 0 34420 0 62620 
0 9609 7273848 0 0 6 0 0 0 34424 0 62624 
0 9610 7273849 0 0 6 0 0 0 34358 0 62630 
0 9611 7273850 0 0 6 0 0 0 34434 0 62636 
0 9612 7273851 0 0 6 0 0 0 34440 0 62642 
0 9613 7273852 0 0 6 0 0 0 34446 0 62648 
0 9614 7273853 0 0 6 0 0 0 34452 0 62654 
0 9615 7273854 0 0 6 0 0 0 34458 0 62660 
0 9616 7273855 0 0 6 0 0 0 34464 0 62666 
0 9617 7273912 0 0 5 0 0 0 34470 0 62672 
0 9618 7273913 0 0 5 0 0 0 34475 0 62677 
0 9619 7273914 0 0 8 0 0 0 34480 0 62682 
0 9620 7273915 0 0 8 0 0 0 34488 0 62690 
0 9621 7273918 0 0 5 0 0 0 34496 0 62698 
0 9622 7273919 0 0 5 0 0 0 34274 0 62703 
0 9623 7273976 0 0 7 0 0 0 34198 0 62708 
0 9624 7273977 0 0 7 0 0 0 34205 0 62715 
0 9625 7273978 0 0 7 0 0 0 34212 0 62722 
0 9626 7273979 0 0 7 0 0 0 34219 0 62729 
0 9627 7273980 0 0 7 0 0 0 34226 0 62736 
0 9628 7273981 0 0 7 0 0 0 34233 0 62743 
0 9629 7273982 0 0 7 0 0 0 34240 0 62750 
0 9630 7273983 0 0 7 0 0 0 34247 0 62757 
0 9631 7274273 0 0 6 0 0 0 34254 0 62764 
0 9632 7274275 0 0 7 0 0 0 34260 0 62770 
0 9633 7274276 0 0 7 0 0 0 34267 0 62777 
0 9634 7274277 0 0 7 0 0 0 34191 0 62784 
0 9635 7274278 0 0 7 0 0 0 34279 0 62791 
0 9636 7274279 0 0 7 0 0 0 34286 0 62798 
0 9637 7274282 0 0 4 0 0 0 34293 0 62805 
0 9638 7274283 0 0 7 0 0 0 34297 0 62809 
0 9639 7274284 0 0 8 0 0 0 34304 0 62816 
0 9640 7274285 0 0 8 0 0 0 34312 0 62824 
0 9641 7274286 0 0 8 0 0 0 34320 0 62832 
0 9642 7274287 0 0 8 0 0 0 34328 0 62840 
0 9643 7274292 0 0 7 0 0 0 34336 0 62848 
0 9644 7274293 0 0 7 0 0 0 34343 0 62855 
0 9645 7274294 0 0 8 0 0 0 34350 0 62862 
0 9646 7274295 0 0 8 0 0 0 32582 0 62870 
0 9647 7274302 0 0 7 0 0 0 31164 0 62878 
0 9648 7274303 0 0 7 0 0 0 31171 0 62885 
0 9649 7274346 0 0 6 0 0 0 31178 0 62892 
0 9650 7274347 0 0 6 0 0 0 31184 0 62898 
0 9651 7274348 0 0 7 0 0 0 31190 0 62904 
0 9652 7274349 0 0 7 0 0 0 31197 0 62911 
0 9653 7274350 0 0 7 0 0 0 31204 0 62918 
0 9654 7274351 0 0 7 0 0 0 31211 0 62925 
0 9655 7274356 0 0 7 0 0 0 31218 0 62932 
0 9656 7274357 0 0 7 0 0 0 31225 0 62939 
0 9657 7274358 0 0 8 0 0 0 31232 0 62946 
0 9658 7274359 0 0 8 0 0 0 31156 0 62954 
0 9659 7274366 0 0 7 0 0 0 31246 0 62962 
0 9660 7274367 0 0 7 0 0 0 31253 0 62969 
0 9661 7274420 0 0 6 0 0 0 31260 0 62976 
0 9662 7274421 0 0 6 0 0 0 31266 0 62982 
0 9663 7274422 0 0 7 0 0 0 31272 0 62988 
0 9664 7274423 0 0 7 0 0 0 31279 0 62995 
0 9665 7274430 0 0 7 0 0 0 31286 0 63002 
0 9666 7274431 0 0 7 0 0 0 31293 0 63009 
0 9667 7274494 0 0 6 0 0 0 31300 0 63016 
0 9668 7274495 0 0 6 0 0 0 31306 0 63022 
0 9669 7339512 0 0 4 0 0 0 31312 0 63028 
0 9670 7339513 0 0 4 0 0 0 31090 0 63032 
0 9671 7339514 0 0 5 0 0 0 31036 0 63036 
0 9672 7339515 0 0 5 0 0 0 31041 0 63041 
0 9673 7339518 0 0 4 0 0 0 31046 0 63046 
0 9674 7339519 0 0 4 0 0 0 31050 0 63050 
0 9675 7339808 0 0 4 0 0 0 31054 0 63054 
0 9676 7339809 0 0 4 0 0 0 31058 0 63058 
0 9677 7339810 0 0 6 0 0 0 31062 0 63062 
0 9678 7339811 0 0 6 0 0 0 31068 0 63068 
0 9679 7339814 0 0 5 0 0 0 31074 0 63074 
0 9680 7339815 0 0 5 0 0 0 31079 0 63079 
0 9681 7339818 0 0 6 0 0 0 31084 0 63084 
0 9682 7339819 0 0 6 0 0 0 31030 0 63090 
0 9683 7339820 0 0 5 0 0 0 31094 0 63096 
0 9684 7339821 0 0 5 0 0 0 31099 0 63101 
0 9685 7339822 0 0 7 0 0 0 31104 0 63106 
0 9686 7339823 0 0 7 0 0 0 31111 0 63113 
0 9687 7339838 0 0 5 0 0 0 31118 0 63120 
0 9688 7339839 0 0 5 0 0 0 31123 0 63125 
0 9689 7339882 0 0 5 0 0 0 31128 0 63130 
0 9690 7339883 0 0 5 0 0 0 31133 0 63135 
0 9691 7339884 0 0 6 0 0 0 31138 0 63140 
0 9692 7339885 0 0 6 0 0 0 31144 0 63146 
0 9693 7339886 0 0 6 0 0 0 31150 0 63152 
0 9694 7339887 0 0 6 0 0 0 31240 0 63158 
0 9695 7339894 0 0 5 0 0 0 31443 0 63164 
0 9696 7339895 0 0 5 0 0 0 31448 0 63169 
0 9697 7339902 0 0 6 0 0 0 31453 0 63174 
0 9698 7339903 0 0 6 0 0 0 31459 0 63180 
0 9699 7340030 0 0 4 0 0 0 31465 0 63186 
0 9700 7340031 0 0 4 0 0 0 31469 0 63190 
0 9701 8287009 0 0 2 0 0 0 31473 0 63194 
0 9702 8287011 0 0 4 0 0 0 31475 0 63196 
0 9703 8287015 0 0 4 0 0 0 31479 0 63200 
0 9704 8287019 0 0 4 0 0 0 31483 0 63204 
0 9705 8287021 0 0 4 0 0 0 31487 0 63208 
0 9706 8287023 0 0 6 0 0 0 31437 0 63212 
0 9707 8287038 0 0 4 0 0 0 31498 0 63218 
0 9708 8287039 0 0 4 0 0 0 31502 0 63222 
0 9709 8287083 0 0 4 0 0 0 31506 0 63226 
0 9710 8287085 0 0 6 0 0 0 31510 0 63230 
0 9711 8287087 0 0 6 0 0 0 31516 0 63236 
0 9712 8287094 0 0 5 0 0 0 31522 0 63242 
0 9713 8287095 0 0 5 0 0 0 31527 0 63247 
0 9714 8287102 0 0 6 0 0 0 31532 0 63252 
0 9715 8287103 0 0 6 0 0 0 31538 0 63258 
0 9716 8287230 0 0 4 0 0 0 31544 0 63264 
0 9717 8287231 0 0 4 0 0 0 31548 0 63268 
0 9718 8288107 0 0 4 0 0 0 31384 0 63272 
0 9719 8288109 0 0 6 0 0 0 31322 0 63276 
0 9720 8288111 0 0 6 0 0 0 31328 0 63282 
0 9721 8288116 0 0 4 0 0 0 31334 0 63288 
0 9722 8288117 0 0 4 0 0 0 31338 0 63292 
0 9723 8288118 0 0 7 0 0 0 31342 0 63296 
0 9724 8288119 0 0 7 0 0 0 31349 0 63303 
0 9725 8288126 0 0 6 0 0 0 31356 0 63310 
0 9726 8288127 0 0 6 0 0 0 31362 0 63316 
0 9727 8288190 0 0 5 0 0 0 31368 0 63322 
0 9728 8288191 0 0 5 0 0 0 31373 0 63327 
0 9729 8288254 0 0 6 0 0 0 31378 0 63332 
0 9730 8288255 0 0 6 0 0 0 31316 0 63338 
0 9731 8290302 0 0 4 0 0 0 31388 0 63344 
0 9732 8290303 0 0 4 0 0 0 31392 0 63348 
0 9733 8320875 0 0 3 0 0 0 31396 0 63352 
0 9734 8320876 0 0 3 0 0 0 31399 0 63355 
0 9735 8320877 0 0 5 0 0 0 31402 0 63358 
0 9736 8320878 0 0 3 0 0 0 31407 0 63363 
0 9737 8320879 0 0 5 0 0 0 31410 0 63366 
0 9738 8320884 0 0 5 0 0 0 31415 0 63371 
0 9739 8320885 0 0 5 0 0 0 31420 0 63376 
0 9740 8320886 0 0 6 0 0 0 31425 0 63381 
0 9741 8320887 0 0 6 0 0 0 31431 0 63387 
0 9742 8320894 0 0 5 0 0 0 30956 0 63393 
0 9743 8320895 0 0 5 0 0 0 30655 0 63398 
0 9744 8320950 0 0 4 0 0 0 30660 0 63403 
0 9745 8320951 0 0 4 0 0 0 30664 0 63407 
0 9746 8320958 0 0 6 0 0 0 30668 0 63411 
0 9747 8320959 0 0 6 0 0 0 30674 0 63417 
0 9748 8321022 0 0 5 0 0 0 30680 0 63423 
0 9749 8321023 0 0 5 0 0 0 30685 0 63428 
0 9750 8322046 0 0 4 0 0 0 30690 0 63433 
0 9751 8322047 0 0 4 0 0 0 30694 0 63437 
0 9752 8323070 0 0 5 0 0 0 30698 0 63441 
0 9753 8323071 0 0 5 0 0 0 30703 0 63446 
0 9754 8388606 0 0 3 0 0 0 30652 0 63451 
0 9755 8388607 0 0 3 0 0 0 30711 0 63454 
0 9756 14917112 0 0 2 0 0 0 30714 0 63457 
0 9757 14917113 0 0 3 0 0 0 30716 0 63459 
0 9758 14917115 0 0 3 0 0 0 30719 0 63462 
0 9759 14917119 0 0 2 0 0 0 30722 0 63465 
0 9760 14917336 0 0 4 0 0 0 30724 0 63467 
0 9761 14917337 0 0 4 0 0 0 30728 0 63471 
0 9762 14917338 0 0 5 0 0 0 30732 0 63475 
0 9763 14917339 0 0 5 0 0 0 30737 0 63480 
0 9764 14917342 0 0 4 0 0 0 30742 0 63485 
0 9765 14917343 0 0 4 0 0 0 30746 0 63489 
0 9766 14917352 0 0 4 0 0 0 30606 0 63493 
0 9767 14917353 0 0 6 0 0 0 30547 0 63497 
0 9768 14917355 0 0 4 0 0 0 30553 0 63503 
0 9769 14917356 0 0 4 0 0 0 30557 0 63507 
0 9770 14917357 0 0 6 0 0 0 30561 0 63511 
0 9771 14917359 0 0 4 0 0 0 30567 0 63517 
0 9772 14917368 0 0 5 0 0 0 30571 0 63521 
0 9773 14917369 0 0 5 0 0 0 30576 0 63526 
0 9774 14917370 0 0 6 0 0 0 30581 0 63531 
0 9775 14917371 0 0 6 0 0 0 30587 0 63537 
0 9776 14917374 0 0 5 0 0 0 30593 0 63543 
0 9777 14917375 0 0 5 0 0 0 30598 0 63548 
0 9778 14917624 0 0 3 0 0 0 30603 0 63553 
0 9779 14917625 0 0 4 0 0 0 30543 0 63556 
0 9780 14917627 0 0 4 0 0 0 30610 0 63560 
0 9781 14917631 0 0 3 0 0 0 30614 0 63564 
0 9782 14921418 0 0 4 0 0 0 30617 0 63567 
0 9783 14921419 0 0 4 0 0 0 30621 0 63571 
0 9784 14921420 0 0 3 0 0 0 30625 0 63575 
0 9785 14921421 0 0 3 0 0 0 30628 0 63578 
0 9786 14921422 0 0 6 0 0 0 30631 0 63581 
0 9787 14921423 0 0 6 0 0 0 30637 0 63587 
0 9788 14921438 0 0 3 0 0 0 30643 0 63593 
0 9789 14921439 0 0 3 0 0 0 30646 0 63596 
0 9790 14921440 0 0 3 0 0 0 30649 0 63599 
0 9791 14921441 0 0 3 0 0 0 30708 0 63602 
0 9792 14921442 0 0 6 0 0 0 30905 0 63605 
0 9793 14921443 0 0 6 0 0 0 30911 0 63611 
0 9794 14921446 0 0 5 0 0 0 30917 0 63617 
0 9795 14921447 0 0 5 0 0 0 30922 0 63622 
0 9796 14921450 0 0 4 0 0 0 30927 0 63627 
0 9797 14921451 0 0 4 0 0 0 30931 0 63631 
0 9798 14921452 0 0 3 0 0 0 30935 0 63635 
0 9799 14921453 0 0 3 0 0 0 30938 0 63638 
0 9800 14921454 0 0 6 0 0 0 30941 0 63641 
0 9801 14921455 0 0 6 0 0 0 30947 0 63647 
0 9802 14921470 0 0 3 0 0 0 30953 0 63653 
0 9803 14921471 0 0 3 0 0 0 30902 0 63656 
0 9804 14921544 0 0 5 0 0 0 30961 0 63659 
0 9805 14921545 0 0 7 0 0 0 30966 0 63664 
0 9806 14921547 0 0 5 0 0 0 30973 0 63671 
0 9807 14921548 0 0 5 0 0 0 30978 0 63676 
0 9808 14921549 0 0 7 0 0 0 30983 0 63681 
0 9809 14921551 0 0 5 0 0 0 30990 0 63688 
0 9810 14921552 0 0 7 0 0 0 30995 0 63693 
0 9811 14921553 0 0 7 0 0 0 31002 0 63700 
0 9812 14921554 0 0 7 0 0 0 31009 0 63707 
0 9813 14921555 0 0 7 0 0 0 31016 0 63714 
0 9814 14921556 0 0 7 0 0 0 31023 0 63721 
0 9815 14921557 0 0 7 0 0 0 30832 0 63728 
0 9816 14921558 0 0 7 0 0 0 30757 0 63735 
0 9817 14921559 0 0 7 0 0 0 30764 0 63742 
0 9818 14921560 0 0 7 0 0 0 30771 0 63749 
0 9819 14921561 0 0 7 0 0 0 30778 0 63756 
0 9820 14921562 0 0 7 0 0 0 30785 0 63763 
0 9821 14921563 0 0 7 0 0 0 30792 0 63770 
0 9822 14921564 0 0 7 0 0 0 30799 0 63777 
0 9823 14921565 0 0 7 0 0 0 30806 0 63784 
0 9824 14921566 0 0 7 0 0 0 30813 0 63791 
0 9825 14921567 0 0 7 0 0 0 30820 0 63798 
0 9826 14921584 0 0 5 0 0 0 30827 0 63805 
0 9827 14921585 0 0 7 0 0 0 30750 0 63810 
0 9828 14921587 0 0 5 0 0 0 30839 0 63817 
0 9829 14921588 0 0 5 0 0 0 30844 0 63822 
0 9830 14921589 0 0 7 0 0 0 30849 0 63827 
0 9831 14921591 0 0 5 0 0 0 30856 0 63834 
0 9832 14921592 0 0 5 0 0 0 30861 0 63839 
0 9833 14921593 0 0 7 0 0 0 30866 0 63844 
0 9834 14921595 0 0 5 0 0 0 30873 0 63851 
0 9835 14921596 0 0 5 0 0 0 30878 0 63856 
0 9836 14921597 0 0 7 0 0 0 30883 0 63861 
0 9837 14921599 0 0 5 0 0 0 30890 0 63868 
0 9838 14921672 0 0 7 0 0 0 30895 0 63873 
0 9839 14921673 0 0 7 0 0 0 31491 0 63880 
0 9840 14921674 0 0 7 0 0 0 32227 0 63887 
0 9841 14921675 0 0 7 0 0 0 32234 0 63894 
0 9842 14921676 0 0 7 0 0 0 32241 0 63901 
0 9843 14921677 0 0 7 0 0 0 32248 0 63908 
0 9844 14921678 0 0 7 0 0 0 32255 0 63915 
0 9845 14921679 0 0 7 0 0 0 32262 0 63922 
0 9846 14921688 0 0 6 0 0 0 32269 0 63929 
0 9847 14921689 0 0 6 0 0 0 32275 0 63935 
0 9848 14921690 0 0 7 0 0 0 32281 0 63941 
0 9849 14921691 0 0 7 0 0 0 32288 0 63948 
0 9850 14921694 0 0 6 0 0 0 32295 0 63955 
0 9851 14921695 0 0 6 0 0 0 32221 0 63961 
0 9852 14921696 0 0 6 0 0 0 32305 0 63967 
0 9853 14921697 0 0 6 0 0 0 32311 0 63973 
0 9854 14921698 0 0 7 0 0 0 32317 0 63979 
0 9855 14921699 0 0 7 0 0 0 32324 0 63986 
0 9856 14921702 0 0 6 0 0 0 32331 0 63993 
0 9857 14921703 0 0 6 0 0 0 32337 0 63999 
0 9858 14921704 0 0 7 0 0 0 32343 0 64005 
0 9859 14921705 0 0 7 0 0 0 32350 0 64012 
0 9860 14921706 0 0 7 0 0 0 32357 0 64019 
0 9861 14921707 0 0 7 0 0 0 32364 0 64026 
0 9862 14921708 0 0 7 0 0 0 32371 0 64033 
0 9863 14921709 0 0 7 0 0 0 32157 0 64040 
0 9864 14921710 0 0 7 0 0 0 32089 0 64047 
0 9865 14921711 0 0 7 0 0 0 32096 0 64054 
0 9866 14921720 0 0 6 0 0 0 32103 0 64061 
0 9867 14921721 0 0 6 0 0 0 32109 0 64067 
0 9868 14921722 0 0 7 0 0 0 32115 0 64073 
0 9869 14921723 0 0 7 0 0 0 32122 0 64080 
0 9870 14921726 0 0 6 0 0 0 32129 0 64087 
0 9871 14921727 0 0 6 0 0 0 32135 0 64093 
0 9872 14925768 0 0 5 0 0 0 32141 0 64099 
0 9873 14925769 0 0 6 0 0 0 32146 0 64104 
0 9874 14925771 0 0 5 0 0 0 32152 0 64110 
0 9875 14925772 0 0 5 0 0 0 32084 0 64115 
0 9876 14925773 0 0 6 0 0 0 32164 0 64120 
0 9877 14925775 0 0 5 0 0 0 32170 0 64126 
0 9878 14925784 0 0 5 0 0 0 32175 0 64131 
0 9879 14925785 0 0 5 0 0 0 32180 0 64136 
0 9880 14925786 0 0 6 0 0 0 32185 0 64141 
0 9881 14925787 0 0 6 0 0 0 32191 0 64147 
0 9882 14925790 0 0 5 0 0 0 32197 0 64153 
0 9883 14925791 0 0 5 0 0 0 32202 0 64158 
0 9884 14925816 0 0 4 0 0 0 32207 0 64163 
0 9885 14925817 0 0 5 0 0 0 32211 0 64167 
0 9886 14925819 0 0 5 0 0 0 32216 0 64172 
0 9887 14925823 0 0 4 0 0 0 32301 0 64177 
0 9888 14935627 0 0 3 0 0 0 32524 0 64181 
0 9889 14935628 0 0 4 0 0 0 32527 0 64184 
0 9890 14935629 0 0 5 0 0 0 32531 0 64188 
0 9891 14935631 0 0 4 0 0 0 32536 0 64193 
0 9892 14935634 0 0 6 0 0 0 32540 0 64197 
0 9893 14935635 0 0 6 0 0 0 32546 0 64203 
0 9894 14935636 0 0 6 0 0 0 32552 0 64209 
0 9895 14935637 0 0 6 0 0 0 32558 0 64215 
0 9896 14935638 0 0 6 0 0 0 32564 0 64221 
0 9897 14935639 0 0 6 0 0 0 32570 0 64227 
0 9898 14935642 0 0 6 0 0 0 32576 0 64233 
0 9899 14935643 0 0 6 0 0 0 32518 0 64239 
0 9900 14935644 0 0 6 0 0 0 32590 0 64245 
0 9901 14935645 0 0 6 0 0 0 32596 0 64251 
0 9902 14935646 0 0 6 0 0 0 32602 0 64257 
0 9903 14935647 0 0 6 0 0 0 32608 0 64263 
0 9904 14935664 0 0 3 0 0 0 32614 0 64269 
0 9905 14935665 0 0 6 0 0 0 32617 0 64272 
0 9906 14935667 0 0 5 0 0 0 32623 0 64278 
0 9907 14935668 0 0 5 0 0 0 32628 0 64283 
0 9908 14935669 0 0 6 0 0 0 32633 0 64288 
0 9909 14935671 0 0 5 0 0 0 32639 0 64294 
0 9910 14935672 0 0 3 0 0 0 32644 0 64299 
0 9911 14935673 0 0 6 0 0 0 32439 0 64302 
0 9912 14935675 0 0 5 0 0 0 32381 0 64308 
0 9913 14935676 0 0 5 0 0 0 32386 0 64313 
0 9914 14935677 0 0 6 0 0 0 32391 0 64318 
0 9915 14935679 0 0 5 0 0 0 32397 0 64324 
0 9916 14935706 0 0 7 0 0 0 32402 0 64329 
0 9917 14935707 0 0 7 0 0 0 32409 0 64336 
0 9918 14935710 0 0 5 0 0 0 32416 0 64343 
0 9919 14935711 0 0 5 0 0 0 32421 0 64348 
0 9920 14935712 0 0 3 0 0 0 32426 0 64353 
0 9921 14935713 0 0 5 0 0 0 32429 0 64356 
0 9922 14935715 0 0 5 0 0 0 32434 0 64361 
0 9923 14935719 0 0 3 0 0 0 32378 0 64366 
0 9924 14935720 0 0 7 0 0 0 32445 0 64369 
0 9925 14935721 0 0 7 0 0 0 32452 0 64376 
0 9926 14935722 0 0 7 0 0 0 32459 0 64383 
0 9927 14935723 0 0 7 0 0 0 32466 0 64390 
0 9928 14935724 0 0 7 0 0 0 32473 0 64397 
0 9929 14935725 0 0 7 0 0 0 32480 0 64404 
0 9930 14935726 0 0 7 0 0 0 32487 0 64411 
0 9931 14935727 0 0 7 0 0 0 32494 0 64418 
0 9932 14935736 0 0 5 0 0 0 32501 0 64425 
0 9933 14935737 0 0 5 0 0 0 32506 0 64430 
0 9934 14935738 0 0 7 0 0 0 32511 0 64435 
0 9935 14935739 0 0 7 0 0 0 32022 0 64442 
0 9936 14935742 0 0 5 0 0 0 31708 0 64449 
0 9937 14935743 0 0 5 0 0 0 31713 0 64454 
0 9938 14935770 0 0 6 0 0 0 31718 0 64459 
0 9939 14935771 0 0 6 0 0 0 31724 0 64465 
0 9940 14935772 0 0 6 0 0 0 31730 0 64471 
0 9941 14935773 0 0 6 0 0 0 31736 0 64477 
0 9942 14935774 0 0 6 0 0 0 31742 0 64483 
0 9943 14935775 0 0 6 0 0 0 31748 0 64489 
0 9944 14935784 0 0 5 0 0 0 31754 0 64495 
0 9945 14935785 0 0 7 0 0 0 31759 0 64500 
0 9946 14935787 0 0 5 0 0 0 31766 0 64507 
0 9947 14935788 0 0 5 0 0 0 31703 0 64512 
0 9948 14935789 0 0 7 0 0 0 31776 0 64517 
0 9949 14935791 0 0 5 0 0 0 31783 0 64524 
0 9950 14935792 0 0 7 0 0 0 31788 0 64529 
0 9951 14935793 0 0 7 0 0 0 31795 0 64536 
0 9952 14935794 0 0 7 0 0 0 31802 0 64543 
0 9953 14935795 0 0 7 0 0 0 31809 0 64550 
0 9954 14935796 0 0 7 0 0 0 31816 0 64557 
0 9955 14935797 0 0 7 0 0 0 31823 0 64564 
0 9956 14935798 0 0 7 0 0 0 31830 0 64571 
0 9957 14935799 0 0 7 0 0 0 31837 0 64578 
0 9958 14935800 0 0 7 0 0 0 31844 0 64585 
0 9959 14935801 0 0 7 0 0 0 31632 0 64592 
0 9960 14935802 0 0 7 0 0 0 31558 0 64599 
0 9961 14935803 0 0 7 0 0 0 31565 0 64606 
0 9962 14935804 0 0 7 0 0 0 31572 0 64613 
0 9963 14935805 0 0 7 0 0 0 31579 0 64620 
0 9964 14935806 0 0 7 0 0 0 31586 0 64627 
0 9965 14935807 0 0 7 0 0 0 31593 0 64634 
0 9966 14935984 0 0 5 0 0 0 31600 0 64641 
0 9967 14935985 0 0 6 0 0 0 31605 0 64646 
0 9968 14935987 0 0 5 0 0 0 31611 0 64652 
0 9969 14935988 0 0 5 0 0 0 31616 0 64657 
0 9970 14935989 0 0 6 0 0 0 31621 0 64662 
0 9971 14935991 0 0 5 0 0 0 31627 0 64668 
0 9972 14935992 0 0 6 0 0 0 31552 0 64673 
0 9973 14935993 0 0 7 0 0 0 31639 0 64679 
0 9974 14935995 0 0 6 0 0 0 31646 0 64686 
0 9975 14935996 0 0 6 0 0 0 31652 0 64692 
0 9976 14935997 0 0 7 0 0 0 31658 0 64698 
0 9977 14935999 0 0 6 0 0 0 31665 0 64705 
0 9978 14936056 0 0 5 0 0 0 31671 0 64711 
0 9979 14936057 0 0 6 0 0 0 31676 0 64716 
0 9980 14936059 0 0 5 0 0 0 31682 0 64722 
0 9981 14936060 0 0 5 0 0 0 31687 0 64727 
0 9982 14936061 0 0 6 0 0 0 31692 0 64732 
0 9983 14936063 0 0 5 0 0 0 31698 0 64738 
0 9984 14937818 0 0 5 0 0 0 31771 0 64743 
0 9985 14937819 0 0 5 0 0 0 31961 0 64748 
0 9986 14937822 0 0 4 0 0 0 31966 0 64753 
0 9987 14937823 0 0 4 0 0 0 31970 0 64757 
0 9988 14937832 0 0 6 0 0 0 31974 0 64761 
0 9989 14937833 0 0 6 0 0 0 31980 0 64767 
0 9990 14937834 0 0 6 0 0 0 31986 0 64773 
0 9991 14937835 0 0 6 0 0 0 31992 0 64779 
0 9992 14937836 0 0 6 0 0 0 31998 0 64785 
0 9993 14937837 0 0 6 0 0 0 32004 0 64791 
0 9994 14937838 0 0 6 0 0 0 32010 0 64797 
0 9995 14937839 0 0 6 0 0 0 32016 0 64803 
0 9996 14937848 0 0 5 0 0 0 31956 0 64809 
0 9997 14937849 0 0 5 0 0 0 32029 0 64814 
0 9998 14937850 0 0 6 0 0 0 32034 0 64819 
0 9999 14937851 0 0 6 0 0 0 32040 0 64825 
0 10000 14937854 0 0 5 0 0 0 32046 0 64831 
0 10001 14937855 0 0 5 0 0 0 32051 0 64836 
0 10002 14937968 0 0 3 0 0 0 32056 0 64841 
0 10003 14937969 0 0 5 0 0 0 32059 0 64844 
0 10004 14937971 0 0 5 0 0 0 32064 0 64849 
0 10005 14937975 0 0 3 0 0 0 32069 0 64854 
0 10006 14937976 0 0 5 0 0 0 32072 0 64857 
0 10007 14937977 0 0 7 0 0 0 32077 0 64862 
0 10008 14937979 0 0 5 0 0 0 31911 0 64869 
0 10009 14937980 0 0 5 0 0 0 31855 0 64874 
0 10010 14937981 0 0 7 0 0 0 31860 0 64879 
0 10011 14937983 0 0 5 0 0 0 31867 0 64886 
0 10012 14938104 0 0 5 0 0 0 31872 0 64891 
0 10013 14938105 0 0 5 0 0 0 31877 0 64896 
0 10014 14938106 0 0 6 0 0 0 31882 0 64901 
0 10015 14938107 0 0 6 0 0 0 31888 0 64907 
0 10016 14938110 0 0 5 0 0 0 31894 0 64913 
0 10017 14938111 0 0 5 0 0 0 31899 0 64918 
0 10018 14942200 0 0 3 0 0 0 31904 0 64923 
0 10019 14942201 0 0 4 0 0 0 31907 0 64926 
0 10020 14942203 0 0 4 0 0 0 31851 0 64930 
0 10021 14942207 0 0 3 0 0 0 31916 0 64934 
0 10022 15054720 0 0 1 0 0 0 31919 0 64937 
0 10023 15054721 0 0 4 0 0 0 31920 0 64938 
0 10024 15054723 0 0 6 0 0 0 31924 0 64942 
0 10025 15054727 0 0 4 0 0 0 31930 0 64948 
0 10026 15054731 0 0 4 0 0 0 31934 0 64952 
0 10027 15054732 0 0 2 0 0 0 31938 0 64956 
0 10028 15054733 0 0 4 0 0 0 31940 0 64958 
0 10029 15054735 0 0 6 0 0 0 31944 0 64962 
0 10030 15054750 0 0 2 0 0 0 31950 0 64968 
0 10031 15054751 0 0 4 0 0 0 31952 0 64970 
0 10032 15054783 0 0 2 0 0 0 35016 0 64974 
0 10033 15054784 0 0 2 0 0 0 38280 0 64976 
0 10034 15054785 0 0 6 0 0 0 38282 0 64978 
0 10035 15054787 0 0 6 0 0 0 38288 0 64984 
0 10036 15054788 0 0 6 0 0 0 38294 0 64990 
0 10037 15054789 0 0 8 0 0 0 38300 0 64996 
0 10038 15054791 0 0 6 0 0 0 38308 0 65004 
0 10039 15054795 0 0 4 0 0 0 38314 0 65010 
0 10040 15054796 0 0 6 0 0 0 38318 0 65014 
0 10041 15054797 0 0 8 0 0 0 38324 0 65020 
0 10042 15054799 0 0 6 0 0 0 38332 0 65028 
0 10043 15054804 0 0 6 0 0 0 38338 0 65034 
0 10044 15054805 0 0 6 0 0 0 38274 0 65040 
0 10045 15054806 0 0 8 0 0 0 38348 0 65046 
0 10046 15054807 0 0 8 0 0 0 38356 0 65054 
0 10047 15054814 0 0 6 0 0 0 38364 0 65062 
0 10048 15054815 0 0 6 0 0 0 38370 0 65068 
0 10049 15054836 0 0 4 0 0 0 38376 0 65074 
0 10050 15054837 0 0 6 0 0 0 38380 0 65078 
0 10051 15054839 0 0 6 0 0 0 38386 0 65084 
0 10052 15054847 0 0 4 0 0 0 38392 0 65090 
0 10053 15056832 0 0 2 0 0 0 38396 0 65094 
0 10054 15056833 0 0 4 0 0 0 38398 0 65096 
0 10055 15056834 0 0 7 0 0 0 38402 0 65100 
0 10056 15056835 0 0 7 0 0 0 38205 0 65107 
0 10057 15056838 0 0 6 0 0 0 38149 0 65114 
0 10058 15056839 0 0 6 0 0 0 38155 0 65120 
0 10059 15056842 0 0 5 0 0 0 38161 0 65126 
0 10060 15056843 0 0 5 0 0 0 38166 0 65131 
0 10061 15056844 0 0 4 0 0 0 38171 0 65136 
0 10062 15056845 0 0 4 0 0 0 38175 0 65140 
0 10063 15056846 0 0 7 0 0 0 38179 0 65144 
0 10064 15056847 0 0 7 0 0 0 38186 0 65151 
0 10065 15056862 0 0 4 0 0 0 38193 0 65158 
0 10066 15056863 0 0 4 0 0 0 38197 0 65162 
0 10067 15056864 0 0 4 0 0 0 38201 0 65166 
0 10068 15056865 0 0 4 0 0 0 38145 0 65170 
0 10069 15056866 0 0 7 0 0 0 38212 0 65174 
0 10070 15056867 0 0 7 0 0 0 38219 0 65181 
0 10071 15056870 0 0 6 0 0 0 38226 0 65188 
0 10072 15056871 0 0 6 0 0 0 38232 0 65194 
0 10073 15056874 0 0 5 0 0 0 38238 0 65200 
0 10074 15056875 0 0 5 0 0 0 38243 0 65205 
0 10075 15056876 0 0 4 0 0 0 38248 0 65210 
0 10076 15056877 0 0 4 0 0 0 38252 0 65214 
0 10077 15056878 0 0 7 0 0 0 38256 0 65218 
0 10078 15056879 0 0 7 0 0 0 38263 0 65225 
0 10079 15056894 0 0 4 0 0 0 38270 0 65232 
0 10080 15056895 0 0 4 0 0 0 38344 0 65236 
0 10081 15060190 0 0 2 0 0 0 38566 0 65240 
0 10082 15060191 0 0 2 0 0 0 38568 0 65242 
0 10083 15060202 0 0 5 0 0 0 38570 0 65244 
0 10084 15060203 0 0 5 0 0 0 38575 0 65249 
0 10085 15060204 0 0 4 0 0 0 38580 0 65254 
0 10086 15060205 0 0 4 0 0 0 38584 0 65258 
0 10087 15060206 0 0 7 0 0 0 38588 0 65262 
0 10088 15060207 0 0 7 0 0 0 38595 0 65269 
0 10089 15060222 0 0 4 0 0 0 38602 0 65276 
0 10090 15060223 0 0 4 0 0 0 38606 0 65280 
0 10091 15060328 0 0 4 0 0 0 38610 0 65284 
0 10092 15060329 0 0 6 0 0 0 38560 0 65288 
0 10093 15060331 0 0 4 0 0 0 38622 0 65294 
0 10094 15060332 0 0 4 0 0 0 38626 0 65298 
0 10095 15060333 0 0 6 0 0 0 38630 0 65302 
0 10096 15060335 0 0 4 0 0 0 38636 0 65308 
0 10097 15060336 0 0 5 0 0 0 38640 0 65312 
0 10098 15060337 0 0 5 0 0 0 38645 0 65317 
0 10099 15060338 0 0 8 0 0 0 38650 0 65322 
0 10100 15060339 0 0 8 0 0 0 38658 0 65330 
0 10101 15060342 0 0 5 0 0 0 38666 0 65338 
0 10102 15060343 0 0 5 0 0 0 38671 0 65343 
0 10103 15060344 0 0 8 0 0 0 38676 0 65348 
0 10104 15060345 0 0 8 0 0 0 38489 0 65356 
0 10105 15060346 0 0 8 0 0 0 38414 0 65364 
0 10106 15060347 0 0 8 0 0 0 38422 0 65372 
0 10107 15060348 0 0 8 0 0 0 38430 0 65380 
0 10108 15060349 0 0 8 0 0 0 38438 0 65388 
0 10109 15060350 0 0 8 0 0 0 38446 0 65396 
0 10110 15060351 0 0 8 0 0 0 38454 0 65404 
0 10111 15060472 0 0 5 0 0 0 38462 0 65412 
0 10112 15060473 0 0 5 0 0 0 38467 0 65417 
0 10113 15060474 0 0 6 0 0 0 38472 0 65422 
0 10114 15060475 0 0 6 0 0 0 38478 0 65428 
0 10115 15060478 0 0 5 0 0 0 38484 0 65434 
0 10116 15060479 0 0 5 0 0 0 38409 0 65439 
0 10117 15060769 0 0 3 0 0 0 38497 0 65444 
0 10118 15060770 0 0 6 0 0 0 38500 0 65447 
0 10119 15060771 0 0 6 0 0 0 38506 0 65453 
0 10120 15060774 0 0 5 0 0 0 38512 0 65459 
0 10121 15060775 0 0 5 0 0 0 38517 0 65464 
0 10122 15060778 0 0 6 0 0 0 38522 0 65469 
0 10123 15060779 0 0 6 0 0 0 38528 0 65475 
0 10124 15060780 0 0 5 0 0 0 38534 0 65481 
0 10125 15060781 0 0 5 0 0 0 38539 0 65486 
0 10126 15060782 0 0 8 0 0 0 38544 0 65491 
0 10127 15060783 0 0 8 0 0 0 38552 0 65499 
0 10128 15060798 0 0 5 0 0 0 38067 0 65507 
0 10129 15060799 0 0 5 0 0 0 37743 0 65512 
0 10130 15060842 0 0 4 0 0 0 37748 0 65517 
0 10131 15060843 0 0 4 0 0 0 37752 0 65521 
0 10132 15060844 0 0 6 0 0 0 37756 0 65525 
0 10133 15060845 0 0 6 0 0 0 37762 0 65531 
0 10134 15060846 0 0 6 0 0 0 37768 0 65537 
0 10135 15060847 0 0 6 0 0 0 37774 0 65543 
0 10136 15060854 0 0 5 0 0 0 37780 0 65549 
0 10137 15060855 0 0 5 0 0 0 37785 0 65554 
0 10138 15060862 0 0 6 0 0 0 37790 0 65559 
0 10139 15060863 0 0 6 0 0 0 37796 0 65565 
0 10140 15060990 0 0 3 0 0 0 37740 0 65571 
0 10141 15060991 0 0 3 0 0 0 37807 0 65574 
0 10142 15062360 0 0 4 0 0 0 37810 0 65577 
0 10143 15062361 0 0 6 0 0 0 37814 0 65581 
0 10144 15062363 0 0 4 0 0 0 37820 0 65587 
0 10145 15062364 0 0 4 0 0 0 37824 0 65591 
0 10146 15062365 0 0 6 0 0 0 37828 0 65595 
0 10147 15062367 0 0 4 0 0 0 37834 0 65601 
0 10148 15062384 0 0 5 0 0 0 37838 0 65605 
0 10149 15062385 0 0 7 0 0 0 37843 0 65610 
0 10150 15062386 0 0 5 0 0 0 37850 0 65617 
0 10151 15062387 0 0 7 0 0 0 37855 0 65622 
0 10152 15062389 0 0 5 0 0 0 37672 0 65629 
0 10153 15062391 0 0 5 0 0 0 37591 0 65634 
0 10154 15062392 0 0 7 0 0 0 37596 0 65639 
0 10155 15062393 0 0 7 0 0 0 37603 0 65646 
0 10156 15062394 0 0 7 0 0 0 37610 0 65653 
0 10157 15062395 0 0 7 0 0 0 37617 0 65660 
0 10158 15062396 0 0 7 0 0 0 37624 0 65667 
0 10159 15062397 0 0 7 0 0 0 37631 0 65674 
0 10160 15062398 0 0 7 0 0 0 37638 0 65681 
0 10161 15062399 0 0 7 0 0 0 37645 0 65688 
0 10162 15062456 0 0 6 0 0 0 37652 0 65695 
0 10163 15062457 0 0 6 0 0 0 37658 0 65701 
0 10164 15062458 0 0 8 0 0 0 37664 0 65707 
0 10165 15062459 0 0 8 0 0 0 37583 0 65715 
0 10166 15062462 0 0 6 0 0 0 37677 0 65723 
0 10167 15062463 0 0 6 0 0 0 37683 0 65729 
0 10168 15062520 0 0 5 0 0 0 37689 0 65735 
0 10169 15062521 0 0 8 0 0 0 37694 0 65740 
0 10170 15062523 0 0 5 0 0 0 37702 0 65748 
0 10171 15062524 0 0 5 0 0 0 37707 0 65753 
0 10172 15062525 0 0 8 0 0 0 37712 0 65758 
0 10173 15062527 0 0 5 0 0 0 37720 0 65766 
0 10174 15062603 0 0 2 0 0 0 37725 0 65771 
0 10175 15062604 0 0 5 0 0 0 37727 0 65773 
0 10176 15062605 0 0 8 0 0 0 37732 0 65778 
0 10177 15062607 0 0 5 0 0 0 37802 0 65786 
0 10178 15062612 0 0 5 0 0 0 38002 0 65791 
0 10179 15062613 0 0 5 0 0 0 38007 0 65796 
0 10180 15062614 0 0 8 0 0 0 38012 0 65801 
0 10181 15062615 0 0 8 0 0 0 38020 0 65809 
0 10182 15062622 0 0 5 0 0 0 38028 0 65817 
0 10183 15062623 0 0 5 0 0 0 38033 0 65822 
0 10184 15062625 0 0 5 0 0 0 38038 0 65827 
0 10185 15062627 0 0 8 0 0 0 38043 0 65832 
0 10186 15062628 0 0 4 0 0 0 38051 0 65840 
0 10187 15062629 0 0 8 0 0 0 38055 0 65844 
0 10188 15062630 0 0 4 0 0 0 38063 0 65852 
0 10189 15062631 0 0 8 0 0 0 37994 0 65856 
0 10190 15062635 0 0 5 0 0 0 38072 0 65864 
0 10191 15062636 0 0 8 0 0 0 38077 0 65869 
0 10192 15062637 0 0 8 0 0 0 38085 0 65877 
0 10193 15062638 0 0 8 0 0 0 38093 0 65885 
0 10194 15062639 0 0 8 0 0 0 38101 0 65893 
0 10195 15062644 0 0 5 0 0 0 38109 0 65901 
0 10196 15062645 0 0 5 0 0 0 38114 0 65906 
0 10197 15062646 0 0 8 0 0 0 38119 0 65911 
0 10198 15062647 0 0 8 0 0 0 38127 0 65919 
0 10199 15062654 0 0 5 0 0 0 38135 0 65927 
0 10200 15062655 0 0 5 0 0 0 38140 0 65932 
0 10201 15062674 0 0 4 0 0 0 37926 0 65937 
0 10202 15062675 0 0 4 0 0 0 37870 0 65941 
0 10203 15062678 0 0 8 0 0 0 37874 0 65945 
0 10204 15062679 0 0 8 0 0 0 37882 0 65953 
0 10205 15062686 0 0 4 0 0 0 37890 0 65961 
0 10206 15062687 0 0 4 0 0 0 37894 0 65965 
0 10207 15062688 0 0 1 0 0 0 37898 0 65969 
0 10208 15062689 0 0 4 0 0 0 37899 0 65970 
0 10209 15062691 0 0 5 0 0 0 37903 0 65974 
0 10210 15062692 0 0 5 0 0 0 37908 0 65979 
0 10211 15062693 0 0 8 0 0 0 37913 0 65984 
0 10212 15062695 0 0 5 0 0 0 37921 0 65992 
0 10213 15062698 0 0 8 0 0 0 37862 0 65997 
0 10214 15062699 0 0 8 0 0 0 37930 0 66005 
0 10215 15062700 0 0 4 0 0 0 37938 0 66013 
0 10216 15062701 0 0 4 0 0 0 37942 0 66017 
0 10217 15062702 0 0 8 0 0 0 37946 0 66021 
0 10218 15062703 0 0 8 0 0 0 37954 0 66029 
0 10219 15062706 0 0 4 0 0 0 37962 0 66037 
0 10220 15062707 0 0 4 0 0 0 37966 0 66041 
0 10221 15062710 0 0 8 0 0 0 37970 0 66045 
0 10222 15062711 0 0 8 0 0 0 37978 0 66053 
0 10223 15062718 0 0 4 0 0 0 37986 0 66061 
0 10224 15062719 0 0 4 0 0 0 37990 0 66065 
0 10225 15062738 0 0 8 0 0 0 38614 0 66069 
0 10226 15062739 0 0 8 0 0 0 39514 0 66077 
0 10227 15062740 0 0 8 0 0 0 39522 0 66085 
0 10228 15062741 0 0 8 0 0 0 39530 0 66093 
0 10229 15062742 0 0 8 0 0 0 39538 0 66101 
0 10230 15062743 0 0 8 0 0 0 39546 0 66109 
0 10231 15062746 0 0 8 0 0 0 39554 0 66117 
0 10232 15062747 0 0 8 0 0 0 39562 0 66125 
0 10233 15062748 0 0 8 0 0 0 39570 0 66133 
0 10234 15062749 0 0 8 0 0 0 39578 0 66141 
0 10235 15062750 0 0 8 0 0 0 39586 0 66149 
0 10236 15062751 0 0 8 0 0 0 39594 0 66157 
0 10237 15062760 0 0 5 0 0 0 39509 0 66165 
0 10238 15062761 0 0 8 0 0 0 39610 0 66170 
0 10239 15062763 0 0 5 0 0 0 39618 0 66178 
0 10240 15062764 0 0 5 0 0 0 39623 0 66183 
0 10241 15062765 0 0 8 0 0 0 39628 0 66188 
0 10242 15062767 0 0 5 0 0 0 39636 0 66196 
0 10243 15062768 0 0 8 0 0 0 39641 0 66201 
0 10244 15062769 0 0 8 0 0 0 39649 0 66209 
0 10245 15062770 0 0 8 0 0 0 39657 0 66217 
0 10246 15062771 0 0 8 0 0 0 39665 0 66225 
0 10247 15062772 0 0 8 0 0 0 39673 0 66233 
0 10248 15062773 0 0 8 0 0 0 39681 0 66241 
0 10249 15062774 0 0 8 0 0 0 39419 0 66249 
0 10250 15062775 0 0 8 0 0 0 39336 0 66257 
0 10251 15062776 0 0 8 0 0 0 39344 0 66265 
0 10252 15062777 0 0 8 0 0 0 39352 0 66273 
0 10253 15062778 0 0 8 0 0 0 39360 0 66281 
0 10254 15062779 0 0 8 0 0 0 39368 0 66289 
0 10255 15062780 0 0 8 0 0 0 39376 0 66297 
0 10256 15062781 0 0 8 0 0 0 39384 0 66305 
0 10257 15062782 0 0 8 0 0 0 39392 0 66313 
0 10258 15062783 0 0 8 0 0 0 39400 0 66321 
0 10259 15062800 0 0 3 0 0 0 39408 0 66329 
0 10260 15062801 0 0 8 0 0 0 39411 0 66332 
0 10261 15062803 0 0 5 0 0 0 39331 0 66340 
0 10262 15062804 0 0 5 0 0 0 39427 0 66345 
0 10263 15062805 0 0 8 0 0 0 39432 0 66350 
0 10264 15062807 0 0 5 0 0 0 39440 0 66358 
0 10265 15062808 0 0 8 0 0 0 39445 0 66363 
0 10266 15062809 0 0 8 0 0 0 39453 0 66371 
0 10267 15062810 0 0 8 0 0 0 39461 0 66379 
0 10268 15062811 0 0 8 0 0 0 39469 0 66387 
0 10269 15062812 0 0 8 0 0 0 39477 0 66395 
0 10270 15062813 0 0 8 0 0 0 39485 0 66403 
0 10271 15062814 0 0 8 0 0 0 39493 0 66411 
0 10272 15062815 0 0 8 0 0 0 39501 0 66419 
0 10273 15062832 0 0 8 0 0 0 39602 0 66427 
0 10274 15062833 0 0 8 0 0 0 39877 0 66435 
0 10275 15062834 0 0 8 0 0 0 39885 0 66443 
0 10276 15062835 0 0 8 0 0 0 39893 0 66451 
0 10277 15062836 0 0 8 0 0 0 39901 0 66459 
0 10278 15062837 0 0 8 0 0 0 39909 0 66467 
0 10279 15062838 0 0 8 0 0 0 39917 0 66475 
0 10280 15062839 0 0 8 0 0 0 39925 0 66483 
0 10281 15062840 0 0 8 0 0 0 39933 0 66491 
0 10282 15062841 0 0 8 0 0 0 39941 0 66499 
0 10283 15062842 0 0 8 0 0 0 39949 0 66507 
0 10284 15062843 0 0 8 0 0 0 39957 0 66515 
0 10285 15062844 0 0 8 0 0 0 39869 0 66523 
0 10286 15062845 0 0 8 0 0 0 39973 0 66531 
0 10287 15062846 0 0 8 0 0 0 39981 0 66539 
0 10288 15062847 0 0 8 0 0 0 39989 0 66547 
0 10289 15062872 0 0 5 0 0 0 39997 0 66555 
0 10290 15062873 0 0 8 0 0 0 40002 0 66560 
0 10291 15062875 0 0 5 0 0 0 40010 0 66568 
0 10292 15062876 0 0 5 0 0 0 40015 0 66573 
0 10293 15062877 0 0 8 0 0 0 40020 0 66578 
0 10294 15062879 0 0 5 0 0 0 40028 0 66586 
0 10295 15062896 0 0 8 0 0 0 40033 0 66591 
0 10296 15062897 0 0 8 0 0 0 40041 0 66599 
0 10297 15062898 0 0 8 0 0 0 39785 0 66607 
0 10298 15062899 0 0 8 0 0 0 39697 0 66615 
0 10299 15062900 0 0 8 0 0 0 39705 0 66623 
0 10300 15062901 0 0 8 0 0 0 39713 0 66631 
0 10301 15062902 0 0 8 0 0 0 39721 0 66639 
0 10302 15062903 0 0 8 0 0 0 39729 0 66647 
0 10303 15062904 0 0 8 0 0 0 39737 0 66655 
0 10304 15062905 0 0 8 0 0 0 39745 0 66663 
0 10305 15062906 0 0 8 0 0 0 39753 0 66671 
0 10306 15062907 0 0 8 0 0 0 39761 0 66679 
0 10307 15062908 0 0 8 0 0 0 39769 0 66687 
0 10308 15062909 0 0 8 0 0 0 39777 0 66695 
0 10309 15062910 0 0 8 0 0 0 39689 0 66703 
0 10310 15062911 0 0 8 0 0 0 39793 0 66711 
0 10311 15062960 0 0 5 0 0 0 39801 0 66719 
0 10312 15062961 0 0 8 0 0 0 39806 0 66724 
0 10313 15062963 0 0 5 0 0 0 39814 0 66732 
0 10314 15062964 0 0 5 0 0 0 39819 0 66737 
0 10315 15062965 0 0 8 0 0 0 39824 0 66742 
0 10316 15062967 0 0 5 0 0 0 39832 0 66750 
0 10317 15062968 0 0 8 0 0 0 39837 0 66755 
0 10318 15062969 0 0 8 0 0 0 39845 0 66763 
0 10319 15062970 0 0 8 0 0 0 39853 0 66771 
0 10320 15062971 0 0 8 0 0 0 39861 0 66779 
0 10321 15062972 0 0 8 0 0 0 39240 0 66787 
0 10322 15062973 0 0 8 0 0 0 38830 0 66795 
0 10323 15062974 0 0 8 0 0 0 38838 0 66803 
0 10324 15062975 0 0 8 0 0 0 38846 0 66811 
0 10325 15063032 0 0 5 0 0 0 38854 0 66819 
0 10326 15063033 0 0 8 0 0 0 38859 0 66824 
0 10327 15063035 0 0 5 0 0 0 38867 0 66832 
0 10328 15063036 0 0 5 0 0 0 38872 0 66837 
0 10329 15063037 0 0 8 0 0 0 38877 0 66842 
0 10330 15063039 0 0 5 0 0 0 38885 0 66850 
0 10331 15064536 0 0 5 0 0 0 38890 0 66855 
0 10332 15064537 0 0 5 0 0 0 38895 0 66860 
0 10333 15064538 0 0 6 0 0 0 38824 0 66865 
0 10334 15064539 0 0 6 0 0 0 38904 0 66871 
0 10335 15064542 0 0 5 0 0 0 38910 0 66877 
0 10336 15064543 0 0 5 0 0 0 38915 0 66882 
0 10337 15064552 0 0 5 0 0 0 38920 0 66887 
0 10338 15064553 0 0 7 0 0 0 38925 0 66892 
0 10339 15064555 0 0 5 0 0 0 38932 0 66899 
0 10340 15064556 0 0 5 0 0 0 38937 0 66904 
0 10341 15064557 0 0 7 0 0 0 38942 0 66909 
0 10342 15064559 0 0 5 0 0 0 38949 0 66916 
0 10343 15064568 0 0 6 0 0 0 38954 0 66921 
0 10344 15064569 0 0 6 0 0 0 38960 0 66927 
0 10345 15064570 0 0 7 0 0 0 38749 0 66933 
0 10346 15064571 0 0 7 0 0 0 38688 0 66940 
0 10347 15064574 0 0 6 0 0 0 38695 0 66947 
0 10348 15064575 0 0 6 0 0 0 38701 0 66953 
0 10349 15064778 0 0 5 0 0 0 38707 0 66959 
0 10350 15064779 0 0 5 0 0 0 38712 0 66964 
0 10351 15064780 0 0 4 0 0 0 38717 0 66969 
0 10352 15064781 0 0 4 0 0 0 38721 0 66973 
0 10353 15064782 0 0 8 0 0 0 38725 0 66977 
0 10354 15064783 0 0 8 0 0 0 38733 0 66985 
0 10355 15064798 0 0 4 0 0 0 38741 0 66993 
0 10356 15064799 0 0 4 0 0 0 38745 0 66997 
0 10357 15064800 0 0 4 0 0 0 38684 0 67001 
0 10358 15064801 0 0 4 0 0 0 38756 0 67005 
0 10359 15064802 0 0 8 0 0 0 38760 0 67009 
0 10360 15064803 0 0 8 0 0 0 38768 0 67017 
0 10361 15064806 0 0 7 0 0 0 38776 0 67025 
0 10362 15064807 0 0 7 0 0 0 38783 0 67032 
0 10363 15064810 0 0 5 0 0 0 38790 0 67039 
0 10364 15064811 0 0 5 0 0 0 38795 0 67044 
0 10365 15064812 0 0 4 0 0 0 38800 0 67049 
0 10366 15064813 0 0 4 0 0 0 38804 0 67053 
0 10367 15064814 0 0 8 0 0 0 38808 0 67057 
0 10368 15064815 0 0 8 0 0 0 38816 0 67065 
0 10369 15064830 0 0 4 0 0 0 38900 0 67073 
0 10370 15064831 0 0 4 0 0 0 39162 0 67077 
0 10371 15064840 0 0 4 0 0 0 39166 0 67081 
0 10372 15064841 0 0 8 0 0 0 39170 0 67085 
0 10373 15064842 0 0 8 0 0 0 39178 0 67093 
0 10374 15064843 0 0 8 0 0 0 39186 0 67101 
0 10375 15064844 0 0 8 0 0 0 39194 0 67109 
0 10376 15064845 0 0 8 0 0 0 39202 0 67117 
0 10377 15064846 0 0 8 0 0 0 39210 0 67125 
0 10378 15064847 0 0 8 0 0 0 39218 0 67133 
0 10379 15064856 0 0 7 0 0 0 39226 0 67141 
0 10380 15064857 0 0 7 0 0 0 39233 0 67148 
0 10381 15064858 0 0 8 0 0 0 39154 0 67155 
0 10382 15064859 0 0 8 0 0 0 39248 0 67163 
0 10383 15064862 0 0 7 0 0 0 39256 0 67171 
0 10384 15064863 0 0 7 0 0 0 39263 0 67178 
0 10385 15064865 0 0 7 0 0 0 39270 0 67185 
0 10386 15064866 0 0 8 0 0 0 39277 0 67192 
0 10387 15064867 0 0 8 0 0 0 39285 0 67200 
0 10388 15064870 0 0 7 0 0 0 39293 0 67208 
0 10389 15064871 0 0 7 0 0 0 39300 0 67215 
0 10390 15064872 0 0 8 0 0 0 39307 0 67222 
0 10391 15064873 0 0 8 0 0 0 39315 0 67230 
0 10392 15064874 0 0 8 0 0 0 39323 0 67238 
0 10393 15064875 0 0 8 0 0 0 39058 0 67246 
0 10394 15064876 0 0 8 0 0 0 38974 0 67254 
0 10395 15064877 0 0 8 0 0 0 38982 0 67262 
0 10396 15064878 0 0 8 0 0 0 38990 0 67270 
0 10397 15064879 0 0 8 0 0 0 38998 0 67278 
0 10398 15064888 0 0 7 0 0 0 39006 0 67286 
0 10399 15064889 0 0 7 0 0 0 39013 0 67293 
0 10400 15064890 0 0 8 0 0 0 39020 0 67300 
0 10401 15064891 0 0 8 0 0 0 39028 0 67308 
0 10402 15064894 0 0 7 0 0 0 39036 0 67316 
0 10403 15064895 0 0 7 0 0 0 39043 0 67323 
0 10404 15064904 0 0 8 0 0 0 39050 0 67330 
0 10405 15064905 0 0 8 0 0 0 38966 0 67338 
0 10406 15064906 0 0 8 0 0 0 39066 0 67346 
0 10407 15064907 0 0 8 0 0 0 39074 0 67354 
0 10408 15064908 0 0 8 0 0 0 39082 0 67362 
0 10409 15064909 0 0 8 0 0 0 39090 0 67370 
0 10410 15064910 0 0 8 0 0 0 39098 0 67378 
0 10411 15064911 0 0 8 0 0 0 39106 0 67386 
0 10412 15064912 0 0 8 0 0 0 39114 0 67394 
0 10413 15064913 0 0 8 0 0 0 39122 0 67402 
0 10414 15064914 0 0 8 0 0 0 39130 0 67410 
0 10415 15064915 0 0 8 0 0 0 39138 0 67418 
0 10416 15064916 0 0 8 0 0 0 39146 0 67426 
0 10417 15064917 0 0 8 0 0 0 37515 0 67434 
0 10418 15064918 0 0 8 0 0 0 35919 0 67442 
0 10419 15064919 0 0 8 0 0 0 35927 0 67450 
0 10420 15064920 0 0 8 0 0 0 35935 0 67458 
0 10421 15064921 0 0 8 0 0 0 35943 0 67466 
0 10422 15064922 0 0 8 0 0 0 35951 0 67474 
0 10423 15064923 0 0 8 0 0 0 35959 0 67482 
0 10424 15064924 0 0 8 0 0 0 35967 0 67490 
0 10425 15064925 0 0 8 0 0 0 35975 0 67498 
0 10426 15064926 0 0 8 0 0 0 35983 0 67506 
0 10427 15064927 0 0 8 0 0 0 35991 0 67514 
0 10428 15064928 0 0 8 0 0 0 35999 0 67522 
0 10429 15064929 0 0 8 0 0 0 35911 0 67530 
0 10430 15064930 0 0 8 0 0 0 36015 0 67538 
0 10431 15064931 0 0 8 0 0 0 36023 0 67546 
0 10432 15064932 0 0 8 0 0 0 36031 0 67554 
0 10433 15064933 0 0 8 0 0 0 36039 0 67562 
0 10434 15064934 0 0 8 0 0 0 36047 0 67570 
0 10435 15064935 0 0 8 0 0 0 36055 0 67578 
0 10436 15064936 0 0 8 0 0 0 36063 0 67586 
0 10437 15064937 0 0 8 0 0 0 36071 0 67594 
0 10438 15064938 0 0 8 0 0 0 36079 0 67602 
0 10439 15064939 0 0 8 0 0 0 36087 0 67610 
0 10440 15064940 0 0 8 0 0 0 36095 0 67618 
0 10441 15064941 0 0 8 0 0 0 35815 0 67626 
0 10442 15064942 0 0 8 0 0 0 35727 0 67634 
0 10443 15064943 0 0 8 0 0 0 35735 0 67642 
0 10444 15064944 0 0 8 0 0 0 35743 0 67650 
0 10445 15064945 0 0 8 0 0 0 35751 0 67658 
0 10446 15064946 0 0 8 0 0 0 35759 0 67666 
0 10447 15064947 0 0 8 0 0 0 35767 0 67674 
0 10448 15064948 0 0 8 0 0 0 35775 0 67682 
0 10449 15064949 0 0 8 0 0 0 35783 0 67690 
0 10450 15064950 0 0 8 0 0 0 35791 0 67698 
0 10451 15064951 0 0 8 0 0 0 35799 0 67706 
0 10452 15064952 0 0 8 0 0 0 35807 0 67714 
0 10453 15064953 0 0 8 0 0 0 35719 0 67722 
0 10454 15064954 0 0 8 0 0 0 35823 0 67730 
0 10455 15064955 0 0 8 0 0 0 35831 0 67738 
0 10456 15064956 0 0 8 0 0 0 35839 0 67746 
0 10457 15064957 0 0 8 0 0 0 35847 0 67754 
0 10458 15064958 0 0 8 0 0 0 35855 0 67762 
0 10459 15064959 0 0 8 0 0 0 35863 0 67770 
0 10460 15065032 0 0 8 0 0 0 35871 0 67778 
0 10461 15065033 0 0 8 0 0 0 35879 0 67786 
0 10462 15065034 0 0 8 0 0 0 35887 0 67794 
0 10463 15065035 0 0 8 0 0 0 35895 0 67802 
0 10464 15065036 0 0 8 0 0 0 35903 0 67810 
0 10465 15065037 0 0 8 0 0 0 36007 0 67818 
0 10466 15065038 0 0 8 0 0 0 36244 0 67826 
0 10467 15065039 0 0 8 0 0 0 36252 0 67834 
0 10468 15065048 0 0 7 0 0 0 36260 0 67842 
0 10469 15065049 0 0 7 0 0 0 36267 0 67849 
0 10470 15065050 0 0 8 0 0 0 36274 0 67856 
0 10471 15065051 0 0 8 0 0 0 36282 0 67864 
0 10472 15065054 0 0 7 0 0 0 36290 0 67872 
0 10473 15065055 0 0 7 0 0 0 36297 0 67879 
0 10474 15065056 0 0 7 0 0 0 36304 0 67886 
0 10475 15065057 0 0 7 0 0 0 36311 0 67893 
0 10476 15065058 0 0 8 0 0 0 36318 0 67900 
0 10477 15065059 0 0 8 0 0 0 36236 0 67908 
0 10478 15065062 0 0 7 0 0 0 36332 0 67916 
0 10479 15065063 0 0 7 0 0 0 36339 0 67923 
0 10480 15065064 0 0 8 0 0 0 36346 0 67930 
0 10481 15065065 0 0 8 0 0 0 36354 0 67938 
0 10482 15065066 0 0 8 0 0 0 36362 0 67946 
0 10483 15065067 0 0 8 0 0 0 36370 0 67954 
0 10484 15065068 0 0 8 0 0 0 36378 0 67962 
0 10485 15065069 0 0 8 0 0 0 36386 0 67970 
0 10486 15065070 0 0 8 0 0 0 36394 0 67978 
0 10487 15065071 0 0 8 0 0 0 36402 0 67986 
0 10488 15065080 0 0 7 0 0 0 36410 0 67994 
0 10489 15065081 0 0 7 0 0 0 36174 0 68001 
0 10490 15065082 0 0 8 0 0 0 36110 0 68008 
0 10491 15065083 0 0 8 0 0 0 36118 0 68016 
0 10492 15065086 0 0 7 0 0 0 36126 0 68024 
0 10493 15065087 0 0 7 0 0 0 36133 0 68031 
0 10494 15069953 0 0 2 0 0 0 36140 0 68038 
0 10495 15069955 0 0 7 0 0 0 36142 0 68040 
0 10496 15069959 0 0 6 0 0 0 36149 0 68047 
0 10497 15069963 0 0 5 0 0 0 36155 0 68053 
0 10498 15069964 0 0 3 0 0 0 36160 0 68058 
0 10499 15069965 0 0 4 0 0 0 36163 0 68061 
0 10500 15069966 0 0 7 0 0 0 36167 0 68065 
0 10501 15069967 0 0 7 0 0 0 36103 0 68072 
0 10502 15069982 0 0 4 0 0 0 36181 0 68079 
0 10503 15069983 0 0 4 0 0 0 36185 0 68083 
0 10504 15069985 0 0 4 0 0 0 36189 0 68087 
0 10505 15069987 0 0 7 0 0 0 36193 0 68091 
0 10506 15069991 0 0 6 0 0 0 36200 0 68098 
0 10507 15069995 0 0 5 0 0 0 36206 0 68104 
0 10508 15069996 0 0 3 0 0 0 36211 0 68109 
0 10509 15069997 0 0 4 0 0 0 36214 0 68112 
0 10510 15069998 0 0 7 0 0 0 36218 0 68116 
0 10511 15069999 0 0 7 0 0 0 36225 0 68123 
0 10512 15070014 0 0 4 0 0 0 36232 0 68130 
0 10513 15070015 0 0 4 0 0 0 35644 0 68134 
0 10514 15070017 0 0 3 0 0 0 35262 0 68138 
0 10515 15070019 0 0 8 0 0 0 35265 0 68141 
0 10516 15070021 0 0 8 0 0 0 35273 0 68149 
0 10517 15070022 0 0 8 0 0 0 35281 0 68157 
0 10518 15070023 0 0 8 0 0 0 35289 0 68165 
0 10519 15070027 0 0 6 0 0 0 35297 0 68173 
0 10520 15070028 0 0 8 0 0 0 35303 0 68179 
0 10521 15070029 0 0 8 0 0 0 35311 0 68187 
0 10522 15070030 0 0 8 0 0 0 35319 0 68195 
0 10523 15070031 0 0 8 0 0 0 35327 0 68203 
0 10524 15070036 0 0 6 0 0 0 35335 0 68211 
0 10525 15070037 0 0 6 0 0 0 35256 0 68217 
0 10526 15070038 0 0 8 0 0 0 35348 0 68223 
0 10527 15070039 0 0 8 0 0 0 35356 0 68231 
0 10528 15070046 0 0 6 0 0 0 35364 0 68239 
0 10529 15070047 0 0 6 0 0 0 35370 0 68245 
0 10530 15070049 0 0 6 0 0 0 35376 0 68251 
0 10531 15070051 0 0 8 0 0 0 35382 0 68257 
0 10532 15070052 0 0 5 0 0 0 35390 0 68265 
0 10533 15070053 0 0 8 0 0 0 35395 0 68270 
0 10534 15070054 0 0 8 0 0 0 35403 0 68278 
0 10535 15070055 0 0 8 0 0 0 35411 0 68286 
0 10536 15070059 0 0 6 0 0 0 35419 0 68294 
0 10537 15070060 0 0 8 0 0 0 35179 0 68300 
0 10538 15070061 0 0 8 0 0 0 35095 0 68308 
0 10539 15070062 0 0 8 0 0 0 35103 0 68316 
0 10540 15070063 0 0 8 0 0 0 35111 0 68324 
0 10541 15070068 0 0 6 0 0 0 35119 0 68332 
0 10542 15070069 0 0 6 0 0 0 35125 0 68338 
0 10543 15070070 0 0 8 0 0 0 35131 0 68344 
0 10544 15070071 0 0 8 0 0 0 35139 0 68352 
0 10545 15070078 0 0 6 0 0 0 35147 0 68360 
0 10546 15070079 0 0 6 0 0 0 35153 0 68366 
0 10547 15070145 0 0 5 0 0 0 35159 0 68372 
0 10548 15070147 0 0 8 0 0 0 35164 0 68377 
0 10549 15070150 0 0 7 0 0 0 35172 0 68385 
0 10550 15070151 0 0 7 0 0 0 35088 0 68392 
0 10551 15070154 0 0 6 0 0 0 35187 0 68399 
0 10552 15070155 0 0 6 0 0 0 35193 0 68405 
0 10553 15070156 0 0 5 0 0 0 35199 0 68411 
0 10554 15070157 0 0 5 0 0 0 35204 0 68416 
0 10555 15070158 0 0 8 0 0 0 35209 0 68421 
0 10556 15070159 0 0 8 0 0 0 35217 0 68429 
0 10557 15070174 0 0 5 0 0 0 35225 0 68437 
0 10558 15070175 0 0 5 0 0 0 35230 0 68442 
0 10559 15070177 0 0 5 0 0 0 35235 0 68447 
0 10560 15070178 0 0 8 0 0 0 35240 0 68452 
0 10561 15070179 0 0 8 0 0 0 35248 0 68460 
0 10562 15070182 0 0 7 0 0 0 35341 0 68468 
0 10563 15070183 0 0 7 0 0 0 35575 0 68475 
0 10564 15070186 0 0 6 0 0 0 35582 0 68482 
0 10565 15070187 0 0 6 0 0 0 35588 0 68488 
0 10566 15070188 0 0 5 0 0 0 35594 0 68494 
0 10567 15070189 0 0 5 0 0 0 35599 0 68499 
0 10568 15070190 0 0 8 0 0 0 35604 0 68504 
0 10569 15070191 0 0 8 0 0 0 35612 0 68512 
0 10570 15070206 0 0 5 0 0 0 35620 0 68520 
0 10571 15070207 0 0 5 0 0 0 35625 0 68525 
0 10572 15071043 0 0 7 0 0 0 35630 0 68530 
0 10573 15071044 0 0 7 0 0 0 35637 0 68537 
0 10574 15071045 0 0 7 0 0 0 35568 0 68544 
0 10575 15071046 0 0 7 0 0 0 35648 0 68551 
0 10576 15071047 0 0 7 0 0 0 35655 0 68558 
0 10577 15071051 0 0 5 0 0 0 35662 0 68565 
0 10578 15071052 0 0 7 0 0 0 35667 0 68570 
0 10579 15071053 0 0 7 0 0 0 35674 0 68577 
0 10580 15071054 0 0 7 0 0 0 35681 0 68584 
0 10581 15071055 0 0 7 0 0 0 35688 0 68591 
0 10582 15071060 0 0 5 0 0 0 35695 0 68598 
0 10583 15071061 0 0 5 0 0 0 35700 0 68603 
0 10584 15071062 0 0 7 0 0 0 35705 0 68608 
0 10585 15071063 0 0 7 0 0 0 35712 0 68615 
0 10586 15071070 0 0 5 0 0 0 35503 0 68622 
0 10587 15071071 0 0 5 0 0 0 35432 0 68627 
0 10588 15071073 0 0 5 0 0 0 35437 0 68632 
0 10589 15071075 0 0 7 0 0 0 35442 0 68637 
0 10590 15071076 0 0 7 0 0 0 35449 0 68644 
0 10591 15071077 0 0 7 0 0 0 35456 0 68651 
0 10592 15071078 0 0 7 0 0 0 35463 0 68658 
0 10593 15071079 0 0 7 0 0 0 35470 0 68665 
0 10594 15071083 0 0 5 0 0 0 35477 0 68672 
0 10595 15071084 0 0 7 0 0 0 35482 0 68677 
0 10596 15071085 0 0 7 0 0 0 35489 0 68684 
0 10597 15071086 0 0 7 0 0 0 35496 0 68691 
0 10598 15071087 0 0 7 0 0 0 35425 0 68698 
0 10599 15071092 0 0 5 0 0 0 35508 0 68705 
0 10600 15071093 0 0 5 0 0 0 35513 0 68710 
0 10601 15071094 0 0 7 0 0 0 35518 0 68715 
0 10602 15071095 0 0 7 0 0 0 35525 0 68722 
0 10603 15071102 0 0 5 0 0 0 35532 0 68729 
0 10604 15071103 0 0 5 0 0 0 35537 0 68734 
0 10605 15071105 0 0 2 0 0 0 35542 0 68739 
0 10606 15071106 0 0 4 0 0 0 35544 0 68741 
0 10607 15071107 0 0 8 0 0 0 35548 0 68745 
0 10608 15071110 0 0 6 0 0 0 35556 0 68753 
0 10609 15071111 0 0 6 0 0 0 35562 0 68759 
0 10610 15071114 0 0 6 0 0 0 36326 0 68765 
0 10611 15071115 0 0 6 0 0 0 37187 0 68771 
0 10612 15071116 0 0 4 0 0 0 37193 0 68777 
0 10613 15071117 0 0 4 0 0 0 37197 0 68781 
0 10614 15071118 0 0 8 0 0 0 37201 0 68785 
0 10615 15071119 0 0 8 0 0 0 37209 0 68793 
0 10616 15071134 0 0 4 0 0 0 37217 0 68801 
0 10617 15071135 0 0 4 0 0 0 37221 0 68805 
0 10618 15071136 0 0 2 0 0 0 37225 0 68809 
0 10619 15071137 0 0 4 0 0 0 37227 0 68811 
0 10620 15071138 0 0 8 0 0 0 37231 0 68815 
0 10621 15071139 0 0 8 0 0 0 37239 0 68823 
0 10622 15071142 0 0 6 0 0 0 37181 0 68831 
0 10623 15071143 0 0 6 0 0 0 37255 0 68837 
0 10624 15071146 0 0 6 0 0 0 37261 0 68843 
0 10625 15071147 0 0 6 0 0 0 37267 0 68849 
0 10626 15071148 0 0 4 0 0 0 37273 0 68855 
0 10627 15071149 0 0 4 0 0 0 37277 0 68859 
0 10628 15071150 0 0 8 0 0 0 37281 0 68863 
0 10629 15071151 0 0 8 0 0 0 37289 0 68871 
0 10630 15071166 0 0 4 0 0 0 37297 0 68879 
0 10631 15071167 0 0 4 0 0 0 37301 0 68883 
0 10632 15071169 0 0 3 0 0 0 37305 0 68887 
0 10633 15071170 0 0 4 0 0 0 37308 0 68890 
0 10634 15071171 0 0 8 0 0 0 37093 0 68894 
0 10635 15071172 0 0 8 0 0 0 37011 0 68902 
0 10636 15071173 0 0 8 0 0 0 37019 0 68910 
0 10637 15071174 0 0 8 0 0 0 37027 0 68918 
0 10638 15071175 0 0 8 0 0 0 37035 0 68926 
0 10639 15071178 0 0 6 0 0 0 37043 0 68934 
0 10640 15071179 0 0 6 0 0 0 37049 0 68940 
0 10641 15071180 0 0 8 0 0 0 37055 0 68946 
0 10642 15071181 0 0 8 0 0 0 37063 0 68954 
0 10643 15071182 0 0 8 0 0 0 37071 0 68962 
0 10644 15071183 0 0 8 0 0 0 37079 0 68970 
0 10645 15071188 0 0 6 0 0 0 37087 0 68978 
0 10646 15071189 0 0 6 0 0 0 37005 0 68984 
0 10647 15071190 0 0 8 0 0 0 37101 0 68990 
0 10648 15071191 0 0 8 0 0 0 37109 0 68998 
0 10649 15071198 0 0 6 0 0 0 37117 0 69006 
0 10650 15071199 0 0 6 0 0 0 37123 0 69012 
0 10651 15071200 0 0 6 0 0 0 37129 0 69018 
0 10652 15071201 0 0 6 0 0 0 37135 0 69024 
0 10653 15071202 0 0 8 0 0 0 37141 0 69030 
0 10654 15071203 0 0 8 0 0 0 37149 0 69038 
0 10655 15071204 0 0 8 0 0 0 37157 0 69046 
0 10656 15071205 0 0 8 0 0 0 37165 0 69054 
0 10657 15071206 0 0 8 0 0 0 37173 0 69062 
0 10658 15071207 0 0 8 0 0 0 37247 0 69070 
0 10659 15071210 0 0 6 0 0 0 37437 0 69078 
0 10660 15071211 0 0 6 0 0 0 37443 0 69084 
0 10661 15071212 0 0 8 0 0 0 37449 0 69090 
0 10662 15071213 0 0 8 0 0 0 37457 0 69098 
0 10663 15071214 0 0 8 0 0 0 37465 0 69106 
0 10664 15071215 0 0 8 0 0 0 37473 0 69114 
0 10665 15071220 0 0 6 0 0 0 37481 0 69122 
0 10666 15071221 0 0 6 0 0 0 37487 0 69128 
0 10667 15071222 0 0 8 0 0 0 37493 0 69134 
0 10668 15071223 0 0 8 0 0 0 37501 0 69142 
0 10669 15071230 0 0 6 0 0 0 37509 0 69150 
0 10670 15071231 0 0 6 0 0 0 37431 0 69156 
0 10671 15073217 0 0 2 0 0 0 37523 0 69162 
0 10672 15073218 0 0 7 0 0 0 37525 0 69164 
0 10673 15073219 0 0 7 0 0 0 37532 0 69171 
0 10674 15073222 0 0 6 0 0 0 37539 0 69178 
0 10675 15073223 0 0 6 0 0 0 37545 0 69184 
0 10676 15073226 0 0 5 0 0 0 37551 0 69190 
0 10677 15073227 0 0 5 0 0 0 37556 0 69195 
0 10678 15073228 0 0 4 0 0 0 37561 0 69200 
0 10679 15073229 0 0 4 0 0 0 37565 0 69204 
0 10680 15073230 0 0 7 0 0 0 37569 0 69208 
0 10681 15073231 0 0 7 0 0 0 37576 0 69215 
0 10682 15073246 0 0 4 0 0 0 37375 0 69222 
0 10683 15073247 0 0 4 0 0 0 37319 0 69226 
0 10684 15073248 0 0 4 0 0 0 37323 0 69230 
0 10685 15073249 0 0 4 0 0 0 37327 0 69234 
0 10686 15073250 0 0 7 0 0 0 37331 0 69238 
0 10687 15073251 0 0 7 0 0 0 37338 0 69245 
0 10688 15073254 0 0 6 0 0 0 37345 0 69252 
0 10689 15073255 0 0 6 0 0 0 37351 0 69258 
0 10690 15073258 0 0 5 0 0 0 37357 0 69264 
0 10691 15073259 0 0 5 0 0 0 37362 0 69269 
0 10692 15073260 0 0 4 0 0 0 37367 0 69274 
0 10693 15073261 0 0 4 0 0 0 37371 0 69278 
0 10694 15073262 0 0 7 0 0 0 37312 0 69282 
0 10695 15073263 0 0 7 0 0 0 37379 0 69289 
0 10696 15073278 0 0 4 0 0 0 37386 0 69296 
0 10697 15073279 0 0 4 0 0 0 37390 0 69300 
0 10698 15187904 0 0 2 0 0 0 37394 0 69304 
0 10699 15187905 0 0 5 0 0 0 37396 0 69306 
0 10700 15187907 0 0 5 0 0 0 37401 0 69311 
0 10701 15187911 0 0 4 0 0 0 37406 0 69316 
0 10702 15187912 0 0 5 0 0 0 37410 0 69320 
0 10703 15187913 0 0 6 0 0 0 37415 0 69325 
0 10704 15187915 0 0 5 0 0 0 37421 0 69331 
0 10705 15187916 0 0 5 0 0 0 37426 0 69336 
0 10706 15187917 0 0 6 0 0 0 36937 0 69341 
0 10707 15187919 0 0 5 0 0 0 36600 0 69347 
0 10708 15187928 0 0 5 0 0 0 36605 0 69352 
0 10709 15187929 0 0 5 0 0 0 36610 0 69357 
0 10710 15187930 0 0 6 0 0 0 36615 0 69362 
0 10711 15187931 0 0 6 0 0 0 36621 0 69368 
0 10712 15187934 0 0 5 0 0 0 36627 0 69374 
0 10713 15187935 0 0 5 0 0 0 36632 0 69379 
0 10714 15187960 0 0 4 0 0 0 36637 0 69384 
0 10715 15187961 0 0 5 0 0 0 36641 0 69388 
0 10716 15187963 0 0 5 0 0 0 36646 0 69393 
0 10717 15187967 0 0 4 0 0 0 36651 0 69398 
0 10718 15195640 0 0 3 0 0 0 36597 0 69402 
0 10719 15195641 0 0 4 0 0 0 36661 0 69405 
0 10720 15195643 0 0 4 0 0 0 36665 0 69409 
0 10721 15195647 0 0 3 0 0 0 36669 0 69413 
0 10722 15195721 0 0 6 0 0 0 36672 0 69416 
0 10723 15195723 0 0 5 0 0 0 36678 0 69422 
0 10724 15195724 0 0 5 0 0 0 36683 0 69427 
0 10725 15195725 0 0 6 0 0 0 36688 0 69432 
0 10726 15195727 0 0 5 0 0 0 36694 0 69438 
0 10727 15195728 0 0 3 0 0 0 36699 0 69443 
0 10728 15195729 0 0 5 0 0 0 36702 0 69446 
0 10729 15195730 0 0 8 0 0 0 36707 0 69451 
0 10730 15195731 0 0 8 0 0 0 36513 0 69459 
0 10731 15195734 0 0 5 0 0 0 36424 0 69467 
0 10732 15195735 0 0 5 0 0 0 36429 0 69472 
0 10733 15195736 0 0 8 0 0 0 36434 0 69477 
0 10734 15195737 0 0 8 0 0 0 36442 0 69485 
0 10735 15195738 0 0 8 0 0 0 36450 0 69493 
0 10736 15195739 0 0 8 0 0 0 36458 0 69501 
0 10737 15195740 0 0 8 0 0 0 36466 0 69509 
0 10738 15195741 0 0 8 0 0 0 36474 0 69517 
0 10739 15195742 0 0 8 0 0 0 36482 0 69525 
0 10740 15195743 0 0 8 0 0 0 36490 0 69533 
0 10741 15195760 0 0 7 0 0 0 36498 0 69541 
0 10742 15195761 0 0 8 0 0 0 36505 0 69548 
0 10743 15195763 0 0 7 0 0 0 36417 0 69556 
0 10744 15195764 0 0 7 0 0 0 36521 0 69563 
0 10745 15195765 0 0 8 0 0 0 36528 0 69570 
0 10746 15195767 0 0 7 0 0 0 36536 0 69578 
0 10747 15195768 0 0 7 0 0 0 36543 0 69585 
0 10748 15195769 0 0 8 0 0 0 36550 0 69592 
0 10749 15195771 0 0 7 0 0 0 36558 0 69600 
0 10750 15195772 0 0 7 0 0 0 36565 0 69607 
0 10751 15195773 0 0 8 0 0 0 36572 0 69614 
0 10752 15195775 0 0 7 0 0 0 36580 0 69622 
0 10753 15195864 0 0 5 0 0 0 36587 0 69629 
0 10754 15195865 0 0 5 0 0 0 36592 0 69634 
0 10755 15195866 0 0 6 0 0 0 36655 0 69639 
0 10756 15195867 0 0 6 0 0 0 36871 0 69645 
0 10757 15195870 0 0 5 0 0 0 36877 0 69651 
0 10758 15195871 0 0 5 0 0 0 36882 0 69656 
0 10759 15195880 0 0 5 0 0 0 36887 0 69661 
0 10760 15195881 0 0 8 0 0 0 36892 0 69666 
0 10761 15195883 0 0 5 0 0 0 36900 0 69674 
0 10762 15195884 0 0 5 0 0 0 36905 0 69679 
0 10763 15195885 0 0 8 0 0 0 36910 0 69684 
0 10764 15195887 0 0 5 0 0 0 36918 0 69692 
0 10765 15195896 0 0 7 0 0 0 36923 0 69697 
0 10766 15195897 0 0 7 0 0 0 36930 0 69704 
0 10767 15195898 0 0 8 0 0 0 36863 0 69711 
0 10768 15195899 0 0 8 0 0 0 36943 0 69719 
0 10769 15195902 0 0 7 0 0 0 36951 0 69727 
0 10770 15195903 0 0 7 0 0 0 36958 0 69734 
0 10771 15196152 0 0 4 0 0 0 36965 0 69741 
0 10772 15196153 0 0 5 0 0 0 36969 0 69745 
0 10773 15196155 0 0 5 0 0 0 36974 0 69750 
0 10774 15196159 0 0 4 0 0 0 36979 0 69755 
0 10775 15197764 0 0 3 0 0 0 36983 0 69759 
0 10776 15197765 0 0 7 0 0 0 36986 0 69762 
0 10777 15197767 0 0 6 0 0 0 36993 0 69769 
0 10778 15197772 0 0 6 0 0 0 36999 0 69775 
0 10779 15197773 0 0 7 0 0 0 36791 0 69781 
0 10780 15197775 0 0 6 0 0 0 36719 0 69788 
0 10781 15197779 0 0 5 0 0 0 36725 0 69794 
0 10782 15197780 0 0 7 0 0 0 36730 0 69799 
0 10783 15197781 0 0 7 0 0 0 36737 0 69806 
0 10784 15197782 0 0 7 0 0 0 36744 0 69813 
0 10785 15197783 0 0 7 0 0 0 36751 0 69820 
0 10786 15197787 0 0 5 0 0 0 36758 0 69827 
0 10787 15197788 0 0 7 0 0 0 36763 0 69832 
0 10788 15197789 0 0 7 0 0 0 36770 0 69839 
0 10789 15197790 0 0 7 0 0 0 36777 0 69846 
0 10790 15197791 0 0 7 0 0 0 36784 0 69853 
0 10791 15197809 0 0 4 0 0 0 36715 0 69860 
0 10792 15197811 0 0 6 0 0 0 36798 0 69864 
0 10793 15197812 0 0 6 0 0 0 36804 0 69870 
0 10794 15197813 0 0 7 0 0 0 36810 0 69876 
0 10795 15197815 0 0 6 0 0 0 36817 0 69883 
0 10796 15197817 0 0 4 0 0 0 36823 0 69889 
0 10797 15197819 0 0 6 0 0 0 36827 0 69893 
0 10798 15197820 0 0 6 0 0 0 36833 0 69899 
0 10799 15197821 0 0 7 0 0 0 36839 0 69905 
0 10800 15197823 0 0 6 0 0 0 36846 0 69912 
0 10801 15197827 0 0 5 0 0 0 36852 0 69918 
0 10802 15197830 0 0 6 0 0 0 36857 0 69923 
0 10803 15197831 0 0 6 0 0 0 30462 0 69929 
0 10804 15197835 0 0 8 0 0 0 24539 0 69935 
0 10805 15197836 0 0 8 0 0 0 24547 0 69943 
0 10806 15197837 0 0 8 0 0 0 24555 0 69951 
0 10807 15197838 0 0 8 0 0 0 24563 0 69959 
0 10808 15197839 0 0 8 0 0 0 24571 0 69967 
0 10809 15197850 0 0 8 0 0 0 24579 0 69975 
0 10810 15197851 0 0 8 0 0 0 24587 0 69983 
0 10811 15197854 0 0 6 0 0 0 24595 0 69991 
0 10812 15197855 0 0 6 0 0 0 24601 0 69997 
0 10813 15197857 0 0 6 0 0 0 24607 0 70003 
0 10814 15197858 0 0 8 0 0 0 24613 0 70009 
0 10815 15197859 0 0 8 0 0 0 24531 0 70017 
0 10816 15197862 0 0 6 0 0 0 24629 0 70025 
0 10817 15197863 0 0 6 0 0 0 24635 0 70031 
0 10818 15197865 0 0 8 0 0 0 24641 0 70037 
0 10819 15197866 0 0 8 0 0 0 24649 0 70045 
0 10820 15197867 0 0 8 0 0 0 24657 0 70053 
0 10821 15197868 0 0 8 0 0 0 24665 0 70061 
0 10822 15197869 0 0 8 0 0 0 24673 0 70069 
0 10823 15197870 0 0 8 0 0 0 24681 0 70077 
0 10824 15197871 0 0 8 0 0 0 24689 0 70085 
0 10825 15197881 0 0 6 0 0 0 24697 0 70093 
0 10826 15197882 0 0 8 0 0 0 24703 0 70099 
0 10827 15197883 0 0 8 0 0 0 24435 0 70107 
0 10828 15197886 0 0 6 0 0 0 24358 0 70115 
0 10829 15197887 0 0 6 0 0 0 24364 0 70121 
0 10830 15197892 0 0 4 0 0 0 24370 0 70127 
0 10831 15197893 0 0 8 0 0 0 24374 0 70131 
0 10832 15197894 0 0 8 0 0 0 24382 0 70139 
0 10833 15197895 0 0 8 0 0 0 24390 0 70147 
0 10834 15197899 0 0 5 0 0 0 24398 0 70155 
0 10835 15197900 0 0 8 0 0 0 24403 0 70160 
0 10836 15197901 0 0 8 0 0 0 24411 0 70168 
0 10837 15197902 0 0 8 0 0 0 24419 0 70176 
0 10838 15197903 0 0 8 0 0 0 24427 0 70184 
0 10839 15197906 0 0 8 0 0 0 24350 0 70192 
0 10840 15197907 0 0 8 0 0 0 24443 0 70200 
0 10841 15197908 0 0 8 0 0 0 24451 0 70208 
0 10842 15197909 0 0 8 0 0 0 24459 0 70216 
0 10843 15197910 0 0 8 0 0 0 24467 0 70224 
0 10844 15197911 0 0 8 0 0 0 24475 0 70232 
0 10845 15197914 0 0 8 0 0 0 24483 0 70240 
0 10846 15197915 0 0 8 0 0 0 24491 0 70248 
0 10847 15197916 0 0 8 0 0 0 24499 0 70256 
0 10848 15197917 0 0 8 0 0 0 24507 0 70264 
0 10849 15197918 0 0 8 0 0 0 24515 0 70272 
0 10850 15197919 0 0 8 0 0 0 24523 0 70280 
0 10851 15197921 0 0 8 0 0 0 24621 0 70288 
0 10852 15197922 0 0 8 0 0 0 24903 0 70296 
0 10853 15197923 0 0 8 0 0 0 24911 0 70304 
0 10854 15197924 0 0 8 0 0 0 24919 0 70312 
0 10855 15197925 0 0 8 0 0 0 24927 0 70320 
0 10856 15197926 0 0 8 0 0 0 24935 0 70328 
0 10857 15197927 0 0 8 0 0 0 24943 0 70336 
0 10858 15197929 0 0 8 0 0 0 24951 0 70344 
0 10859 15197930 0 0 8 0 0 0 24959 0 70352 
0 10860 15197931 0 0 8 0 0 0 24967 0 70360 
0 10861 15197932 0 0 8 0 0 0 24975 0 70368 
0 10862 15197933 0 0 8 0 0 0 24983 0 70376 
0 10863 15197934 0 0 8 0 0 0 24895 0 70384 
0 10864 15197935 0 0 8 0 0 0 24999 0 70392 
0 10865 15197936 0 0 8 0 0 0 25007 0 70400 
0 10866 15197937 0 0 8 0 0 0 25015 0 70408 
0 10867 15197938 0 0 8 0 0 0 25023 0 70416 
0 10868 15197939 0 0 8 0 0 0 25031 0 70424 
0 10869 15197940 0 0 8 0 0 0 25039 0 70432 
0 10870 15197941 0 0 8 0 0 0 25047 0 70440 
0 10871 15197942 0 0 8 0 0 0 25055 0 70448 
0 10872 15197943 0 0 8 0 0 0 25063 0 70456 
0 10873 15197944 0 0 8 0 0 0 25071 0 70464 
0 10874 15197945 0 0 8 0 0 0 25079 0 70472 
0 10875 15197946 0 0 8 0 0 0 24802 0 70480 
0 10876 15197947 0 0 8 0 0 0 24718 0 70488 
0 10877 15197948 0 0 8 0 0 0 24726 0 70496 
0 10878 15197949 0 0 8 0 0 0 24734 0 70504 
0 10879 15197950 0 0 8 0 0 0 24742 0 70512 
0 10880 15197951 0 0 8 0 0 0 24750 0 70520 
0 10881 15198083 0 0 7 0 0 0 24758 0 70528 
0 10882 15198085 0 0 8 0 0 0 24765 0 70535 
0 10883 15198087 0 0 7 0 0 0 24773 0 70543 
0 10884 15198091 0 0 7 0 0 0 24780 0 70550 
0 10885 15198092 0 0 7 0 0 0 24787 0 70557 
0 10886 15198093 0 0 8 0 0 0 24794 0 70564 
0 10887 15198095 0 0 7 0 0 0 24711 0 70572 
0 10888 15198097 0 0 8 0 0 0 24810 0 70579 
0 10889 15198098 0 0 8 0 0 0 24818 0 70587 
0 10890 15198099 0 0 8 0 0 0 24826 0 70595 
0 10891 15198100 0 0 8 0 0 0 24834 0 70603 
0 10892 15198101 0 0 8 0 0 0 24842 0 70611 
0 10893 15198102 0 0 8 0 0 0 24850 0 70619 
0 10894 15198103 0 0 8 0 0 0 24858 0 70627 
0 10895 15198104 0 0 5 0 0 0 24866 0 70635 
0 10896 15198105 0 0 8 0 0 0 24871 0 70640 
0 10897 15198106 0 0 8 0 0 0 24879 0 70648 
0 10898 15198107 0 0 8 0 0 0 24887 0 70656 
0 10899 15198108 0 0 8 0 0 0 24271 0 70664 
0 10900 15198109 0 0 8 0 0 0 23860 0 70672 
0 10901 15198110 0 0 8 0 0 0 23868 0 70680 
0 10902 15198111 0 0 8 0 0 0 23876 0 70688 
0 10903 15198128 0 0 7 0 0 0 23884 0 70696 
0 10904 15198129 0 0 8 0 0 0 23891 0 70703 
0 10905 15198131 0 0 7 0 0 0 23899 0 70711 
0 10906 15198132 0 0 7 0 0 0 23906 0 70718 
0 10907 15198133 0 0 8 0 0 0 23913 0 70725 
0 10908 15198135 0 0 7 0 0 0 23921 0 70733 
0 10909 15198136 0 0 7 0 0 0 23928 0 70740 
0 10910 15198137 0 0 8 0 0 0 23935 0 70747 
0 10911 15198139 0 0 7 0 0 0 23853 0 70755 
0 10912 15198140 0 0 7 0 0 0 23951 0 70762 
0 10913 15198141 0 0 8 0 0 0 23958 0 70769 
0 10914 15198143 0 0 7 0 0 0 23966 0 70777 
0 10915 15198147 0 0 7 0 0 0 23973 0 70784 
0 10916 15198148 0 0 7 0 0 0 23980 0 70791 
0 10917 15198149 0 0 8 0 0 0 23987 0 70798 
0 10918 15198151 0 0 7 0 0 0 23995 0 70806 
0 10919 15198155 0 0 7 0 0 0 24002 0 70813 
0 10920 15198156 0 0 7 0 0 0 24009 0 70820 
0 10921 15198157 0 0 8 0 0 0 24016 0 70827 
0 10922 15198159 0 0 7 0 0 0 24024 0 70835 
0 10923 15198161 0 0 8 0 0 0 23764 0 70842 
0 10924 15198162 0 0 8 0 0 0 23671 0 70850 
0 10925 15198163 0 0 8 0 0 0 23679 0 70858 
0 10926 15198164 0 0 8 0 0 0 23687 0 70866 
0 10927 15198165 0 0 8 0 0 0 23695 0 70874 
0 10928 15198166 0 0 8 0 0 0 23703 0 70882 
0 10929 15198167 0 0 8 0 0 0 23711 0 70890 
0 10930 15198168 0 0 5 0 0 0 23719 0 70898 
0 10931 15198169 0 0 8 0 0 0 23724 0 70903 
0 10932 15198170 0 0 8 0 0 0 23732 0 70911 
0 10933 15198171 0 0 8 0 0 0 23740 0 70919 
0 10934 15198172 0 0 8 0 0 0 23748 0 70927 
0 10935 15198173 0 0 8 0 0 0 23756 0 70935 
0 10936 15198174 0 0 8 0 0 0 23663 0 70943 
0 10937 15198175 0 0 8 0 0 0 23772 0 70951 
0 10938 15198192 0 0 7 0 0 0 23780 0 70959 
0 10939 15198193 0 0 8 0 0 0 23787 0 70966 
0 10940 15198195 0 0 7 0 0 0 23795 0 70974 
0 10941 15198196 0 0 7 0 0 0 23802 0 70981 
0 10942 15198197 0 0 8 0 0 0 23809 0 70988 
0 10943 15198199 0 0 7 0 0 0 23817 0 70996 
0 10944 15198200 0 0 7 0 0 0 23824 0 71003 
0 10945 15198201 0 0 8 0 0 0 23831 0 71010 
0 10946 15198203 0 0 7 0 0 0 23839 0 71018 
0 10947 15198204 0 0 7 0 0 0 23846 0 71025 
0 10948 15198205 0 0 8 0 0 0 23943 0 71032 
0 10949 15198207 0 0 7 0 0 0 24196 0 71040 
0 10950 15199939 0 0 7 0 0 0 24203 0 71047 
0 10951 15199942 0 0 6 0 0 0 24210 0 71054 
0 10952 15199943 0 0 6 0 0 0 24216 0 71060 
0 10953 15199946 0 0 7 0 0 0 24222 0 71066 
0 10954 15199947 0 0 7 0 0 0 24229 0 71073 
0 10955 15199948 0 0 7 0 0 0 24236 0 71080 
0 10956 15199949 0 0 7 0 0 0 24243 0 71087 
0 10957 15199950 0 0 7 0 0 0 24250 0 71094 
0 10958 15199951 0 0 7 0 0 0 24257 0 71101 
0 10959 15199962 0 0 7 0 0 0 24264 0 71108 
0 10960 15199963 0 0 7 0 0 0 24189 0 71115 
0 10961 15199966 0 0 6 0 0 0 24279 0 71122 
0 10962 15199967 0 0 6 0 0 0 24285 0 71128 
0 10963 15199968 0 0 6 0 0 0 24291 0 71134 
0 10964 15199969 0 0 6 0 0 0 24297 0 71140 
0 10965 15199970 0 0 7 0 0 0 24303 0 71146 
0 10966 15199971 0 0 7 0 0 0 24310 0 71153 
0 10967 15199974 0 0 6 0 0 0 24317 0 71160 
0 10968 15199975 0 0 6 0 0 0 24323 0 71166 
0 10969 15199976 0 0 7 0 0 0 24329 0 71172 
0 10970 15199977 0 0 7 0 0 0 24336 0 71179 
0 10971 15199978 0 0 7 0 0 0 24343 0 71186 
0 10972 15199979 0 0 7 0 0 0 24106 0 71193 
0 10973 15199980 0 0 7 0 0 0 24034 0 71200 
0 10974 15199981 0 0 7 0 0 0 24041 0 71207 
0 10975 15199982 0 0 7 0 0 0 24048 0 71214 
0 10976 15199983 0 0 7 0 0 0 24055 0 71221 
0 10977 15199992 0 0 6 0 0 0 24062 0 71228 
0 10978 15199993 0 0 6 0 0 0 24068 0 71234 
0 10979 15199994 0 0 7 0 0 0 24074 0 71240 
0 10980 15199995 0 0 7 0 0 0 24081 0 71247 
0 10981 15199998 0 0 6 0 0 0 24088 0 71254 
0 10982 15199999 0 0 6 0 0 0 24094 0 71260 
0 10983 15200067 0 0 6 0 0 0 24100 0 71266 
0 10984 15200068 0 0 3 0 0 0 24031 0 71272 
0 10985 15200069 0 0 8 0 0 0 24113 0 71275 
0 10986 15200071 0 0 6 0 0 0 24121 0 71283 
0 10987 15200073 0 0 8 0 0 0 24127 0 71289 
0 10988 15200075 0 0 6 0 0 0 24135 0 71297 
0 10989 15200076 0 0 6 0 0 0 24141 0 71303 
0 10990 15200077 0 0 8 0 0 0 24147 0 71309 
0 10991 15200079 0 0 6 0 0 0 24155 0 71317 
0 10992 15200080 0 0 4 0 0 0 24161 0 71323 
0 10993 15200081 0 0 8 0 0 0 24165 0 71327 
0 10994 15200082 0 0 8 0 0 0 24173 0 71335 
0 10995 15200083 0 0 8 0 0 0 24181 0 71343 
0 10996 15200084 0 0 8 0 0 0 24991 0 71351 
0 10997 15200085 0 0 8 0 0 0 25894 0 71359 
0 10998 15200086 0 0 8 0 0 0 25902 0 71367 
0 10999 15200087 0 0 8 0 0 0 25910 0 71375 
0 11000 15200088 0 0 8 0 0 0 25918 0 71383 
0 11001 15200089 0 0 8 0 0 0 25926 0 71391 
0 11002 15200090 0 0 8 0 0 0 25934 0 71399 
0 11003 15200091 0 0 8 0 0 0 25942 0 71407 
0 11004 15200092 0 0 8 0 0 0 25950 0 71415 
0 11005 15200093 0 0 8 0 0 0 25958 0 71423 
0 11006 15200094 0 0 8 0 0 0 25966 0 71431 
0 11007 15200095 0 0 8 0 0 0 25974 0 71439 
0 11008 15200112 0 0 6 0 0 0 25888 0 71447 
0 11009 15200113 0 0 8 0 0 0 25990 0 71453 
0 11010 15200115 0 0 6 0 0 0 25998 0 71461 
0 11011 15200116 0 0 6 0 0 0 26004 0 71467 
0 11012 15200117 0 0 8 0 0 0 26010 0 71473 
0 11013 15200119 0 0 6 0 0 0 26018 0 71481 
0 11014 15200120 0 0 6 0 0 0 26024 0 71487 
0 11015 15200121 0 0 8 0 0 0 26030 0 71493 
0 11016 15200123 0 0 6 0 0 0 26038 0 71501 
0 11017 15200124 0 0 6 0 0 0 26044 0 71507 
0 11018 15200125 0 0 8 0 0 0 26050 0 71513 
0 11019 15200127 0 0 6 0 0 0 26058 0 71521 
0 11020 15200194 0 0 4 0 0 0 25803 0 71527 
0 11021 15200195 0 0 8 0 0 0 25721 0 71531 
0 11022 15200198 0 0 7 0 0 0 25729 0 71539 
0 11023 15200199 0 0 7 0 0 0 25736 0 71546 
0 11024 15200200 0 0 4 0 0 0 25743 0 71553 
0 11025 15200201 0 0 8 0 0 0 25747 0 71557 
0 11026 15200202 0 0 8 0 0 0 25755 0 71565 
0 11027 15200203 0 0 8 0 0 0 25763 0 71573 
0 11028 15200204 0 0 8 0 0 0 25771 0 71581 
0 11029 15200205 0 0 8 0 0 0 25779 0 71589 
0 11030 15200206 0 0 8 0 0 0 25787 0 71597 
0 11031 15200207 0 0 8 0 0 0 25795 0 71605 
0 11032 15200216 0 0 7 0 0 0 25714 0 71613 
0 11033 15200217 0 0 7 0 0 0 25807 0 71620 
0 11034 15200218 0 0 8 0 0 0 25814 0 71627 
0 11035 15200219 0 0 8 0 0 0 25822 0 71635 
0 11036 15200222 0 0 7 0 0 0 25830 0 71643 
0 11037 15200223 0 0 7 0 0 0 25837 0 71650 
0 11038 15200224 0 0 7 0 0 0 25844 0 71657 
0 11039 15200225 0 0 7 0 0 0 25851 0 71664 
0 11040 15200226 0 0 8 0 0 0 25858 0 71671 
0 11041 15200227 0 0 8 0 0 0 25866 0 71679 
0 11042 15200230 0 0 7 0 0 0 25874 0 71687 
0 11043 15200231 0 0 7 0 0 0 25881 0 71694 
0 11044 15200232 0 0 8 0 0 0 25982 0 71701 
0 11045 15200233 0 0 8 0 0 0 26211 0 71709 
0 11046 15200234 0 0 8 0 0 0 26219 0 71717 
0 11047 15200235 0 0 8 0 0 0 26227 0 71725 
0 11048 15200236 0 0 8 0 0 0 26235 0 71733 
0 11049 15200237 0 0 8 0 0 0 26243 0 71741 
0 11050 15200238 0 0 8 0 0 0 26251 0 71749 
0 11051 15200239 0 0 8 0 0 0 26259 0 71757 
0 11052 15200248 0 0 7 0 0 0 26267 0 71765 
0 11053 15200249 0 0 7 0 0 0 26274 0 71772 
0 11054 15200250 0 0 8 0 0 0 26281 0 71779 
0 11055 15200251 0 0 8 0 0 0 26289 0 71787 
0 11056 15200254 0 0 7 0 0 0 26204 0 71795 
0 11057 15200255 0 0 7 0 0 0 26305 0 71802 
0 11058 15204289 0 0 3 0 0 0 26312 0 71809 
0 11059 15204291 0 0 6 0 0 0 26315 0 71812 
0 11060 15204295 0 0 5 0 0 0 26321 0 71818 
0 11061 15204296 0 0 6 0 0 0 26326 0 71823 
0 11062 15204297 0 0 7 0 0 0 26332 0 71829 
0 11063 15204299 0 0 6 0 0 0 26339 0 71836 
0 11064 15204300 0 0 6 0 0 0 26345 0 71842 
0 11065 15204301 0 0 7 0 0 0 26351 0 71848 
0 11066 15204303 0 0 6 0 0 0 26358 0 71855 
0 11067 15204312 0 0 6 0 0 0 26364 0 71861 
0 11068 15204313 0 0 6 0 0 0 26133 0 71867 
0 11069 15204314 0 0 7 0 0 0 26069 0 71873 
0 11070 15204315 0 0 7 0 0 0 26076 0 71880 
0 11071 15204318 0 0 6 0 0 0 26083 0 71887 
0 11072 15204319 0 0 6 0 0 0 26089 0 71893 
0 11073 15204344 0 0 5 0 0 0 26095 0 71899 
0 11074 15204345 0 0 6 0 0 0 26100 0 71904 
0 11075 15204347 0 0 6 0 0 0 26106 0 71910 
0 11076 15204351 0 0 5 0 0 0 26112 0 71916 
0 11077 15530099 0 0 5 0 0 0 26117 0 71921 
0 11078 15530100 0 0 5 0 0 0 26122 0 71926 
0 11079 15530101 0 0 6 0 0 0 26127 0 71931 
0 11080 15530103 0 0 5 0 0 0 26064 0 71937 
0 11081 15530107 0 0 7 0 0 0 26139 0 71942 
0 11082 15530108 0 0 7 0 0 0 26146 0 71949 
0 11083 15530109 0 0 8 0 0 0 26153 0 71956 
0 11084 15530111 0 0 7 0 0 0 26161 0 71964 
0 11085 15530153 0 0 2 0 0 0 26168 0 71971 
0 11086 15530154 0 0 5 0 0 0 26170 0 71973 
0 11087 15530155 0 0 8 0 0 0 26175 0 71978 
0 11088 15530158 0 0 5 0 0 0 26183 0 71986 
0 11089 15530159 0 0 5 0 0 0 26188 0 71991 
0 11090 15530169 0 0 3 0 0 0 26193 0 71996 
0 11091 15530170 0 0 8 0 0 0 26196 0 71999 
0 11092 15530171 0 0 8 0 0 0 25631 0 72007 
0 11093 15530172 0 0 5 0 0 0 25249 0 72015 
0 11094 15530173 0 0 8 0 0 0 25254 0 72020 
0 11095 15530174 0 0 8 0 0 0 25262 0 72028 
0 11096 15530175 0 0 8 0 0 0 25270 0 72036 
0 11097 15530204 0 0 7 0 0 0 25278 0 72044 
0 11098 15530205 0 0 7 0 0 0 25285 0 72051 
0 11099 15530206 0 0 7 0 0 0 25292 0 72058 
0 11100 15530207 0 0 7 0 0 0 25299 0 72065 
0 11101 15530219 0 0 4 0 0 0 25306 0 72072 
0 11102 15530220 0 0 6 0 0 0 25310 0 72076 
0 11103 15530221 0 0 8 0 0 0 25316 0 72082 
0 11104 15530223 0 0 6 0 0 0 25243 0 72090 
0 11105 15530226 0 0 5 0 0 0 25328 0 72096 
0 11106 15530227 0 0 8 0 0 0 25333 0 72101 
0 11107 15530228 0 0 8 0 0 0 25341 0 72109 
0 11108 15530229 0 0 8 0 0 0 25349 0 72117 
0 11109 15530230 0 0 8 0 0 0 25357 0 72125 
0 11110 15530231 0 0 8 0 0 0 25365 0 72133 
0 11111 15530235 0 0 5 0 0 0 25373 0 72141 
0 11112 15530236 0 0 8 0 0 0 25378 0 72146 
0 11113 15530237 0 0 8 0 0 0 25386 0 72154 
0 11114 15530238 0 0 8 0 0 0 25394 0 72162 
0 11115 15530239 0 0 8 0 0 0 25402 0 72170 
0 11116 15530417 0 0 7 0 0 0 25169 0 72178 
0 11117 15530419 0 0 6 0 0 0 25093 0 72185 
0 11118 15530421 0 0 7 0 0 0 25099 0 72191 
0 11119 15530423 0 0 6 0 0 0 25106 0 72198 
0 11120 15530425 0 0 5 0 0 0 25112 0 72204 
0 11121 15530427 0 0 7 0 0 0 25117 0 72209 
0 11122 15530428 0 0 7 0 0 0 25124 0 72216 
0 11123 15530429 0 0 8 0 0 0 25131 0 72223 
0 11124 15530431 0 0 7 0 0 0 25139 0 72231 
0 11125 15530491 0 0 4 0 0 0 25146 0 72238 
0 11126 15530492 0 0 6 0 0 0 25150 0 72242 
0 11127 15530493 0 0 7 0 0 0 25156 0 72248 
0 11128 15530495 0 0 6 0 0 0 25163 0 72255 
0 11129 15530503 0 0 6 0 0 0 25087 0 72261 
0 11130 15530509 0 0 3 0 0 0 25176 0 72267 
0 11131 15530511 0 0 7 0 0 0 25179 0 72270 
0 11132 15530518 0 0 4 0 0 0 25186 0 72277 
0 11133 15530519 0 0 8 0 0 0 25190 0 72281 
0 11134 15530525 0 0 3 0 0 0 25198 0 72289 
0 11135 15530526 0 0 8 0 0 0 25201 0 72292 
0 11136 15530527 0 0 8 0 0 0 25209 0 72300 
0 11137 15530549 0 0 4 0 0 0 25217 0 72308 
0 11138 15530551 0 0 7 0 0 0 25221 0 72312 
0 11139 15530557 0 0 8 0 0 0 25228 0 72319 
0 11140 15530559 0 0 7 0 0 0 25236 0 72327 
0 11141 15530575 0 0 4 0 0 0 25324 0 72334 
0 11142 15530582 0 0 5 0 0 0 25555 0 72338 
0 11143 15530583 0 0 8 0 0 0 25560 0 72343 
0 11144 15530591 0 0 5 0 0 0 25568 0 72351 
0 11145 15530612 0 0 7 0 0 0 25573 0 72356 
0 11146 15530613 0 0 8 0 0 0 25580 0 72363 
0 11147 15530615 0 0 7 0 0 0 25588 0 72371 
0 11148 15530620 0 0 7 0 0 0 25595 0 72378 
0 11149 15530621 0 0 8 0 0 0 25602 0 72385 
0 11150 15530623 0 0 7 0 0 0 25610 0 72393 
0 11151 15530661 0 0 8 0 0 0 25617 0 72400 
0 11152 15530663 0 0 6 0 0 0 25625 0 72408 
0 11153 15530669 0 0 5 0 0 0 25550 0 72414 
0 11154 15530670 0 0 5 0 0 0 25639 0 72419 
0 11155 15530671 0 0 8 0 0 0 25644 0 72424 
0 11156 15530677 0 0 8 0 0 0 25652 0 72432 
0 11157 15530678 0 0 8 0 0 0 25660 0 72440 
0 11158 15530679 0 0 8 0 0 0 25668 0 72448 
0 11159 15530685 0 0 5 0 0 0 25676 0 72456 
0 11160 15530686 0 0 8 0 0 0 25681 0 72461 
0 11161 15530687 0 0 8 0 0 0 25689 0 72469 
0 11162 15530735 0 0 4 0 0 0 25697 0 72477 
0 11163 15530742 0 0 5 0 0 0 25701 0 72481 
0 11164 15530743 0 0 8 0 0 0 25706 0 72486 
0 11165 15530751 0 0 5 0 0 0 25478 0 72494 
0 11166 15530933 0 0 7 0 0 0 25418 0 72499 
0 11167 15530935 0 0 6 0 0 0 25425 0 72506 
0 11168 15530941 0 0 5 0 0 0 25431 0 72512 
0 11169 15530943 0 0 7 0 0 0 25436 0 72517 
0 11170 15531007 0 0 4 0 0 0 25443 0 72524 
0 11171 15531131 0 0 5 0 0 0 25447 0 72528 
0 11172 15531132 0 0 5 0 0 0 25452 0 72533 
0 11173 15531133 0 0 6 0 0 0 25457 0 72538 
0 11174 15531135 0 0 5 0 0 0 25463 0 72544 
0 11175 15531193 0 0 2 0 0 0 25468 0 72549 
0 11176 15531194 0 0 8 0 0 0 25470 0 72551 
0 11177 15531195 0 0 8 0 0 0 25410 0 72559 
0 11178 15531198 0 0 5 0 0 0 25483 0 72567 
0 11179 15531199 0 0 5 0 0 0 25488 0 72572 
0 11180 15531228 0 0 7 0 0 0 25493 0 72577 
0 11181 15531229 0 0 7 0 0 0 25500 0 72584 
0 11182 15531230 0 0 7 0 0 0 25507 0 72591 
0 11183 15531231 0 0 7 0 0 0 25514 0 72598 
0 11184 15531243 0 0 4 0 0 0 25521 0 72605 
0 11185 15531244 0 0 6 0 0 0 25525 0 72609 
0 11186 15531245 0 0 8 0 0 0 25531 0 72615 
0 11187 15531247 0 0 6 0 0 0 25539 0 72623 
0 11188 15531250 0 0 5 0 0 0 25545 0 72629 
0 11189 15531251 0 0 8 0 0 0 23580 0 72634 
0 11190 15531252 0 0 8 0 0 0 21936 0 72642 
0 11191 15531253 0 0 8 0 0 0 21944 0 72650 
0 11192 15531254 0 0 8 0 0 0 21952 0 72658 
0 11193 15531255 0 0 8 0 0 0 21960 0 72666 
0 11194 15531259 0 0 5 0 0 0 21968 0 72674 
0 11195 15531260 0 0 8 0 0 0 21973 0 72679 
0 11196 15531261 0 0 8 0 0 0 21981 0 72687 
0 11197 15531262 0 0 8 0 0 0 21989 0 72695 
0 11198 15531263 0 0 8 0 0 0 21997 0 72703 
0 11199 15531440 0 0 4 0 0 0 22005 0 72711 
0 11200 15531441 0 0 7 0 0 0 22009 0 72715 
0 11201 15531443 0 0 6 0 0 0 21930 0 72722 
0 11202 15531444 0 0 6 0 0 0 22024 0 72728 
0 11203 15531445 0 0 7 0 0 0 22030 0 72734 
0 11204 15531447 0 0 6 0 0 0 22037 0 72741 
0 11205 15531449 0 0 5 0 0 0 22043 0 72747 
0 11206 15531451 0 0 7 0 0 0 22048 0 72752 
0 11207 15531452 0 0 7 0 0 0 22055 0 72759 
0 11208 15531453 0 0 8 0 0 0 22062 0 72766 
0 11209 15531455 0 0 7 0 0 0 22070 0 72774 
0 11210 15531515 0 0 4 0 0 0 22077 0 72781 
0 11211 15531516 0 0 6 0 0 0 22081 0 72785 
0 11212 15531517 0 0 7 0 0 0 22087 0 72791 
0 11213 15531519 0 0 6 0 0 0 21854 0 72798 
0 11214 15531527 0 0 6 0 0 0 21780 0 72804 
0 11215 15531533 0 0 3 0 0 0 21786 0 72810 
0 11216 15531535 0 0 7 0 0 0 21789 0 72813 
0 11217 15531542 0 0 8 0 0 0 21796 0 72820 
0 11218 15531543 0 0 8 0 0 0 21804 0 72828 
0 11219 15531549 0 0 3 0 0 0 21812 0 72836 
0 11220 15531550 0 0 8 0 0 0 21815 0 72839 
0 11221 15531551 0 0 8 0 0 0 21823 0 72847 
0 11222 15531573 0 0 8 0 0 0 21831 0 72855 
0 11223 15531575 0 0 7 0 0 0 21839 0 72863 
0 11224 15531581 0 0 8 0 0 0 21846 0 72870 
0 11225 15531583 0 0 7 0 0 0 21773 0 72878 
0 11226 15531599 0 0 4 0 0 0 21860 0 72885 
0 11227 15531606 0 0 5 0 0 0 21864 0 72889 
0 11228 15531607 0 0 8 0 0 0 21869 0 72894 
0 11229 15531615 0 0 5 0 0 0 21877 0 72902 
0 11230 15531636 0 0 7 0 0 0 21882 0 72907 
0 11231 15531637 0 0 8 0 0 0 21889 0 72914 
0 11232 15531639 0 0 7 0 0 0 21897 0 72922 
0 11233 15531644 0 0 7 0 0 0 21904 0 72929 
0 11234 15531645 0 0 8 0 0 0 21911 0 72936 
0 11235 15531647 0 0 7 0 0 0 21919 0 72944 
0 11236 15531684 0 0 4 0 0 0 21926 0 72951 
0 11237 15531685 0 0 8 0 0 0 22016 0 72955 
0 11238 15531687 0 0 6 0 0 0 22240 0 72963 
0 11239 15531693 0 0 5 0 0 0 22246 0 72969 
0 11240 15531694 0 0 5 0 0 0 22251 0 72974 
0 11241 15531695 0 0 8 0 0 0 22256 0 72979 
0 11242 15531700 0 0 5 0 0 0 22264 0 72987 
0 11243 15531701 0 0 8 0 0 0 22269 0 72992 
0 11244 15531702 0 0 8 0 0 0 22277 0 73000 
0 11245 15531703 0 0 8 0 0 0 22285 0 73008 
0 11246 15531709 0 0 5 0 0 0 22293 0 73016 
0 11247 15531710 0 0 8 0 0 0 22298 0 73021 
0 11248 15531711 0 0 8 0 0 0 22306 0 73029 
0 11249 15531759 0 0 4 0 0 0 22236 0 73037 
0 11250 15531766 0 0 5 0 0 0 22318 0 73041 
0 11251 15531767 0 0 8 0 0 0 22323 0 73046 
0 11252 15531775 0 0 5 0 0 0 22331 0 73054 
0 11253 15531956 0 0 4 0 0 0 22336 0 73059 
0 11254 15531957 0 0 7 0 0 0 22340 0 73063 
0 11255 15531959 0 0 6 0 0 0 22347 0 73070 
0 11256 15531965 0 0 5 0 0 0 22353 0 73076 
0 11257 15531967 0 0 7 0 0 0 22358 0 73081 
0 11258 15532031 0 0 4 0 0 0 22365 0 73088 
0 11259 15592670 0 0 3 0 0 0 22369 0 73092 
0 11260 15592671 0 0 3 0 0 0 22372 0 73095 
0 11261 15592682 0 0 7 0 0 0 22169 0 73098 
0 11262 15592683 0 0 7 0 0 0 22098 0 73105 
0 11263 15592684 0 0 7 0 0 0 22105 0 73112 
0 11264 15592685 0 0 7 0 0 0 22112 0 73119 
0 11265 15592686 0 0 7 0 0 0 22119 0 73126 
0 11266 15592687 0 0 7 0 0 0 22126 0 73133 
0 11267 15592698 0 0 7 0 0 0 22133 0 73140 
0 11268 15592699 0 0 7 0 0 0 22140 0 73147 
0 11269 15592702 0 0 6 0 0 0 22147 0 73154 
0 11270 15592703 0 0 6 0 0 0 22153 0 73160 
0 11271 15592809 0 0 6 0 0 0 22159 0 73166 
0 11272 15592811 0 0 4 0 0 0 22165 0 73172 
0 11273 15592812 0 0 4 0 0 0 22094 0 73176 
0 11274 15592813 0 0 6 0 0 0 22176 0 73180 
0 11275 15592815 0 0 4 0 0 0 22182 0 73186 
0 11276 15592816 0 0 3 0 0 0 22186 0 73190 
0 11277 15592817 0 0 5 0 0 0 22189 0 73193 
0 11278 15592818 0 0 7 0 0 0 22194 0 73198 
0 11279 15592819 0 0 7 0 0 0 22201 0 73205 
0 11280 15592822 0 0 5 0 0 0 22208 0 73212 
0 11281 15592823 0 0 5 0 0 0 22213 0 73217 
0 11282 15592824 0 0 4 0 0 0 22218 0 73222 
0 11283 15592825 0 0 7 0 0 0 22222 0 73226 
0 11284 15592826 0 0 7 0 0 0 22229 0 73233 
0 11285 15592827 0 0 7 0 0 0 21692 0 73240 
0 11286 15592828 0 0 7 0 0 0 21359 0 73247 
0 11287 15592829 0 0 7 0 0 0 21366 0 73254 
0 11288 15592830 0 0 7 0 0 0 21373 0 73261 
0 11289 15592831 0 0 7 0 0 0 21380 0 73268 
0 11290 15592952 0 0 3 0 0 0 21387 0 73275 
0 11291 15592953 0 0 5 0 0 0 21390 0 73278 
0 11292 15592954 0 0 6 0 0 0 21395 0 73283 
0 11293 15592955 0 0 6 0 0 0 21401 0 73289 
0 11294 15592958 0 0 5 0 0 0 21407 0 73295 
0 11295 15592959 0 0 5 0 0 0 21412 0 73300 
0 11296 15592966 0 0 2 0 0 0 21417 0 73305 
0 11297 15592967 0 0 4 0 0 0 21355 0 73307 
0 11298 15592974 0 0 6 0 0 0 21424 0 73311 
0 11299 15592975 0 0 6 0 0 0 21430 0 73317 
0 11300 15592990 0 0 5 0 0 0 21436 0 73323 
0 11301 15592991 0 0 5 0 0 0 21441 0 73328 
0 11302 15592998 0 0 3 0 0 0 21446 0 73333 
0 11303 15592999 0 0 6 0 0 0 21449 0 73336 
0 11304 15593006 0 0 7 0 0 0 21455 0 73342 
0 11305 15593007 0 0 7 0 0 0 21462 0 73349 
0 11306 15593022 0 0 6 0 0 0 21469 0 73356 
0 11307 15593023 0 0 6 0 0 0 21475 0 73362 
0 11308 15593038 0 0 5 0 0 0 21481 0 73368 
0 11309 15593039 0 0 5 0 0 0 21285 0 73373 
0 11310 15593046 0 0 4 0 0 0 21213 0 73378 
0 11311 15593047 0 0 4 0 0 0 21217 0 73382 
0 11312 15593054 0 0 6 0 0 0 21221 0 73386 
0 11313 15593055 0 0 6 0 0 0 21227 0 73392 
0 11314 15593060 0 0 5 0 0 0 21233 0 73398 
0 11315 15593061 0 0 7 0 0 0 21238 0 73403 
0 11316 15593062 0 0 7 0 0 0 21245 0 73410 
0 11317 15593063 0 0 7 0 0 0 21252 0 73417 
0 11318 15593068 0 0 5 0 0 0 21259 0 73424 
0 11319 15593069 0 0 7 0 0 0 21264 0 73429 
0 11320 15593070 0 0 7 0 0 0 21271 0 73436 
0 11321 15593071 0 0 7 0 0 0 21278 0 73443 
0 11322 15593077 0 0 5 0 0 0 21208 0 73450 
0 11323 15593078 0 0 7 0 0 0 21290 0 73455 
0 11324 15593079 0 0 7 0 0 0 21297 0 73462 
0 11325 15593085 0 0 5 0 0 0 21304 0 73469 
0 11326 15593086 0 0 7 0 0 0 21309 0 73474 
0 11327 15593087 0 0 7 0 0 0 21316 0 73481 
0 11328 15593182 0 0 4 0 0 0 21323 0 73488 
0 11329 15593183 0 0 4 0 0 0 21327 0 73492 
0 11330 15593186 0 0 5 0 0 0 21331 0 73496 
0 11331 15593187 0 0 7 0 0 0 21336 0 73501 
0 11332 15593190 0 0 6 0 0 0 21343 0 73508 
0 11333 15593191 0 0 6 0 0 0 21349 0 73514 
0 11334 15593195 0 0 5 0 0 0 21419 0 73520 
0 11335 15593196 0 0 5 0 0 0 21630 0 73525 
0 11336 15593197 0 0 7 0 0 0 21635 0 73530 
0 11337 15593198 0 0 7 0 0 0 21642 0 73537 
0 11338 15593199 0 0 7 0 0 0 21649 0 73544 
0 11339 15593211 0 0 5 0 0 0 21656 0 73551 
0 11340 15593214 0 0 6 0 0 0 21661 0 73556 
0 11341 15593215 0 0 6 0 0 0 21667 0 73562 
0 11342 15593249 0 0 3 0 0 0 21673 0 73568 
0 11343 15593251 0 0 6 0 0 0 21676 0 73571 
0 11344 15593254 0 0 5 0 0 0 21682 0 73577 
0 11345 15593255 0 0 5 0 0 0 21687 0 73582 
0 11346 15593257 0 0 4 0 0 0 21626 0 73587 
0 11347 15593258 0 0 7 0 0 0 21699 0 73591 
0 11348 15593259 0 0 7 0 0 0 21706 0 73598 
0 11349 15593260 0 0 7 0 0 0 21713 0 73605 
0 11350 15593261 0 0 7 0 0 0 21720 0 73612 
0 11351 15593262 0 0 7 0 0 0 21727 0 73619 
0 11352 15593263 0 0 7 0 0 0 21734 0 73626 
0 11353 15593273 0 0 6 0 0 0 21741 0 73633 
0 11354 15593274 0 0 7 0 0 0 21747 0 73639 
0 11355 15593275 0 0 7 0 0 0 21754 0 73646 
0 11356 15593278 0 0 6 0 0 0 21761 0 73653 
0 11357 15593279 0 0 6 0 0 0 21767 0 73659 
0 11358 15593322 0 0 6 0 0 0 21554 0 73665 
0 11359 15593323 0 0 6 0 0 0 21493 0 73671 
0 11360 15593324 0 0 6 0 0 0 21499 0 73677 
0 11361 15593325 0 0 6 0 0 0 21505 0 73683 
0 11362 15593326 0 0 6 0 0 0 21511 0 73689 
0 11363 15593327 0 0 6 0 0 0 21517 0 73695 
0 11364 15593329 0 0 3 0 0 0 21523 0 73701 
0 11365 15593330 0 0 7 0 0 0 21526 0 73704 
0 11366 15593331 0 0 7 0 0 0 21533 0 73711 
0 11367 15593334 0 0 5 0 0 0 21540 0 73718 
0 11368 15593335 0 0 5 0 0 0 21545 0 73723 
0 11369 15593337 0 0 4 0 0 0 21550 0 73728 
0 11370 15593338 0 0 7 0 0 0 21486 0 73732 
0 11371 15593339 0 0 7 0 0 0 21560 0 73739 
0 11372 15593340 0 0 7 0 0 0 21567 0 73746 
0 11373 15593341 0 0 7 0 0 0 21574 0 73753 
0 11374 15593342 0 0 7 0 0 0 21581 0 73760 
0 11375 15593343 0 0 7 0 0 0 21588 0 73767 
0 11376 15593465 0 0 3 0 0 0 21595 0 73774 
0 11377 15593466 0 0 6 0 0 0 21598 0 73777 
0 11378 15593467 0 0 6 0 0 0 21604 0 73783 
0 11379 15593470 0 0 5 0 0 0 21610 0 73789 
0 11380 15593471 0 0 5 0 0 0 21615 0 73794 
0 11381 15594729 0 0 6 0 0 0 21620 0 73799 
0 11382 15594731 0 0 4 0 0 0 22314 0 73805 
0 11383 15594732 0 0 4 0 0 0 23169 0 73809 
0 11384 15594733 0 0 6 0 0 0 23173 0 73813 
0 11385 15594735 0 0 4 0 0 0 23179 0 73819 
0 11386 15594736 0 0 5 0 0 0 23183 0 73823 
0 11387 15594737 0 0 5 0 0 0 23188 0 73828 
0 11388 15594738 0 0 8 0 0 0 23193 0 73833 
0 11389 15594739 0 0 8 0 0 0 23201 0 73841 
0 11390 15594742 0 0 5 0 0 0 23209 0 73849 
0 11391 15594743 0 0 5 0 0 0 23214 0 73854 
0 11392 15594744 0 0 8 0 0 0 23219 0 73859 
0 11393 15594745 0 0 8 0 0 0 23227 0 73867 
0 11394 15594746 0 0 8 0 0 0 23161 0 73875 
0 11395 15594747 0 0 8 0 0 0 23243 0 73883 
0 11396 15594748 0 0 8 0 0 0 23251 0 73891 
0 11397 15594749 0 0 8 0 0 0 23259 0 73899 
0 11398 15594750 0 0 8 0 0 0 23267 0 73907 
0 11399 15594751 0 0 8 0 0 0 23275 0 73915 
0 11400 15594936 0 0 6 0 0 0 23283 0 73923 
0 11401 15594937 0 0 8 0 0 0 23289 0 73929 
0 11402 15594939 0 0 6 0 0 0 23297 0 73937 
0 11403 15594940 0 0 6 0 0 0 23303 0 73943 
0 11404 15594941 0 0 8 0 0 0 23309 0 73949 
0 11405 15594943 0 0 6 0 0 0 23317 0 73957 
0 11406 15595000 0 0 5 0 0 0 23094 0 73963 
0 11407 15595001 0 0 7 0 0 0 23026 0 73968 
0 11408 15595003 0 0 5 0 0 0 23033 0 73975 
0 11409 15595004 0 0 5 0 0 0 23038 0 73980 
0 11410 15595005 0 0 7 0 0 0 23043 0 73985 
0 11411 15595007 0 0 5 0 0 0 23050 0 73992 
0 11412 15595015 0 0 5 0 0 0 23055 0 73997 
0 11413 15595023 0 0 6 0 0 0 23060 0 74002 
0 11414 15595030 0 0 4 0 0 0 23066 0 74008 
0 11415 15595031 0 0 8 0 0 0 23070 0 74012 
0 11416 15595038 0 0 8 0 0 0 23078 0 74020 
0 11417 15595039 0 0 8 0 0 0 23086 0 74028 
0 11418 15595059 0 0 3 0 0 0 23023 0 74036 
0 11419 15595061 0 0 4 0 0 0 23099 0 74039 
0 11420 15595063 0 0 6 0 0 0 23103 0 74043 
0 11421 15595067 0 0 3 0 0 0 23109 0 74049 
0 11422 15595069 0 0 8 0 0 0 23112 0 74052 
0 11423 15595071 0 0 6 0 0 0 23120 0 74060 
0 11424 15595084 0 0 5 0 0 0 23126 0 74066 
0 11425 15595085 0 0 7 0 0 0 23131 0 74071 
0 11426 15595087 0 0 5 0 0 0 23138 0 74078 
0 11427 15595091 0 0 5 0 0 0 23143 0 74083 
0 11428 15595092 0 0 5 0 0 0 23148 0 74088 
0 11429 15595093 0 0 8 0 0 0 23153 0 74093 
0 11430 15595094 0 0 8 0 0 0 23235 0 74101 
0 11431 15595095 0 0 8 0 0 0 23505 0 74109 
0 11432 15595099 0 0 5 0 0 0 23513 0 74117 
0 11433 15595100 0 0 8 0 0 0 23518 0 74122 
0 11434 15595101 0 0 8 0 0 0 23526 0 74130 
0 11435 15595102 0 0 8 0 0 0 23534 0 74138 
0 11436 15595103 0 0 8 0 0 0 23542 0 74146 
0 11437 15595121 0 0 4 0 0 0 23550 0 74154 
0 11438 15595123 0 0 6 0 0 0 23554 0 74158 
0 11439 15595124 0 0 6 0 0 0 23560 0 74164 
0 11440 15595125 0 0 8 0 0 0 23566 0 74170 
0 11441 15595127 0 0 6 0 0 0 23574 0 74178 
0 11442 15595129 0 0 4 0 0 0 23501 0 74184 
0 11443 15595131 0 0 6 0 0 0 23588 0 74188 
0 11444 15595132 0 0 6 0 0 0 23594 0 74194 
0 11445 15595133 0 0 8 0 0 0 23600 0 74200 
0 11446 15595135 0 0 6 0 0 0 23608 0 74208 
0 11447 15595154 0 0 7 0 0 0 23614 0 74214 
0 11448 15595155 0 0 7 0 0 0 23621 0 74221 
0 11449 15595158 0 0 7 0 0 0 23628 0 74228 
0 11450 15595159 0 0 7 0 0 0 23635 0 74235 
0 11451 15595162 0 0 8 0 0 0 23642 0 74242 
0 11452 15595163 0 0 8 0 0 0 23650 0 74250 
0 11453 15595164 0 0 5 0 0 0 23658 0 74258 
0 11454 15595165 0 0 8 0 0 0 23409 0 74263 
0 11455 15595166 0 0 8 0 0 0 23331 0 74271 
0 11456 15595167 0 0 8 0 0 0 23339 0 74279 
0 11457 15595169 0 0 4 0 0 0 23347 0 74287 
0 11458 15595171 0 0 5 0 0 0 23351 0 74291 
0 11459 15595173 0 0 8 0 0 0 23356 0 74296 
0 11460 15595175 0 0 5 0 0 0 23364 0 74304 
0 11461 15595177 0 0 8 0 0 0 23369 0 74309 
0 11462 15595178 0 0 8 0 0 0 23377 0 74317 
0 11463 15595179 0 0 8 0 0 0 23385 0 74325 
0 11464 15595180 0 0 8 0 0 0 23393 0 74333 
0 11465 15595181 0 0 8 0 0 0 23401 0 74341 
0 11466 15595182 0 0 8 0 0 0 23323 0 74349 
0 11467 15595183 0 0 8 0 0 0 23417 0 74357 
0 11468 15595185 0 0 4 0 0 0 23425 0 74365 
0 11469 15595186 0 0 8 0 0 0 23429 0 74369 
0 11470 15595187 0 0 8 0 0 0 23437 0 74377 
0 11471 15595188 0 0 8 0 0 0 23445 0 74385 
0 11472 15595189 0 0 8 0 0 0 23453 0 74393 
0 11473 15595190 0 0 8 0 0 0 23461 0 74401 
0 11474 15595191 0 0 8 0 0 0 23469 0 74409 
0 11475 15595193 0 0 8 0 0 0 23477 0 74417 
0 11476 15595194 0 0 8 0 0 0 23485 0 74425 
0 11477 15595195 0 0 8 0 0 0 23493 0 74433 
0 11478 15595196 0 0 8 0 0 0 22946 0 74441 
0 11479 15595197 0 0 8 0 0 0 22539 0 74449 
0 11480 15595198 0 0 8 0 0 0 22547 0 74457 
0 11481 15595199 0 0 8 0 0 0 22555 0 74465 
0 11482 15595226 0 0 7 0 0 0 22563 0 74473 
0 11483 15595227 0 0 7 0 0 0 22570 0 74480 
0 11484 15595228 0 0 7 0 0 0 22577 0 74487 
0 11485 15595229 0 0 7 0 0 0 22584 0 74494 
0 11486 15595230 0 0 7 0 0 0 22591 0 74501 
0 11487 15595231 0 0 7 0 0 0 22598 0 74508 
0 11488 15595241 0 0 8 0 0 0 22605 0 74515 
0 11489 15595243 0 0 5 0 0 0 22613 0 74523 
0 11490 15595244 0 0 5 0 0 0 22534 0 74528 
0 11491 15595245 0 0 8 0 0 0 22623 0 74533 
0 11492 15595247 0 0 5 0 0 0 22631 0 74541 
0 11493 15595249 0 0 8 0 0 0 22636 0 74546 
0 11494 15595250 0 0 8 0 0 0 22644 0 74554 
0 11495 15595251 0 0 8 0 0 0 22652 0 74562 
0 11496 15595252 0 0 8 0 0 0 22660 0 74570 
0 11497 15595253 0 0 8 0 0 0 22668 0 74578 
0 11498 15595254 0 0 8 0 0 0 22676 0 74586 
0 11499 15595255 0 0 8 0 0 0 22684 0 74594 
0 11500 15595256 0 0 8 0 0 0 22692 0 74602 
0 11501 15595257 0 0 8 0 0 0 22700 0 74610 
0 11502 15595258 0 0 8 0 0 0 22461 0 74618 
0 11503 15595259 0 0 8 0 0 0 22383 0 74626 
0 11504 15595260 0 0 8 0 0 0 22391 0 74634 
0 11505 15595261 0 0 8 0 0 0 22399 0 74642 
0 11506 15595262 0 0 8 0 0 0 22407 0 74650 
0 11507 15595263 0 0 8 0 0 0 22415 0 74658 
0 11508 15595440 0 0 3 0 0 0 22423 0 74666 
0 11509 15595441 0 0 7 0 0 0 22426 0 74669 
0 11510 15595443 0 0 5 0 0 0 22433 0 74676 
0 11511 15595444 0 0 5 0 0 0 22438 0 74681 
0 11512 15595445 0 0 7 0 0 0 22443 0 74686 
0 11513 15595447 0 0 5 0 0 0 22450 0 74693 
0 11514 15595448 0 0 6 0 0 0 22455 0 74698 
0 11515 15595449 0 0 8 0 0 0 22375 0 74704 
0 11516 15595451 0 0 6 0 0 0 22469 0 74712 
0 11517 15595452 0 0 6 0 0 0 22475 0 74718 
0 11518 15595453 0 0 8 0 0 0 22481 0 74724 
0 11519 15595455 0 0 6 0 0 0 22489 0 74732 
0 11520 15595512 0 0 5 0 0 0 22495 0 74738 
0 11521 15595513 0 0 7 0 0 0 22500 0 74743 
0 11522 15595515 0 0 5 0 0 0 22507 0 74750 
0 11523 15595516 0 0 5 0 0 0 22512 0 74755 
0 11524 15595517 0 0 7 0 0 0 22517 0 74760 
0 11525 15595519 0 0 5 0 0 0 22524 0 74767 
0 11526 15596792 0 0 5 0 0 0 22529 0 74772 
0 11527 15596793 0 0 5 0 0 0 22618 0 74777 
0 11528 15596794 0 0 6 0 0 0 22882 0 74782 
0 11529 15596795 0 0 6 0 0 0 22888 0 74788 
0 11530 15596798 0 0 5 0 0 0 22894 0 74794 
0 11531 15596799 0 0 5 0 0 0 22899 0 74799 
0 11532 15596920 0 0 5 0 0 0 22904 0 74804 
0 11533 15596921 0 0 8 0 0 0 22909 0 74809 
0 11534 15596923 0 0 5 0 0 0 22917 0 74817 
0 11535 15596924 0 0 5 0 0 0 22922 0 74822 
0 11536 15596925 0 0 8 0 0 0 22927 0 74827 
0 11537 15596927 0 0 5 0 0 0 22935 0 74835 
0 11538 15597048 0 0 6 0 0 0 22940 0 74840 
0 11539 15597049 0 0 6 0 0 0 22876 0 74846 
0 11540 15597050 0 0 7 0 0 0 22954 0 74852 
0 11541 15597051 0 0 7 0 0 0 22961 0 74859 
0 11542 15597054 0 0 6 0 0 0 22968 0 74866 
0 11543 15597055 0 0 6 0 0 0 22974 0 74872 
0 11544 15597063 0 0 6 0 0 0 22980 0 74878 
0 11545 15597070 0 0 4 0 0 0 22986 0 74884 
0 11546 15597071 0 0 8 0 0 0 22990 0 74888 
0 11547 15597086 0 0 7 0 0 0 22998 0 74896 
0 11548 15597087 0 0 7 0 0 0 23005 0 74903 
0 11549 15597095 0 0 7 0 0 0 23012 0 74910 
0 11550 15597101 0 0 4 0 0 0 23019 0 74917 
0 11551 15597102 0 0 4 0 0 0 22784 0 74921 
0 11552 15597103 0 0 8 0 0 0 22713 0 74925 
0 11553 15597115 0 0 4 0 0 0 22721 0 74933 
0 11554 15597118 0 0 7 0 0 0 22725 0 74937 
0 11555 15597119 0 0 7 0 0 0 22732 0 74944 
0 11556 15597132 0 0 7 0 0 0 22739 0 74951 
0 11557 15597133 0 0 7 0 0 0 22746 0 74958 
0 11558 15597134 0 0 7 0 0 0 22753 0 74965 
0 11559 15597135 0 0 7 0 0 0 22760 0 74972 
0 11560 15597139 0 0 5 0 0 0 22767 0 74979 
0 11561 15597142 0 0 6 0 0 0 22772 0 74984 
0 11562 15597143 0 0 6 0 0 0 22778 0 74990 
0 11563 15597147 0 0 5 0 0 0 22708 0 74996 
0 11564 15597148 0 0 8 0 0 0 22788 0 75001 
0 11565 15597149 0 0 8 0 0 0 22796 0 75009 
0 11566 15597150 0 0 8 0 0 0 22804 0 75017 
0 11567 15597151 0 0 8 0 0 0 22812 0 75025 
0 11568 15597155 0 0 8 0 0 0 22820 0 75033 
0 11569 15597156 0 0 8 0 0 0 22828 0 75041 
0 11570 15597157 0 0 8 0 0 0 22836 0 75049 
0 11571 15597158 0 0 8 0 0 0 22844 0 75057 
0 11572 15597159 0 0 8 0 0 0 22852 0 75065 
0 11573 15597163 0 0 8 0 0 0 22860 0 75073 
0 11574 15597164 0 0 8 0 0 0 22868 0 75081 
0 11575 15597165 0 0 8 0 0 0 26297 0 75089 
0 11576 15597166 0 0 8 0 0 0 28996 0 75097 
0 11577 15597167 0 0 8 0 0 0 29004 0 75105 
0 11578 15597169 0 0 4 0 0 0 29012 0 75113 
0 11579 15597170 0 0 8 0 0 0 29016 0 75117 
0 11580 15597171 0 0 8 0 0 0 29024 0 75125 
0 11581 15597172 0 0 8 0 0 0 29032 0 75133 
0 11582 15597173 0 0 8 0 0 0 29040 0 75141 
0 11583 15597174 0 0 8 0 0 0 29048 0 75149 
0 11584 15597175 0 0 8 0 0 0 29056 0 75157 
0 11585 15597177 0 0 4 0 0 0 29064 0 75165 
0 11586 15597178 0 0 8 0 0 0 29068 0 75169 
0 11587 15597179 0 0 8 0 0 0 28988 0 75177 
0 11588 15597180 0 0 8 0 0 0 29084 0 75185 
0 11589 15597181 0 0 8 0 0 0 29092 0 75193 
0 11590 15597182 0 0 8 0 0 0 29100 0 75201 
0 11591 15597183 0 0 8 0 0 0 29108 0 75209 
0 11592 15597274 0 0 7 0 0 0 29116 0 75217 
0 11593 15597275 0 0 7 0 0 0 29123 0 75224 
0 11594 15597278 0 0 6 0 0 0 29130 0 75231 
0 11595 15597279 0 0 6 0 0 0 29136 0 75237 
0 11596 15597281 0 0 7 0 0 0 29142 0 75243 
0 11597 15597282 0 0 8 0 0 0 29149 0 75250 
0 11598 15597283 0 0 8 0 0 0 29157 0 75258 
0 11599 15597286 0 0 7 0 0 0 28902 0 75266 
0 11600 15597287 0 0 7 0 0 0 28817 0 75273 
0 11601 15597288 0 0 8 0 0 0 28824 0 75280 
0 11602 15597289 0 0 8 0 0 0 28832 0 75288 
0 11603 15597290 0 0 8 0 0 0 28840 0 75296 
0 11604 15597291 0 0 8 0 0 0 28848 0 75304 
0 11605 15597292 0 0 8 0 0 0 28856 0 75312 
0 11606 15597293 0 0 8 0 0 0 28864 0 75320 
0 11607 15597294 0 0 8 0 0 0 28872 0 75328 
0 11608 15597295 0 0 8 0 0 0 28880 0 75336 
0 11609 15597304 0 0 7 0 0 0 28888 0 75344 
0 11610 15597305 0 0 7 0 0 0 28895 0 75351 
0 11611 15597306 0 0 8 0 0 0 28809 0 75358 
0 11612 15597307 0 0 8 0 0 0 28909 0 75366 
0 11613 15597310 0 0 7 0 0 0 28917 0 75374 
0 11614 15597311 0 0 7 0 0 0 28924 0 75381 
0 11615 15597345 0 0 6 0 0 0 28931 0 75388 
0 11616 15597347 0 0 7 0 0 0 28937 0 75394 
0 11617 15597350 0 0 6 0 0 0 28944 0 75401 
0 11618 15597351 0 0 6 0 0 0 28950 0 75407 
0 11619 15597353 0 0 8 0 0 0 28956 0 75413 
0 11620 15597355 0 0 8 0 0 0 28964 0 75421 
0 11621 15597356 0 0 8 0 0 0 28972 0 75429 
0 11622 15597357 0 0 8 0 0 0 28980 0 75437 
0 11623 15597358 0 0 8 0 0 0 29076 0 75445 
0 11624 15597359 0 0 8 0 0 0 29309 0 75453 
0 11625 15597368 0 0 7 0 0 0 29317 0 75461 
0 11626 15597369 0 0 7 0 0 0 29324 0 75468 
0 11627 15597370 0 0 8 0 0 0 29331 0 75475 
0 11628 15597371 0 0 8 0 0 0 29339 0 75483 
0 11629 15597374 0 0 7 0 0 0 29347 0 75491 
0 11630 15597375 0 0 7 0 0 0 29354 0 75498 
0 11631 15597416 0 0 4 0 0 0 29361 0 75505 
0 11632 15597417 0 0 7 0 0 0 29365 0 75509 
0 11633 15597418 0 0 7 0 0 0 29372 0 75516 
0 11634 15597419 0 0 7 0 0 0 29379 0 75523 
0 11635 15597420 0 0 7 0 0 0 29302 0 75530 
0 11636 15597421 0 0 7 0 0 0 29391 0 75537 
0 11637 15597422 0 0 7 0 0 0 29398 0 75544 
0 11638 15597423 0 0 7 0 0 0 29405 0 75551 
0 11639 15597424 0 0 6 0 0 0 29412 0 75558 
0 11640 15597425 0 0 6 0 0 0 29418 0 75564 
0 11641 15597426 0 0 8 0 0 0 29424 0 75570 
0 11642 15597427 0 0 8 0 0 0 29432 0 75578 
0 11643 15597430 0 0 6 0 0 0 29440 0 75586 
0 11644 15597431 0 0 6 0 0 0 29446 0 75592 
0 11645 15597432 0 0 8 0 0 0 29452 0 75598 
0 11646 15597433 0 0 8 0 0 0 29460 0 75606 
0 11647 15597434 0 0 8 0 0 0 29246 0 75614 
0 11648 15597435 0 0 8 0 0 0 29168 0 75622 
0 11649 15597436 0 0 8 0 0 0 29176 0 75630 
0 11650 15597437 0 0 8 0 0 0 29184 0 75638 
0 11651 15597438 0 0 8 0 0 0 29192 0 75646 
0 11652 15597439 0 0 8 0 0 0 29200 0 75654 
0 11653 15597560 0 0 6 0 0 0 29208 0 75662 
0 11654 15597561 0 0 6 0 0 0 29214 0 75668 
0 11655 15597562 0 0 7 0 0 0 29220 0 75674 
0 11656 15597563 0 0 7 0 0 0 29227 0 75681 
0 11657 15597566 0 0 6 0 0 0 29234 0 75688 
0 11658 15597567 0 0 6 0 0 0 29240 0 75694 
0 11659 15728120 0 0 3 0 0 0 29165 0 75700 
0 11660 15728121 0 0 4 0 0 0 29254 0 75703 
0 11661 15728123 0 0 4 0 0 0 29258 0 75707 
0 11662 15728127 0 0 3 0 0 0 29262 0 75711 
0 11663 15728135 0 0 4 0 0 0 29265 0 75714 
0 11664 15728143 0 0 6 0 0 0 29269 0 75718 
0 11665 15728158 0 0 3 0 0 0 29275 0 75724 
0 11666 15728159 0 0 6 0 0 0 29278 0 75727 
0 11667 15728187 0 0 3 0 0 0 29284 0 75733 
0 11668 15728191 0 0 5 0 0 0 29287 0 75736 
0 11669 15728203 0 0 5 0 0 0 29292 0 75741 
0 11670 15728204 0 0 5 0 0 0 29297 0 75746 
0 11671 15728205 0 0 6 0 0 0 28760 0 75751 
0 11672 15728207 0 0 5 0 0 0 28441 0 75757 
0 11673 15728210 0 0 7 0 0 0 28446 0 75762 
0 11674 15728211 0 0 7 0 0 0 28453 0 75769 
0 11675 15728214 0 0 5 0 0 0 28460 0 75776 
0 11676 15728215 0 0 5 0 0 0 28465 0 75781 
0 11677 15728218 0 0 7 0 0 0 28470 0 75786 
0 11678 15728219 0 0 7 0 0 0 28477 0 75793 
0 11679 15728220 0 0 7 0 0 0 28484 0 75800 
0 11680 15728221 0 0 7 0 0 0 28491 0 75807 
0 11681 15728222 0 0 7 0 0 0 28498 0 75814 
0 11682 15728223 0 0 7 0 0 0 28505 0 75821 
0 11683 15728240 0 0 6 0 0 0 28435 0 75828 
0 11684 15728241 0 0 7 0 0 0 28516 0 75834 
0 11685 15728243 0 0 6 0 0 0 28523 0 75841 
0 11686 15728244 0 0 6 0 0 0 28529 0 75847 
0 11687 15728245 0 0 7 0 0 0 28535 0 75853 
0 11688 15728247 0 0 6 0 0 0 28542 0 75860 
0 11689 15728248 0 0 6 0 0 0 28548 0 75866 
0 11690 15728249 0 0 7 0 0 0 28554 0 75872 
0 11691 15728251 0 0 6 0 0 0 28561 0 75879 
0 11692 15728252 0 0 6 0 0 0 28567 0 75885 
0 11693 15728253 0 0 7 0 0 0 28573 0 75891 
0 11694 15728255 0 0 6 0 0 0 28580 0 75898 
0 11695 15728344 0 0 3 0 0 0 28381 0 75904 
0 11696 15728345 0 0 5 0 0 0 28314 0 75907 
0 11697 15728346 0 0 6 0 0 0 28319 0 75912 
0 11698 15728347 0 0 6 0 0 0 28325 0 75918 
0 11699 15728350 0 0 5 0 0 0 28331 0 75924 
0 11700 15728351 0 0 5 0 0 0 28336 0 75929 
0 11701 15728360 0 0 5 0 0 0 28341 0 75934 
0 11702 15728361 0 0 7 0 0 0 28346 0 75939 
0 11703 15728363 0 0 5 0 0 0 28353 0 75946 
0 11704 15728364 0 0 5 0 0 0 28358 0 75951 
0 11705 15728365 0 0 7 0 0 0 28363 0 75956 
0 11706 15728367 0 0 5 0 0 0 28370 0 75963 
0 11707 15728376 0 0 6 0 0 0 28375 0 75968 
0 11708 15728377 0 0 6 0 0 0 28308 0 75974 
0 11709 15728378 0 0 7 0 0 0 28384 0 75980 
0 11710 15728379 0 0 7 0 0 0 28391 0 75987 
0 11711 15728382 0 0 6 0 0 0 28398 0 75994 
0 11712 15728383 0 0 6 0 0 0 28404 0 76000 
0 11713 15728632 0 0 4 0 0 0 28410 0 76006 
0 11714 15728633 0 0 5 0 0 0 28414 0 76010 
0 11715 15728635 0 0 5 0 0 0 28419 0 76015 
0 11716 15728639 0 0 4 0 0 0 28424 0 76020 
0 11717 16540167 0 0 1 0 0 0 28428 0 76024 
0 11718 16540175 0 0 2 0 0 0 28429 0 76025 
0 11719 16540191 0 0 4 0 0 0 28431 0 76027 
0 11720 16540223 0 0 4 0 0 0 28512 0 76031 
0 11721 16540247 0 0 2 0 0 0 28718 0 76035 
0 11722 16540255 0 0 3 0 0 0 28720 0 76037 
0 11723 16540279 0 0 6 0 0 0 28723 0 76040 
0 11724 16540287 0 0 6 0 0 0 28729 0 76046 
0 11725 16540383 0 0 2 0 0 0 28735 0 76052 
0 11726 16540399 0 0 5 0 0 0 28737 0 76054 
0 11727 16540415 0 0 6 0 0 0 28742 0 76059 
0 11728 16540671 0 0 4 0 0 0 28748 0 76065 
0 11729 16541303 0 0 3 0 0 0 28752 0 76069 
0 11730 16541311 0 0 3 0 0 0 28755 0 76072 
0 11731 16541351 0 0 2 0 0 0 28758 0 76075 
0 11732 16541359 0 0 4 0 0 0 28714 0 76077 
0 11733 16541375 0 0 6 0 0 0 28766 0 76081 
0 11734 16541431 0 0 4 0 0 0 28772 0 76087 
0 11735 16541439 0 0 4 0 0 0 28776 0 76091 
0 11736 16541623 0 0 3 0 0 0 28780 0 76095 
0 11737 16541631 0 0 7 0 0 0 28783 0 76098 
0 11738 16541695 0 0 6 0 0 0 28790 0 76105 
0 11739 16543607 0 0 2 0 0 0 28796 0 76111 
0 11740 16543615 0 0 3 0 0 0 28798 0 76113 
0 11741 16543743 0 0 3 0 0 0 28801 0 76116 
0 11742 16547839 0 0 2 0 0 0 28804 0 76119 
0 11743 16574031 0 0 3 0 0 0 28806 0 76121 
0 11744 16574038 0 0 5 0 0 0 28642 0 76124 
0 11745 16574039 0 0 5 0 0 0 28591 0 76129 
0 11746 16574046 0 0 5 0 0 0 28596 0 76134 
0 11747 16574047 0 0 5 0 0 0 28601 0 76139 
0 11748 16574069 0 0 4 0 0 0 28606 0 76144 
0 11749 16574071 0 0 5 0 0 0 28610 0 76148 
0 11750 16574077 0 0 4 0 0 0 28615 0 76153 
0 11751 16574079 0 0 5 0 0 0 28619 0 76157 
0 11752 16574102 0 0 3 0 0 0 28624 0 76162 
0 11753 16574103 0 0 3 0 0 0 28627 0 76165 
0 11754 16574110 0 0 6 0 0 0 28630 0 76168 
0 11755 16574111 0 0 6 0 0 0 28636 0 76174 
0 11756 16574119 0 0 5 0 0 0 28586 0 76180 
0 11757 16574126 0 0 7 0 0 0 28647 0 76185 
0 11758 16574127 0 0 7 0 0 0 28654 0 76192 
0 11759 16574134 0 0 7 0 0 0 28661 0 76199 
0 11760 16574135 0 0 7 0 0 0 28668 0 76206 
0 11761 16574142 0 0 7 0 0 0 28675 0 76213 
0 11762 16574143 0 0 7 0 0 0 28682 0 76220 
0 11763 16574174 0 0 5 0 0 0 28689 0 76227 
0 11764 16574175 0 0 5 0 0 0 28694 0 76232 
0 11765 16574188 0 0 3 0 0 0 28699 0 76237 
0 11766 16574189 0 0 7 0 0 0 28702 0 76240 
0 11767 16574191 0 0 5 0 0 0 28709 0 76247 
0 11768 16574197 0 0 5 0 0 0 29386 0 76252 
0 11769 16574198 0 0 7 0 0 0 30093 0 76257 
0 11770 16574199 0 0 7 0 0 0 30100 0 76264 
0 11771 16574205 0 0 5 0 0 0 30107 0 76271 
0 11772 16574206 0 0 7 0 0 0 30112 0 76276 
0 11773 16574207 0 0 7 0 0 0 30119 0 76283 
0 11774 16574387 0 0 5 0 0 0 30126 0 76290 
0 11775 16574388 0 0 3 0 0 0 30131 0 76295 
0 11776 16574389 0 0 6 0 0 0 30134 0 76298 
0 11777 16574391 0 0 5 0 0 0 30140 0 76304 
0 11778 16574395 0 0 6 0 0 0 30145 0 76309 
0 11779 16574396 0 0 6 0 0 0 30151 0 76315 
0 11780 16574397 0 0 7 0 0 0 30086 0 76321 
0 11781 16574399 0 0 6 0 0 0 30164 0 76328 
0 11782 16574459 0 0 5 0 0 0 30170 0 76334 
0 11783 16574460 0 0 5 0 0 0 30175 0 76339 
0 11784 16574461 0 0 6 0 0 0 30180 0 76344 
0 11785 16574463 0 0 5 0 0 0 30186 0 76350 
0 11786 16575198 0 0 4 0 0 0 30191 0 76355 
0 11787 16575199 0 0 4 0 0 0 30195 0 76359 
0 11788 16575206 0 0 6 0 0 0 30199 0 76363 
0 11789 16575207 0 0 6 0 0 0 30205 0 76369 
0 11790 16575214 0 0 8 0 0 0 30211 0 76375 
0 11791 16575215 0 0 8 0 0 0 30219 0 76383 
0 11792 16575230 0 0 6 0 0 0 30010 0 76391 
0 11793 16575231 0 0 6 0 0 0 29942 0 76397 
0 11794 16575291 0 0 6 0 0 0 29948 0 76403 
0 11795 16575295 0 0 4 0 0 0 29954 0 76409 
0 11796 16575340 0 0 5 0 0 0 29958 0 76413 
0 11797 16575341 0 0 7 0 0 0 29963 0 76418 
0 11798 16575342 0 0 7 0 0 0 29970 0 76425 
0 11799 16575343 0 0 7 0 0 0 29977 0 76432 
0 11800 16575347 0 0 8 0 0 0 29984 0 76439 
0 11801 16575350 0 0 5 0 0 0 29992 0 76447 
0 11802 16575351 0 0 5 0 0 0 29997 0 76452 
0 11803 16575355 0 0 8 0 0 0 30002 0 76457 
0 11804 16575356 0 0 8 0 0 0 29934 0 76465 
0 11805 16575357 0 0 8 0 0 0 30016 0 76473 
0 11806 16575358 0 0 8 0 0 0 30024 0 76481 
0 11807 16575359 0 0 8 0 0 0 30032 0 76489 
0 11808 16575482 0 0 7 0 0 0 30040 0 76497 
0 11809 16575483 0 0 7 0 0 0 30047 0 76504 
0 11810 16575486 0 0 5 0 0 0 30054 0 76511 
0 11811 16575487 0 0 5 0 0 0 30059 0 76516 
0 11812 16576222 0 0 5 0 0 0 30064 0 76521 
0 11813 16576223 0 0 5 0 0 0 30069 0 76526 
0 11814 16576236 0 0 5 0 0 0 30074 0 76531 
0 11815 16576237 0 0 7 0 0 0 30079 0 76536 
0 11816 16576238 0 0 7 0 0 0 30157 0 76543 
0 11817 16576239 0 0 7 0 0 0 30391 0 76550 
0 11818 16576245 0 0 5 0 0 0 30398 0 76557 
0 11819 16576246 0 0 7 0 0 0 30403 0 76562 
0 11820 16576247 0 0 7 0 0 0 30410 0 76569 
0 11821 16576253 0 0 5 0 0 0 30417 0 76576 
0 11822 16576254 0 0 7 0 0 0 30422 0 76581 
0 11823 16576255 0 0 7 0 0 0 30429 0 76588 
0 11824 16576371 0 0 6 0 0 0 30436 0 76595 
0 11825 16576372 0 0 6 0 0 0 30442 0 76601 
0 11826 16576373 0 0 8 0 0 0 30448 0 76607 
0 11827 16576375 0 0 6 0 0 0 30456 0 76615 
0 11828 16576379 0 0 6 0 0 0 30385 0 76621 
0 11829 16576380 0 0 6 0 0 0 30468 0 76627 
0 11830 16576381 0 0 8 0 0 0 30474 0 76633 
0 11831 16576383 0 0 6 0 0 0 30482 0 76641 
0 11832 16576434 0 0 7 0 0 0 30488 0 76647 
0 11833 16576435 0 0 7 0 0 0 30495 0 76654 
0 11834 16576436 0 0 4 0 0 0 30502 0 76661 
0 11835 16576437 0 0 7 0 0 0 30506 0 76665 
0 11836 16576438 0 0 7 0 0 0 30513 0 76672 
0 11837 16576439 0 0 7 0 0 0 30520 0 76679 
0 11838 16576442 0 0 8 0 0 0 30527 0 76686 
0 11839 16576443 0 0 8 0 0 0 30535 0 76694 
0 11840 16576444 0 0 8 0 0 0 30308 0 76702 
0 11841 16576445 0 0 8 0 0 0 30233 0 76710 
0 11842 16576446 0 0 8 0 0 0 30241 0 76718 
0 11843 16576447 0 0 8 0 0 0 30249 0 76726 
0 11844 16576506 0 0 7 0 0 0 30257 0 76734 
0 11845 16576507 0 0 7 0 0 0 30264 0 76741 
0 11846 16576508 0 0 7 0 0 0 30271 0 76748 
0 11847 16576509 0 0 7 0 0 0 30278 0 76755 
0 11848 16576510 0 0 7 0 0 0 30285 0 76762 
0 11849 16576511 0 0 7 0 0 0 30292 0 76769 
0 11850 16579505 0 0 4 0 0 0 30299 0 76776 
0 11851 16579507 0 0 5 0 0 0 30303 0 76780 
0 11852 16579509 0 0 6 0 0 0 30227 0 76785 
0 11853 16579511 0 0 5 0 0 0 30316 0 76791 
0 11854 16579513 0 0 7 0 0 0 30321 0 76796 
0 11855 16579515 0 0 6 0 0 0 30328 0 76803 
0 11856 16579516 0 0 6 0 0 0 30334 0 76809 
0 11857 16579517 0 0 7 0 0 0 30340 0 76815 
0 11858 16579519 0 0 6 0 0 0 30347 0 76822 
0 11859 16579576 0 0 6 0 0 0 30353 0 76828 
0 11860 16579577 0 0 7 0 0 0 30359 0 76834 
0 11861 16579579 0 0 6 0 0 0 30366 0 76841 
0 11862 16579580 0 0 6 0 0 0 30372 0 76847 
0 11863 16579581 0 0 7 0 0 0 30378 0 76853 
0 11864 16579583 0 0 6 0 0 0 29890 0 76860 
0 11865 16580600 0 0 5 0 0 0 29609 0 76866 
0 11866 16580601 0 0 6 0 0 0 29614 0 76871 
0 11867 16580603 0 0 5 0 0 0 29620 0 76877 
0 11868 16580604 0 0 5 0 0 0 29625 0 76882 
0 11869 16580605 0 0 6 0 0 0 29630 0 76887 
0 11870 16580607 0 0 5 0 0 0 29636 0 76893 
0 11871 16641758 0 0 3 0 0 0 29641 0 76898 
0 11872 16641759 0 0 3 0 0 0 29644 0 76901 
0 11873 16641771 0 0 4 0 0 0 29647 0 76904 
0 11874 16641772 0 0 4 0 0 0 29651 0 76908 
0 11875 16641773 0 0 6 0 0 0 29655 0 76912 
0 11876 16641774 0 0 6 0 0 0 29603 0 76918 
0 11877 16641775 0 0 6 0 0 0 29666 0 76924 
0 11878 16641787 0 0 4 0 0 0 29672 0 76930 
0 11879 16641790 0 0 5 0 0 0 29676 0 76934 
0 11880 16641791 0 0 5 0 0 0 29681 0 76939 
0 11881 16641899 0 0 4 0 0 0 29686 0 76944 
0 11882 16641900 0 0 4 0 0 0 29690 0 76948 
0 11883 16641901 0 0 6 0 0 0 29694 0 76952 
0 11884 16641903 0 0 4 0 0 0 29700 0 76958 
0 11885 16641905 0 0 3 0 0 0 29704 0 76962 
0 11886 16641906 0 0 7 0 0 0 29707 0 76965 
0 11887 16641907 0 0 7 0 0 0 29714 0 76972 
0 11888 16641910 0 0 5 0 0 0 29539 0 76979 
0 11889 16641911 0 0 5 0 0 0 29473 0 76984 
0 11890 16641913 0 0 4 0 0 0 29478 0 76989 
0 11891 16641914 0 0 7 0 0 0 29482 0 76993 
0 11892 16641915 0 0 7 0 0 0 29489 0 77000 
0 11893 16641916 0 0 7 0 0 0 29496 0 77007 
0 11894 16641917 0 0 7 0 0 0 29503 0 77014 
0 11895 16641918 0 0 7 0 0 0 29510 0 77021 
0 11896 16641919 0 0 7 0 0 0 29517 0 77028 
0 11897 16642041 0 0 3 0 0 0 29524 0 77035 
0 11898 16642042 0 0 6 0 0 0 29527 0 77038 
0 11899 16642043 0 0 6 0 0 0 29533 0 77044 
0 11900 16642046 0 0 5 0 0 0 29468 0 77050 
0 11901 16642047 0 0 5 0 0 0 29544 0 77055 
0 11902 16644024 0 0 4 0 0 0 29549 0 77060 
0 11903 16644025 0 0 6 0 0 0 29553 0 77064 
0 11904 16644027 0 0 6 0 0 0 29559 0 77070 
0 11905 16644031 0 0 4 0 0 0 29565 0 77076 
0 11906 16644088 0 0 5 0 0 0 29569 0 77080 
0 11907 16644089 0 0 7 0 0 0 29574 0 77085 
0 11908 16644091 0 0 5 0 0 0 29581 0 77092 
0 11909 16644092 0 0 5 0 0 0 29586 0 77097 
0 11910 16644093 0 0 7 0 0 0 29591 0 77102 
0 11911 16644095 0 0 5 0 0 0 29598 0 77109 
0 11912 16646136 0 0 5 0 0 0 29661 0 77114 
0 11913 16646137 0 0 5 0 0 0 29845 0 77119 
0 11914 16646138 0 0 6 0 0 0 29850 0 77124 
0 11915 16646139 0 0 6 0 0 0 29856 0 77130 
0 11916 16646142 0 0 5 0 0 0 29862 0 77136 
0 11917 16646143 0 0 5 0 0 0 29867 0 77141 
0 11918 16777208 0 0 3 0 0 0 29872 0 77146 
0 11919 16777209 0 0 4 0 0 0 29875 0 77149 
0 11920 16777211 0 0 4 0 0 0 29879 0 77153 
0 11921 16777215 0 0 3 0 0 0 29883 0 77157 
0 11922 31965120 0 0 1 0 0 0 29886 0 77160 
0 11923 31965121 0 0 3 0 0 0 29887 0 77161 
0 11924 31965123 0 0 4 0 0 0 29841 0 77164 
0 11925 31965127 0 0 3 0 0 0 29896 0 77168 
0 11926 31965131 0 0 3 0 0 0 29899 0 77171 
0 11927 31965132 0 0 2 0 0 0 29902 0 77174 
0 11928 31965133 0 0 3 0 0 0 29904 0 77176 
0 11929 31965135 0 0 4 0 0 0 29907 0 77179 
0 11930 31965150 0 0 2 0 0 0 29911 0 77183 
0 11931 31965151 0 0 3 0 0 0 29913 0 77185 
0 11932 31965183 0 0 2 0 0 0 29916 0 77188 
0 11933 31972824 0 0 5 0 0 0 29918 0 77190 
0 11934 31972825 0 0 5 0 0 0 29923 0 77195 
0 11935 31972826 0 0 6 0 0 0 29928 0 77200 
0 11936 31972827 0 0 6 0 0 0 29781 0 77206 
0 11937 31972830 0 0 5 0 0 0 29728 0 77212 
0 11938 31972831 0 0 5 0 0 0 29733 0 77217 
0 11939 31972856 0 0 4 0 0 0 29738 0 77222 
0 11940 31972857 0 0 5 0 0 0 29742 0 77226 
0 11941 31972859 0 0 5 0 0 0 29747 0 77231 
0 11942 31972863 0 0 4 0 0 0 29752 0 77236 
0 11943 31973066 0 0 5 0 0 0 29756 0 77240 
0 11944 31973067 0 0 5 0 0 0 29761 0 77245 
0 11945 31973068 0 0 4 0 0 0 29766 0 77250 
0 11946 31973069 0 0 4 0 0 0 29770 0 77254 
0 11947 31973070 0 0 7 0 0 0 29774 0 77258 
0 11948 31973071 0 0 7 0 0 0 29721 0 77265 
0 11949 31973086 0 0 4 0 0 0 29787 0 77272 
0 11950 31973087 0 0 4 0 0 0 29791 0 77276 
0 11951 31973088 0 0 2 0 0 0 29795 0 77280 
0 11952 31973089 0 0 4 0 0 0 29797 0 77282 
0 11953 31973090 0 0 7 0 0 0 29801 0 77286 
0 11954 31973091 0 0 7 0 0 0 29808 0 77293 
0 11955 31973094 0 0 6 0 0 0 29815 0 77300 
0 11956 31973095 0 0 6 0 0 0 29821 0 77306 
0 11957 31973098 0 0 5 0 0 0 29827 0 77312 
0 11958 31973099 0 0 5 0 0 0 29832 0 77317 
0 11959 31973100 0 0 4 0 0 0 29837 0 77322 
0 11960 31973101 0 0 4 0 0 0 28250 0 77326 
0 11961 31973102 0 0 7 0 0 0 27025 0 77330 
0 11962 31973103 0 0 7 0 0 0 27032 0 77337 
0 11963 31973118 0 0 4 0 0 0 27039 0 77344 
0 11964 31973119 0 0 4 0 0 0 27043 0 77348 
0 11965 31973320 0 0 3 0 0 0 27047 0 77352 
0 11966 31973321 0 0 7 0 0 0 27050 0 77355 
0 11967 31973323 0 0 6 0 0 0 27057 0 77362 
0 11968 31973324 0 0 6 0 0 0 27063 0 77368 
0 11969 31973325 0 0 7 0 0 0 27069 0 77374 
0 11970 31973327 0 0 6 0 0 0 27076 0 77381 
0 11971 31973336 0 0 6 0 0 0 27082 0 77387 
0 11972 31973337 0 0 6 0 0 0 27019 0 77393 
0 11973 31973338 0 0 7 0 0 0 27093 0 77399 
0 11974 31973339 0 0 7 0 0 0 27100 0 77406 
0 11975 31973342 0 0 6 0 0 0 27107 0 77413 
0 11976 31973343 0 0 6 0 0 0 27113 0 77419 
0 11977 31973368 0 0 5 0 0 0 27119 0 77425 
0 11978 31973369 0 0 6 0 0 0 27124 0 77430 
0 11979 31973371 0 0 6 0 0 0 27130 0 77436 
0 11980 31973375 0 0 5 0 0 0 27136 0 77442 
0 11981 31981505 0 0 2 0 0 0 27141 0 77447 
0 11982 31981507 0 0 5 0 0 0 27143 0 77449 
0 11983 31981511 0 0 4 0 0 0 27148 0 77454 
0 11984 31981515 0 0 4 0 0 0 26960 0 77458 
0 11985 31981516 0 0 3 0 0 0 26917 0 77462 
0 11986 31981517 0 0 4 0 0 0 26920 0 77465 
0 11987 31981519 0 0 5 0 0 0 26924 0 77469 
0 11988 31981534 0 0 3 0 0 0 26929 0 77474 
0 11989 31981535 0 0 4 0 0 0 26932 0 77477 
0 11990 31981567 0 0 3 0 0 0 26936 0 77481 
0 11991 32238814 0 0 2 0 0 0 26939 0 77484 
0 11992 32238815 0 0 2 0 0 0 26941 0 77486 
0 11993 32238826 0 0 6 0 0 0 26943 0 77488 
0 11994 32238827 0 0 6 0 0 0 26949 0 77494 
0 11995 32238828 0 0 5 0 0 0 26955 0 77500 
0 11996 32238829 0 0 5 0 0 0 26912 0 77505 
0 11997 32238830 0 0 8 0 0 0 26964 0 77510 
0 11998 32238831 0 0 8 0 0 0 26972 0 77518 
0 11999 32238846 0 0 5 0 0 0 26980 0 77526 
0 12000 32238847 0 0 5 0 0 0 26985 0 77531 
0 12001 32238953 0 0 4 0 0 0 26990 0 77536 
0 12002 32238955 0 0 4 0 0 0 26994 0 77540 
0 12003 32238956 0 0 3 0 0 0 26998 0 77544 
0 12004 32238957 0 0 6 0 0 0 27001 0 77547 
0 12005 32238958 0 0 3 0 0 0 27007 0 77553 
0 12006 32238959 0 0 6 0 0 0 27010 0 77556 
0 12007 32238960 0 0 3 0 0 0 27016 0 77562 
0 12008 32238961 0 0 5 0 0 0 27088 0 77565 
0 12009 32238962 0 0 8 0 0 0 27287 0 77570 
0 12010 32238963 0 0 8 0 0 0 27295 0 77578 
0 12011 32238966 0 0 5 0 0 0 27303 0 77586 
0 12012 32238967 0 0 5 0 0 0 27308 0 77591 
0 12013 32238968 0 0 8 0 0 0 27313 0 77596 
0 12014 32238969 0 0 8 0 0 0 27321 0 77604 
0 12015 32238970 0 0 8 0 0 0 27329 0 77612 
0 12016 32238971 0 0 8 0 0 0 27337 0 77620 
0 12017 32238972 0 0 8 0 0 0 27345 0 77628 
0 12018 32238973 0 0 8 0 0 0 27353 0 77636 
0 12019 32238974 0 0 8 0 0 0 27361 0 77644 
0 12020 32238975 0 0 8 0 0 0 27279 0 77652 
0 12021 32239096 0 0 5 0 0 0 27372 0 77660 
0 12022 32239097 0 0 5 0 0 0 27377 0 77665 
0 12023 32239098 0 0 6 0 0 0 27382 0 77670 
0 12024 32239099 0 0 6 0 0 0 27388 0 77676 
0 12025 32239102 0 0 5 0 0 0 27394 0 77682 
0 12026 32239103 0 0 5 0 0 0 27399 0 77687 
0 12027 32239393 0 0 3 0 0 0 27404 0 77692 
0 12028 32239395 0 0 6 0 0 0 27407 0 77695 
0 12029 32239399 0 0 5 0 0 0 27413 0 77701 
0 12030 32239403 0 0 6 0 0 0 27418 0 77706 
0 12031 32239404 0 0 3 0 0 0 27424 0 77712 
0 12032 32239405 0 0 5 0 0 0 27222 0 77715 
0 12033 32239406 0 0 8 0 0 0 27158 0 77720 
0 12034 32239407 0 0 8 0 0 0 27166 0 77728 
0 12035 32239422 0 0 5 0 0 0 27174 0 77736 
0 12036 32239423 0 0 5 0 0 0 27179 0 77741 
0 12037 32239467 0 0 4 0 0 0 27184 0 77746 
0 12038 32239468 0 0 6 0 0 0 27188 0 77750 
0 12039 32239469 0 0 6 0 0 0 27194 0 77756 
0 12040 32239470 0 0 6 0 0 0 27200 0 77762 
0 12041 32239471 0 0 6 0 0 0 27206 0 77768 
0 12042 32239478 0 0 5 0 0 0 27212 0 77774 
0 12043 32239479 0 0 5 0 0 0 27217 0 77779 
0 12044 32239486 0 0 6 0 0 0 27152 0 77784 
0 12045 32239487 0 0 6 0 0 0 27227 0 77790 
0 12046 32239614 0 0 3 0 0 0 27233 0 77796 
0 12047 32239615 0 0 3 0 0 0 27236 0 77799 
0 12048 32242910 0 0 3 0 0 0 27239 0 77802 
0 12049 32242911 0 0 3 0 0 0 27242 0 77805 
0 12050 32242920 0 0 3 0 0 0 27245 0 77808 
0 12051 32242921 0 0 8 0 0 0 27248 0 77811 
0 12052 32242923 0 0 5 0 0 0 27256 0 77819 
0 12053 32242924 0 0 5 0 0 0 27261 0 77824 
0 12054 32242925 0 0 8 0 0 0 27266 0 77829 
0 12055 32242927 0 0 5 0 0 0 27274 0 77837 
0 12056 32242936 0 0 7 0 0 0 26842 0 77842 
0 12057 32242937 0 0 7 0 0 0 26532 0 77849 
0 12058 32242938 0 0 8 0 0 0 26539 0 77856 
0 12059 32242939 0 0 8 0 0 0 26547 0 77864 
0 12060 32242942 0 0 7 0 0 0 26555 0 77872 
0 12061 32242943 0 0 7 0 0 0 26562 0 77879 
0 12062 32243192 0 0 4 0 0 0 26569 0 77886 
0 12063 32243193 0 0 5 0 0 0 26573 0 77890 
0 12064 32243195 0 0 5 0 0 0 26578 0 77895 
0 12065 32243199 0 0 4 0 0 0 26583 0 77900 
0 12066 32243276 0 0 5 0 0 0 26587 0 77904 
0 12067 32243277 0 0 6 0 0 0 26592 0 77909 
0 12068 32243279 0 0 5 0 0 0 26527 0 77915 
0 12069 32243283 0 0 5 0 0 0 26603 0 77920 
0 12070 32243286 0 0 5 0 0 0 26608 0 77925 
0 12071 32243287 0 0 5 0 0 0 26613 0 77930 
0 12072 32243291 0 0 5 0 0 0 26618 0 77935 
0 12073 32243292 0 0 8 0 0 0 26623 0 77940 
0 12074 32243293 0 0 8 0 0 0 26631 0 77948 
0 12075 32243294 0 0 8 0 0 0 26639 0 77956 
0 12076 32243295 0 0 8 0 0 0 26647 0 77964 
0 12077 32243313 0 0 4 0 0 0 26655 0 77972 
0 12078 32243315 0 0 7 0 0 0 26659 0 77976 
0 12079 32243316 0 0 7 0 0 0 26666 0 77983 
0 12080 32243317 0 0 8 0 0 0 26448 0 77990 
0 12081 32243319 0 0 7 0 0 0 26375 0 77998 
0 12082 32243321 0 0 4 0 0 0 26382 0 78005 
0 12083 32243323 0 0 7 0 0 0 26386 0 78009 
0 12084 32243324 0 0 7 0 0 0 26393 0 78016 
0 12085 32243325 0 0 8 0 0 0 26400 0 78023 
0 12086 32243327 0 0 7 0 0 0 26408 0 78031 
0 12087 32243418 0 0 6 0 0 0 26415 0 78038 
0 12088 32243419 0 0 6 0 0 0 26421 0 78044 
0 12089 32243422 0 0 5 0 0 0 26427 0 78050 
0 12090 32243423 0 0 5 0 0 0 26432 0 78055 
0 12091 32243432 0 0 3 0 0 0 26437 0 78060 
0 12092 32243433 0 0 8 0 0 0 26440 0 78063 
0 12093 32243435 0 0 5 0 0 0 26370 0 78071 
0 12094 32243436 0 0 5 0 0 0 26456 0 78076 
0 12095 32243437 0 0 8 0 0 0 26461 0 78081 
0 12096 32243439 0 0 5 0 0 0 26469 0 78089 
0 12097 32243448 0 0 7 0 0 0 26474 0 78094 
0 12098 32243449 0 0 7 0 0 0 26481 0 78101 
0 12099 32243450 0 0 8 0 0 0 26488 0 78108 
0 12100 32243451 0 0 8 0 0 0 26496 0 78116 
0 12101 32243454 0 0 7 0 0 0 26504 0 78124 
0 12102 32243455 0 0 7 0 0 0 26511 0 78131 
0 12103 32243704 0 0 4 0 0 0 26518 0 78138 
0 12104 32243705 0 0 5 0 0 0 26522 0 78142 
0 12105 32243707 0 0 5 0 0 0 26598 0 78147 
0 12106 32243711 0 0 4 0 0 0 26788 0 78152 
0 12107 32505054 0 0 3 0 0 0 26792 0 78156 
0 12108 32505055 0 0 3 0 0 0 26795 0 78159 
0 12109 32505057 0 0 5 0 0 0 26798 0 78162 
0 12110 32505059 0 0 7 0 0 0 26803 0 78167 
0 12111 32505062 0 0 4 0 0 0 26810 0 78174 
0 12112 32505063 0 0 6 0 0 0 26814 0 78178 
0 12113 32505066 0 0 6 0 0 0 26820 0 78184 
0 12114 32505067 0 0 6 0 0 0 26826 0 78190 
0 12115 32505068 0 0 5 0 0 0 26832 0 78196 
0 12116 32505069 0 0 5 0 0 0 26837 0 78201 
0 12117 32505070 0 0 7 0 0 0 26781 0 78206 
0 12118 32505071 0 0 7 0 0 0 26849 0 78213 
0 12119 32505086 0 0 5 0 0 0 26856 0 78220 
0 12120 32505087 0 0 5 0 0 0 26861 0 78225 
0 12121 32505291 0 0 4 0 0 0 26866 0 78230 
0 12122 32505292 0 0 6 0 0 0 26870 0 78234 
0 12123 32505293 0 0 7 0 0 0 26876 0 78240 
0 12124 32505295 0 0 6 0 0 0 26883 0 78247 
0 12125 32505304 0 0 3 0 0 0 26889 0 78253 
0 12126 32505305 0 0 6 0 0 0 26892 0 78256 
0 12127 32505306 0 0 7 0 0 0 26898 0 78262 
0 12128 32505307 0 0 7 0 0 0 26905 0 78269 
0 12129 32505310 0 0 6 0 0 0 26733 0 78276 
0 12130 32505311 0 0 6 0 0 0 26677 0 78282 
0 12131 32505336 0 0 5 0 0 0 26683 0 78288 
0 12132 32505337 0 0 6 0 0 0 26688 0 78293 
0 12133 32505339 0 0 6 0 0 0 26694 0 78299 
0 12134 32505343 0 0 5 0 0 0 26700 0 78305 
0 12135 32505795 0 0 3 0 0 0 26705 0 78310 
0 12136 32505799 0 0 5 0 0 0 26708 0 78313 
0 12137 32505803 0 0 5 0 0 0 26713 0 78318 
0 12138 32505804 0 0 4 0 0 0 26718 0 78323 
0 12139 32505805 0 0 5 0 0 0 26722 0 78327 
0 12140 32505807 0 0 6 0 0 0 26727 0 78332 
0 12141 32505822 0 0 4 0 0 0 26673 0 78338 
0 12142 32505823 0 0 5 0 0 0 26739 0 78342 
0 12143 32505855 0 0 4 0 0 0 26744 0 78347 
0 12144 33148158 0 0 2 0 0 0 26748 0 78351 
0 12145 33148159 0 0 2 0 0 0 26750 0 78353 
0 12146 33148282 0 0 4 0 0 0 26752 0 78355 
0 12147 33148283 0 0 4 0 0 0 26756 0 78359 
0 12148 33148284 0 0 3 0 0 0 26760 0 78363 
0 12149 33148285 0 0 3 0 0 0 26763 0 78366 
0 12150 33148286 0 0 6 0 0 0 26766 0 78369 
0 12151 33148287 0 0 6 0 0 0 26772 0 78375 
0 12152 33148414 0 0 3 0 0 0 26778 0 78381 
0 12153 33148415 0 0 3 0 0 0 27369 0 78384 
0 12154 33148717 0 0 5 0 0 0 27958 0 78387 
0 12155 33148719 0 0 7 0 0 0 27963 0 78392 
0 12156 33148735 0 0 5 0 0 0 27970 0 78399 
0 12157 33148781 0 0 5 0 0 0 27975 0 78404 
0 12158 33148783 0 0 5 0 0 0 27980 0 78409 
0 12159 33148790 0 0 5 0 0 0 27985 0 78414 
0 12160 33148791 0 0 7 0 0 0 27990 0 78419 
0 12161 33148798 0 0 6 0 0 0 27997 0 78426 
0 12162 33148799 0 0 6 0 0 0 28003 0 78432 
0 12163 33148909 0 0 3 0 0 0 28009 0 78438 
0 12164 33148911 0 0 5 0 0 0 28012 0 78441 
0 12165 33148926 0 0 5 0 0 0 27953 0 78446 
0 12166 33148927 0 0 5 0 0 0 28025 0 78451 
0 12167 33150580 0 0 1 0 0 0 28030 0 78456 
0 12168 33150581 0 0 3 0 0 0 28031 0 78457 
0 12169 33150583 0 0 6 0 0 0 28034 0 78460 
0 12170 33150591 0 0 4 0 0 0 28040 0 78466 
0 12171 33150642 0 0 1 0 0 0 28044 0 78470 
0 12172 33150643 0 0 3 0 0 0 28045 0 78471 
0 12173 33150646 0 0 4 0 0 0 28048 0 78474 
0 12174 33150647 0 0 8 0 0 0 28052 0 78478 
0 12175 33150654 0 0 5 0 0 0 28060 0 78486 
0 12176 33150655 0 0 5 0 0 0 28065 0 78491 
0 12177 33150710 0 0 2 0 0 0 27891 0 78496 
0 12178 33150711 0 0 4 0 0 0 27833 0 78498 
0 12179 33150714 0 0 5 0 0 0 27837 0 78502 
0 12180 33150715 0 0 5 0 0 0 27842 0 78507 
0 12181 33150716 0 0 4 0 0 0 27847 0 78512 
0 12182 33150717 0 0 4 0 0 0 27851 0 78516 
0 12183 33150718 0 0 8 0 0 0 27855 0 78520 
0 12184 33150719 0 0 8 0 0 0 27863 0 78528 
0 12185 33150899 0 0 2 0 0 0 27871 0 78536 
0 12186 33150903 0 0 4 0 0 0 27873 0 78538 
0 12187 33150905 0 0 8 0 0 0 27877 0 78542 
0 12188 33150907 0 0 6 0 0 0 27885 0 78550 
0 12189 33150908 0 0 6 0 0 0 27827 0 78556 
0 12190 33150909 0 0 8 0 0 0 27893 0 78562 
0 12191 33150911 0 0 6 0 0 0 27901 0 78570 
0 12192 33150967 0 0 2 0 0 0 27907 0 78576 
0 12193 33150969 0 0 8 0 0 0 27909 0 78578 
0 12194 33150971 0 0 6 0 0 0 27917 0 78586 
0 12195 33150972 0 0 6 0 0 0 27923 0 78592 
0 12196 33150973 0 0 8 0 0 0 27929 0 78598 
0 12197 33150975 0 0 6 0 0 0 27937 0 78606 
0 12198 33152766 0 0 3 0 0 0 27943 0 78612 
0 12199 33152767 0 0 3 0 0 0 27946 0 78615 
0 12200 33152825 0 0 4 0 0 0 27949 0 78618 
0 12201 33152827 0 0 8 0 0 0 28017 0 78622 
0 12202 33152831 0 0 7 0 0 0 28193 0 78630 
0 12203 33152890 0 0 5 0 0 0 28200 0 78637 
0 12204 33152891 0 0 5 0 0 0 28205 0 78642 
0 12205 33152892 0 0 4 0 0 0 28210 0 78647 
0 12206 33152893 0 0 4 0 0 0 28214 0 78651 
0 12207 33152894 0 0 8 0 0 0 28218 0 78655 
0 12208 33152895 0 0 8 0 0 0 28226 0 78663 
0 12209 33153022 0 0 4 0 0 0 28234 0 78671 
0 12210 33153023 0 0 4 0 0 0 28238 0 78675 
0 12211 33158119 0 0 4 0 0 0 28242 0 78679 
0 12212 33158125 0 0 4 0 0 0 28246 0 78683 
0 12213 33158127 0 0 5 0 0 0 28188 0 78687 
0 12214 33158143 0 0 4 0 0 0 28254 0 78692 
0 12215 33159021 0 0 7 0 0 0 28258 0 78696 
0 12216 33159023 0 0 7 0 0 0 28265 0 78703 
0 12217 33159028 0 0 2 0 0 0 28272 0 78710 
0 12218 33159029 0 0 3 0 0 0 28274 0 78712 
0 12219 33159030 0 0 7 0 0 0 28277 0 78715 
0 12220 33159031 0 0 7 0 0 0 28284 0 78722 
0 12221 33159038 0 0 6 0 0 0 28291 0 78729 
0 12222 33159039 0 0 6 0 0 0 28297 0 78735 
0 12223 33159084 0 0 2 0 0 0 28303 0 78741 
0 12224 33159085 0 0 3 0 0 0 28305 0 78743 
0 12225 33159086 0 0 8 0 0 0 28129 0 78746 
0 12226 33159087 0 0 8 0 0 0 28073 0 78754 
0 12227 33159102 0 0 5 0 0 0 28081 0 78762 
0 12228 33159103 0 0 5 0 0 0 28086 0 78767 
0 12229 33159150 0 0 5 0 0 0 28091 0 78772 
0 12230 33159151 0 0 5 0 0 0 28096 0 78777 
0 12231 33159158 0 0 4 0 0 0 28101 0 78782 
0 12232 33159159 0 0 4 0 0 0 28105 0 78786 
0 12233 33159166 0 0 7 0 0 0 28109 0 78790 
0 12234 33159167 0 0 7 0 0 0 28116 0 78797 
0 12235 33161214 0 0 3 0 0 0 28123 0 78804 
0 12236 33161215 0 0 3 0 0 0 28126 0 78807 
0 12237 33283576 0 0 3 0 0 0 28070 0 78810 
0 12238 33283577 0 0 4 0 0 0 28137 0 78813 
0 12239 33283579 0 0 4 0 0 0 28141 0 78817 
0 12240 33283583 0 0 3 0 0 0 28145 0 78821 
0 12241 33283806 0 0 4 0 0 0 28148 0 78824 
0 12242 33283807 0 0 4 0 0 0 28152 0 78828 
0 12243 33283817 0 0 5 0 0 0 28156 0 78832 
0 12244 33283819 0 0 5 0 0 0 28161 0 78837 
0 12245 33283820 0 0 4 0 0 0 28166 0 78842 
0 12246 33283821 0 0 7 0 0 0 28170 0 78846 
0 12247 33283822 0 0 4 0 0 0 28177 0 78853 
0 12248 33283823 0 0 7 0 0 0 28181 0 78857 
0 12249 33283833 0 0 6 0 0 0 27794 0 78864 
0 12250 33283834 0 0 7 0 0 0 27560 0 78870 
0 12251 33283835 0 0 7 0 0 0 27567 0 78877 
0 12252 33283838 0 0 6 0 0 0 27574 0 78884 
0 12253 33283839 0 0 6 0 0 0 27580 0 78890 
0 12254 33284062 0 0 4 0 0 0 27586 0 78896 
0 12255 33284063 0 0 4 0 0 0 27590 0 78900 
0 12256 33284088 0 0 5 0 0 0 27594 0 78904 
0 12257 33284089 0 0 6 0 0 0 27599 0 78909 
0 12258 33284091 0 0 6 0 0 0 27605 0 78915 
0 12259 33284095 0 0 5 0 0 0 27611 0 78921 
0 12260 33288015 0 0 4 0 0 0 27616 0 78926 
0 12261 33288022 0 0 5 0 0 0 27555 0 78930 
0 12262 33288023 0 0 8 0 0 0 27624 0 78935 
0 12263 33288030 0 0 6 0 0 0 27632 0 78943 
0 12264 33288031 0 0 6 0 0 0 27638 0 78949 
0 12265 33288052 0 0 2 0 0 0 27644 0 78955 
0 12266 33288053 0 0 6 0 0 0 27646 0 78957 
0 12267 33288055 0 0 6 0 0 0 27652 0 78963 
0 12268 33288063 0 0 4 0 0 0 27658 0 78969 
0 12269 33288143 0 0 5 0 0 0 27662 0 78973 
0 12270 33288158 0 0 5 0 0 0 27667 0 78978 
0 12271 33288159 0 0 5 0 0 0 27672 0 78983 
0 12272 33288163 0 0 5 0 0 0 27677 0 78988 
0 12273 33288167 0 0 7 0 0 0 27499 0 78993 
0 12274 33288170 0 0 3 0 0 0 27433 0 79000 
0 12275 33288171 0 0 6 0 0 0 27436 0 79003 
0 12276 33288172 0 0 5 0 0 0 27442 0 79009 
0 12277 33288173 0 0 5 0 0 0 27447 0 79014 
0 12278 33288174 0 0 8 0 0 0 27452 0 79019 
0 12279 33288175 0 0 8 0 0 0 27460 0 79027 
0 12280 33288190 0 0 5 0 0 0 27468 0 79035 
0 12281 33288191 0 0 5 0 0 0 27473 0 79040 
0 12282 33292239 0 0 4 0 0 0 27478 0 79045 
0 12283 33292249 0 0 3 0 0 0 27482 0 79049 
0 12284 33292250 0 0 7 0 0 0 27485 0 79052 
0 12285 33292251 0 0 7 0 0 0 27492 0 79059 
0 12286 33292254 0 0 6 0 0 0 27427 0 79066 
0 12287 33292255 0 0 6 0 0 0 27506 0 79072 
0 12288 33292280 0 0 5 0 0 0 27512 0 79078 
0 12289 33292281 0 0 6 0 0 0 27517 0 79083 
0 12290 33292283 0 0 6 0 0 0 27523 0 79089 
0 12291 33292287 0 0 5 0 0 0 27529 0 79095 
0 12292 33554375 0 0 2 0 0 0 27534 0 79100 
0 12293 33554379 0 0 4 0 0 0 27536 0 79102 
0 12294 33554380 0 0 3 0 0 0 27540 0 79106 
0 12295 33554381 0 0 4 0 0 0 27543 0 79109 
0 12296 33554383 0 0 5 0 0 0 27547 0 79113 
0 12297 33554398 0 0 3 0 0 0 27552 0 79118 
0 12298 33554399 0 0 4 0 0 0 27620 0 79121 
0 12299 33554431 0 0 3 0 0 0 27760 0 79125 
0 12300 66059486 0 0 2 0 0 0 27763 0 79128 
0 12301 66059487 0 0 2 0 0 0 27765 0 79130 
0 12302 66059499 0 0 3 0 0 0 27767 0 79132 
0 12303 66059500 0 0 2 0 0 0 27770 0 79135 
0 12304 66059501 0 0 4 0 0 0 27772 0 79137 
0 12305 66059503 0 0 4 0 0 0 27776 0 79141 
0 12306 66059518 0 0 4 0 0 0 27780 0 79145 
0 12307 66059519 0 0 4 0 0 0 27784 0 79149 
0 12308 66059771 0 0 3 0 0 0 27788 0 79153 
0 12309 66059775 0 0 3 0 0 0 27791 0 79156 
0 12310 66060287 0 0 2 0 0 0 27758 0 79159 
0 12311 66568140 0 0 1 0 0 0 27800 0 79161 
0 12312 66568141 0 0 3 0 0 0 27801 0 79162 
0 12313 66568143 0 0 4 0 0 0 27804 0 79165 
0 12314 66568158 0 0 2 0 0 0 27808 0 79169 
0 12315 66568159 0 0 3 0 0 0 27810 0 79171 
0 12316 66568191 0 0 2 0 0 0 27813 0 79174 
0 12317 66575865 0 0 3 0 0 0 27815 0 79176 
0 12318 66575867 0 0 3 0 0 0 27818 0 79179 
0 12319 66575871 0 0 2 0 0 0 27821 0 79182 
0 12320 66576094 0 0 2 0 0 0 27823 0 79184 
0 12321 66576095 0 0 2 0 0 0 27825 0 79186 
0 12322 66576107 0 0 2 0 0 0 27728 0 79188 
0 12323 66576108 0 0 1 0 0 0 27686 0 79190 
0 12324 66576109 0 0 4 0 0 0 27687 0 79191 
0 12325 66576111 0 0 5 0 0 0 27691 0 79195 
0 12326 66576126 0 0 4 0 0 0 27696 0 79200 
0 12327 66576127 0 0 4 0 0 0 27700 0 79204 
0 12328 66576377 0 0 5 0 0 0 27704 0 79208 
0 12329 66576379 0 0 5 0 0 0 27709 0 79213 
0 12330 66576383 0 0 4 0 0 0 27714 0 79218 
0 12331 66584525 0 0 2 0 0 0 27718 0 79222 
0 12332 66584527 0 0 5 0 0 0 27720 0 79224 
0 12333 66584542 0 0 3 0 0 0 27725 0 79229 
0 12334 66584543 0 0 4 0 0 0 27682 0 79232 
0 12335 66584575 0 0 3 0 0 0 27730 0 79236 
0 12336 67108094 0 0 3 0 0 0 27733 0 79239 
0 12337 67108095 0 0 3 0 0 0 27736 0 79242 
0 12338 67108347 0 0 4 0 0 0 27739 0 79245 
0 12339 67108351 0 0 4 0 0 0 27743 0 79249 
0 12340 67108863 0 0 3 0 0 0 27747 0 79253 
0 12341 134201310 0 0 1 0 0 0 27750 0 79256 
0 12342 134201311 0 0 2 0 0 0 27751 0 79257 
0 12343 134201343 0 0 2 0 0 0 27753 0 79259 
0 12344 134217727 0 0 2 0 0 0 27755 0 79261 
0 12345 268435455 0 0 1 0 0 0 27757 0 79263 
